$MeshFormat
4.1 0 8
$EndMeshFormat
$PhysicalNames
8
2 7 "port"
2 8 "wall"
3 1 "air"
3 2 "stirrer"
3 3 "bowl"
3 4 "glass"
3 5 "mass_skin"
3 6 "mass_filling"
$EndPhysicalNames
$Entities
56 90 53 18
17 0.185 0.175 0.235 0 
18 0.185 0.175 0.24 0 
19 0.165 0.175 0.235 0 
20 0.185 0.09499999999999999 0.235 0 
21 0.165 0.09499999999999999 0.235 0 
22 0.165 0.255 0.235 0 
23 0.185 0.255 0.235 0 
24 0.185 0.255 0.23 0 
25 0.185 0.09499999999999999 0.23 0 
26 0.165 0.09499999999999999 0.23 0 
27 0.165 0.255 0.23 0 
28 0 0 0.25 0 
29 0 0 0 0 
30 0 0.35 0.25 0 
31 0 0.35 0 0 
32 0.35 0 0 0 
33 0.35 0 0.25 0 
34 0.35 0.35 0.25 0 
35 0.35 0.35 0 0 
36 0.35 0.132 0.1465 0 
37 0.35 0.132 0.1035 0 
38 0.35 0.218 0.1035 0 
39 0.35 0.218 0.1465 0 
40 0.45 0.132 0.1035 0 
41 0.45 0.132 0.1465 0 
42 0.45 0.218 0.1035 0 
43 0.45 0.218 0.1465 0 
44 0.255 0.175 0.03 0 
45 0.255 0.175 0.01 0 
46 0.1566240016542739 0.1927465085852432 0.05839287407950362 0 
47 0.1498689351194009 0.1927465085852432 0.06 0 
48 0.1566240016542739 0.1927465085852432 0.03160712592049638 0 
49 0.1498689351194009 0.1927465085852432 0.03 0 
50 0.1747774996994599 0.1902746467153131 0.0541747346170378 0 
51 0.1629105605529517 0.1902746467153131 0.06 0 
52 0.1747774996994599 0.1902746467153131 0.0358252653829622 0 
53 0.1629105605529517 0.1902746467153131 0.03 0 
54 0.1744242989324524 0.1784129649658682 0.06 0 
55 0.1744242989324524 0.1784129649658682 0.03 0 
56 0.1518316542342036 0.1927465085852432 0.0351945049244626 0 
57 0.1518316542342036 0.1927465085852432 0.05480549507553741 0 
58 0.1498689351194009 0.1927465085852432 0.055 0 
59 0.1498689351194009 0.1927465085852432 0.035 0 
60 0.1614163490743441 0.1927465085852432 0.05457377830081641 0 
61 0.1614163490743441 0.1927465085852432 0.03542622169918358 0 
62 0.1566240016542739 0.1927465085852432 0.03762646108646331 0 
63 0.1566240016542739 0.1927465085852432 0.05237353891353669 0 
64 0.1693492019615787 0.1902746467153131 0.05265139835658257 0 
65 0.1629105605529517 0.1902746467153131 0.055 0 
66 0.1693492019615787 0.1902746467153131 0.03734860164341742 0 
67 0.1629105605529517 0.1902746467153131 0.035 0 
68 0.1645588262164381 0.1897121883059733 0.045 0 
69 0.1648872693963462 0.175405463074358 0.045 0 
70 0.1744242989324524 0.1784129649658682 0.055 0 
71 0.1744242989324524 0.1784129649658682 0.035 0 
72 0.1646284573701032 0.180423310231078 0.045 0 
25 0.1849999 0.1749999 0.2349999 0.1850001 0.1750001 0.2400001 0 2 17 -18 
26 0.1649999 0.1649999 0.2349999 0.1850001 0.1750001 0.2350001 0 2 19 -17 
27 0.1649999 0.1749999 0.2349999 0.1850001 0.1850001 0.2350001 0 2 17 -19 
28 0.1649999 0.1649999 0.2399999 0.1850001 0.1850001 0.2400001 0 2 18 -18 
29 0.1849999 0.09499989999999998 0.2349999 0.1850001 0.1750001 0.2350001 0 2 17 -20 
30 0.1649999 0.09499989999999998 0.2349999 0.1850001 0.09500009999999999 0.2350001 0 2 20 -21 
31 0.1649999 0.09499989999999998 0.2349999 0.1650001 0.1750001 0.2350001 0 2 19 -21 
32 0.1649999 0.1749999 0.2349999 0.1650001 0.2550001 0.2350001 0 2 19 -22 
33 0.1649999 0.2549999 0.2349999 0.1850001 0.2550001 0.2350001 0 2 22 -23 
34 0.1849999 0.1749999 0.2349999 0.1850001 0.2550001 0.2350001 0 2 17 -23 
35 0.1849999 0.2549999 0.2299999 0.1850001 0.2550001 0.2350001 0 2 24 -23 
36 0.1849999 0.09499989999999998 0.2299999 0.1850001 0.2550001 0.2300001 0 2 25 -24 
37 0.1849999 0.09499989999999998 0.2299999 0.1850001 0.09500009999999999 0.2350001 0 2 25 -20 
38 0.1649999 0.09499989999999998 0.2299999 0.1850001 0.09500009999999999 0.2300001 0 2 25 -26 
39 0.1649999 0.09499989999999998 0.2299999 0.1650001 0.09500009999999999 0.2350001 0 2 26 -21 
40 0.1649999 0.2549999 0.2299999 0.1650001 0.2550001 0.2350001 0 2 27 -22 
41 0.1649999 0.09499989999999997 0.2299999 0.1650001 0.2550001 0.2300001 0 2 27 -26 
42 0.1649999 0.2549999 0.2299999 0.1850001 0.2550001 0.2300001 0 2 27 -24 
43 -1e-07 -1e-07 -1.000000000028756e-07 1e-07 1e-07 0.2500001 0 2 29 -28 
44 -1e-07 -1.000000000028756e-07 0.2499999 1e-07 0.3500001 0.2500001 0 2 28 -30 
45 -1e-07 0.3499999 -1.000000000028756e-07 1e-07 0.3500001 0.2500001 0 2 31 -30 
46 -1e-07 -1.000000000028756e-07 -1e-07 1e-07 0.3500001 1e-07 0 2 29 -31 
47 -1.000000000028756e-07 -1e-07 -1e-07 0.3500001 1e-07 1e-07 0 2 29 -32 
48 0.3499999 -1e-07 -1.000000000028756e-07 0.3500001 1e-07 0.2500001 0 2 32 -33 
49 -1.000000000028756e-07 -1e-07 0.2499999 0.3500001 1e-07 0.2500001 0 2 28 -33 
50 -1.000000000028756e-07 0.3499999 0.2499999 0.3500001 0.3500001 0.2500001 0 2 30 -34 
51 0.3499999 -1.000000000028756e-07 0.2499999 0.3500001 0.3500001 0.2500001 0 2 33 -34 
52 -1.000000000028756e-07 0.3499999 -1e-07 0.3500001 0.3500001 1e-07 0 2 31 -35 
53 0.3499999 0.3499999 -1.000000000028756e-07 0.3500001 0.3500001 0.2500001 0 2 35 -34 
54 0.3499999 -1.000000000028756e-07 -1e-07 0.3500001 0.3500001 1e-07 0 2 32 -35 
55 0.3499999 0.1319999 0.1034999 0.3500001 0.1320001 0.1465001 0 2 37 -36 
56 0.3499999 0.1319999 0.1034999 0.3500001 0.2180001 0.1035001 0 2 37 -38 
57 0.3499999 0.2179999 0.1034999 0.3500001 0.2180001 0.1465001 0 2 38 -39 
58 0.3499999 0.1319999 0.1464999 0.3500001 0.2180001 0.1465001 0 2 36 -39 
59 0.3499999 0.1319999 0.1034999 0.4500001 0.1320001 0.1035001 0 2 37 -40 
60 0.4499999 0.1319999 0.1034999 0.4500001 0.1320001 0.1465001 0 2 40 -41 
61 0.3499999 0.1319999 0.1464999 0.4500001 0.1320001 0.1465001 0 2 36 -41 
62 0.3499999 0.2179999 0.1034999 0.4500001 0.2180001 0.1035001 0 2 38 -42 
63 0.4499999 0.1319999 0.1034999 0.4500001 0.2180001 0.1035001 0 2 40 -42 
64 0.4499999 0.2179999 0.1034999 0.4500001 0.2180001 0.1465001 0 2 42 -43 
65 0.3499999 0.2179999 0.1464999 0.4500001 0.2180001 0.1465001 0 2 39 -43 
66 0.4499999 0.1319999 0.1464999 0.4500001 0.2180001 0.1465001 0 2 41 -43 
67 0.09499989999999998 0.09499989999999998 0.0299999 0.2550001 0.2550001 0.0300001 0 2 44 -44 
68 0.2549999 0.1749999 0.009999900000000001 0.2550001 0.1750001 0.0300001 0 2 45 -44 
69 0.09499989999999998 0.09499989999999998 0.009999900000000001 0.2550001 0.2550001 0.0100001 0 2 45 -45 
70 0.1498688351194009 0.1927464085852432 0.05839277407950361 0.1566241016542739 0.1927466085852432 0.0600001 0 2 46 -47 
71 0.1538846371156042 0.1782939577782938 0.03154807944526702 0.1566241016542739 0.1927466085852433 0.05845192055473298 0 2 46 -48 
72 0.1498688351194009 0.1927464085852432 0.0299999 0.1566241016542739 0.1927466085852432 0.03160722592049638 0 2 49 -48 
73 0.1498688351194009 0.1927464085852432 0.0299999 0.1498690351194009 0.1927466085852432 0.0300001 0 2 49 -49 
74 0.1566239016542739 0.1927464085852433 0.03160702592049639 0.1588948585567485 0.2047271975222624 0.05839297407950361 0 2 48 -46 
75 0.1498688351194009 0.1927464085852432 0.05999989999999999 0.1498690351194009 0.1927466085852432 0.0600001 0 2 47 -47 
76 0.1629104605529517 0.1902745467153131 0.05417463461703779 0.1747775996994599 0.1902747467153131 0.0600001 0 2 50 -51 
77 0.1596854862815029 0.1756253303216457 0.03248256866896842 0.1747775996994591 0.1902747467153122 0.05751743133103158 0 2 52 -50 
78 0.1629104605529517 0.1902745467153131 0.0299999 0.1747775996994599 0.1902747467153131 0.0358253653829622 0 2 53 -52 
79 0.1629104605529517 0.1902745467153131 0.0299999 0.1629106605529518 0.1902747467153131 0.0300001 0 2 53 -53 
80 0.1747773747063738 0.190274521722227 0.03582514038987583 0.1776493981969866 0.1930623063526208 0.05417485961012417 0 2 50 -52 
81 0.1629104605529517 0.1902745467153131 0.05999989999999999 0.1629106605529518 0.1902747467153131 0.0600001 0 2 51 -51 
82 0.1744241989324524 0.1784128649658682 0.0299999 0.1894243989324524 0.1784130649658682 0.0600001 0 2 55 -54 
83 0.1744241989324524 0.1784128649658682 0.0299999 0.1744243989324524 0.1784130649658682 0.0300001 0 2 55 -55 
84 0.1744241989324524 0.1784128649658682 0.05999989999999999 0.1744243989324524 0.1784130649658682 0.0600001 0 2 54 -54 
85 0.1518315523518808 0.1927464067029204 0.03519440304213978 0.1535909491146614 0.2020281712319832 0.05480559695786021 0 2 56 -57 
86 0.1499362117376873 0.1827466135083317 0.03518757309210983 0.1518317764437945 0.1927466307948341 0.05481242690789016 0 2 57 -56 
87 0.1498688351194009 0.1927464085852432 0.0548053950755374 0.1518317542342036 0.1927466085852432 0.0550001 0 2 57 -58 
88 0.1498688351194009 0.1927464085852432 0.03499989999999999 0.1518317542342036 0.1927466085852432 0.0351946049244626 0 2 59 -56 
89 0.1498688351194009 0.1927464085852432 0.03499989999999999 0.1498690351194009 0.1927466085852432 0.0350001 0 2 59 -59 
90 0.1498688351194009 0.1927464085852432 0.0549999 0.1498690351194009 0.1927466085852432 0.0550001 0 2 58 -58 
91 0.1566239016542739 0.1927464085852432 0.05457367830081641 0.1614164490743441 0.1927466085852432 0.05839297407950362 0 2 60 -46 
92 0.1591885484400141 0.1809929859508959 0.03518759530170073 0.1614164490743442 0.1927466085852436 0.05481240469829927 0 2 60 -61 
93 0.1566239016542739 0.1927464085852432 0.03160702592049638 0.1614164490743441 0.1927466085852432 0.03542632169918357 0 2 48 -61 
94 0.1614162490743442 0.1927464085852436 0.03542612169918368 0.1628432617250745 0.2002745195826337 0.05457387830081632 0 2 61 -60 
95 0.1566238984741417 0.1927464054051112 0.03762635790633111 0.1577827970733605 0.1988599105532371 0.05237364209366889 0 2 62 -63 
96 0.1549967017791244 0.1841612479274514 0.03751982805938762 0.1566241016542739 0.1927466085852435 0.05248017194061238 0 2 63 -62 
97 0.1518315542342036 0.1927464085852432 0.0351944049244626 0.1566241016542739 0.1927466085852432 0.03762656108646331 0 2 56 -62 
98 0.1518315542342036 0.1927464085852432 0.05237343891353669 0.1566241016542739 0.1927466085852432 0.0548055950755374 0 2 63 -57 
99 0.1629104605529517 0.1902745467153131 0.05265129835658257 0.1693493019615787 0.1902747467153131 0.0550001 0 2 64 -65 
100 0.1596204122607939 0.1808312317828773 0.0360618175598425 0.1693493260981336 0.1902747708518681 0.05393818244015749 0 2 66 -64 
101 0.1629104605529517 0.1902745467153131 0.03499989999999999 0.1693493019615787 0.1902747467153131 0.03734870164341742 0 2 67 -66 
102 0.1629104605529517 0.1902745467153131 0.03499989999999999 0.1629106605529518 0.1902747467153131 0.0350001 0 2 67 -67 
103 0.169349101961578 0.1902745467153124 0.03734850164341681 0.172447690089058 0.1932822486068233 0.05265149835658319 0 2 64 -66 
104 0.1629104605529517 0.1902745467153131 0.0549999 0.1629106605529518 0.1902747467153131 0.0550001 0 2 65 -65 
105 0.1614162490743441 0.1927464085852432 0.03542612169918356 0.1648690351194009 0.1927466085852432 0.05457387830081641 0 2 61 -60 
106 0.1597343078354153 0.181447185245138 0.04021493303772751 0.1645589262164381 0.1897122883059733 0.04978506696227249 0 2 68 -68 
107 0.1566239016542739 0.1927464085852432 0.03762636108646331 0.159869035119401 0.1927466085852432 0.05237363891353669 0 2 62 -63 
108 0.1747773996994599 0.1902745467153131 0.0358251653829622 0.1779106605529517 0.1902747467153131 0.05417483461703779 0 2 52 -50 
109 0.1648871498334927 0.1754053435115046 0.03606182213354471 0.1777144426509081 0.1878563753246018 0.05393817786645529 0 2 69 -69 
110 0.1744241989324524 0.1784128649658682 0.03499989999999999 0.1844243989324524 0.1784130649658682 0.0550001 0 2 71 -70 
111 0.1744241989324524 0.1784128649658682 0.03499989999999999 0.1744243989324524 0.1784130649658682 0.0350001 0 2 71 -71 
112 0.1744241989324524 0.1784128649658682 0.0549999 0.1744243989324524 0.1784130649658682 0.0550001 0 2 70 -70 
113 0.1693491019615787 0.1902745467153131 0.03734850164341742 0.1729106605529518 0.1902747467153131 0.05265149835658257 0 2 66 -64 
114 0.1646283493413387 0.1804232022023135 0.03937107471973186 0.1727065101440655 0.1882644094788678 0.05062892528026814 0 2 72 -72 
12 0.1649999 0.1649999 0.2349999 0.1850001 0.1850001 0.2400001 2 8 8 5 25 -28 -25 27 26 
13 0.1649999 0.09499989999999998 0.2349999 0.1850001 0.1750001 0.2350001 2 8 8 4 -29 -26 31 -30 
14 0.1649999 0.1749999 0.2349999 0.1850001 0.2550001 0.2350001 2 8 8 4 -32 -27 34 -33 
15 0.1649999 0.1649999 0.2399999 0.1850001 0.1850001 0.2400001 2 8 8 1 28 
16 0.1849999 0.09499989999999998 0.2299999 0.1850001 0.2550001 0.2350001 2 8 8 5 -29 34 -35 -36 37 
17 0.1649999 0.09499989999999998 0.2299999 0.1850001 0.09500009999999999 0.2350001 2 8 8 4 -38 37 30 -39 
18 0.1649999 0.09499989999999997 0.2299999 0.1650001 0.2550001 0.2350001 2 8 8 5 -31 32 -40 41 39 
19 0.1649999 0.2549999 0.2299999 0.1850001 0.2550001 0.2350001 2 8 8 4 -42 40 33 -35 
20 0.1649999 0.09499989999999997 0.2299999 0.1850001 0.2550001 0.2300001 2 8 8 4 36 -42 41 -38 
21 -1e-07 -1.000000000028756e-07 -1.000000000028756e-07 1e-07 0.3500001 0.2500001 1 8 4 -43 46 45 -44 
22 -1.000000000028756e-07 -1e-07 -1.000000000028756e-07 0.3500001 1e-07 0.2500001 1 8 4 -47 43 49 -48 
23 -1.000000000028756e-07 -1.000000000028756e-07 0.2499999 0.3500001 0.3500001 0.2500001 1 8 4 -44 49 51 -50 
24 -1.000000000028756e-07 0.3499999 -1.000000000028756e-07 0.3500001 0.3500001 0.2500001 1 8 4 -52 45 50 -53 
25 -1.000000000028756e-07 -1.000000000028756e-07 -1e-07 0.3500001 0.3500001 1e-07 1 8 4 -46 47 54 -52 
26 0.3499999 -1.000000000028756e-07 -1.000000000028756e-07 0.3500001 0.3500001 0.2500001 1 8 8 -48 54 53 -51 55 58 -57 -56 
27 0.3499999 0.1319999 0.1034999 0.4500001 0.1320001 0.1465001 1 8 4 -59 55 61 -60 
28 0.3499999 0.1319999 0.1034999 0.4500001 0.2180001 0.1035001 1 8 4 -56 59 63 -62 
29 0.3499999 0.2179999 0.1034999 0.4500001 0.2180001 0.1465001 1 8 4 -62 57 65 -64 
30 0.3499999 0.1319999 0.1464999 0.4500001 0.2180001 0.1465001 1 8 4 -58 61 66 -65 
31 0.4499999 0.1319999 0.1034999 0.4500001 0.2180001 0.1465001 1 7 4 -60 63 64 -66 
32 0.09499989999999998 0.09499989999999998 0.009999900000000001 0.2550001 0.2550001 0.0300001 1 8 4 -67 -68 69 68 
33 0.09499989999999998 0.09499989999999998 0.0299999 0.2550001 0.2550001 0.0300001 1 8 1 67 
34 0.09499989999999998 0.09499989999999998 0.009999900000000001 0.2550001 0.2550001 0.0100001 1 8 1 69 
35 0.134868835119401 0.1777464085852432 0.0299999 0.1648690351194009 0.2077466085852432 0.0600001 1 8 8 70 -75 -70 -74 -72 73 72 -71 
36 0.1479104605529518 0.1752745467153131 0.0299999 0.1779106605529517 0.2052747467153131 0.0600001 1 8 10 76 -81 -76 80 -78 79 78 77 74 71 
37 0.1594241989324524 0.1634128649658682 0.0299999 0.1894243989324524 0.1934130649658682 0.0600001 1 8 6 82 -84 -82 83 -80 -77 
38 0.1479104605529518 0.1782161945639356 0.03150405158207689 0.161204554971203 0.2047564620243235 0.05848800721726278 0 4 -71 -74 85 86 
39 0.1398688351194009 0.1827464085852432 0.03499989999999999 0.159869035119401 0.2027466085852432 0.0550001 0 8 87 -90 -87 -85 -88 89 88 -86 
40 0.1515668486473686 0.178259701581867 0.03150405158207614 0.1648690351194009 0.1927466085852437 0.05848800721726274 0 4 91 71 93 -92 
41 0.1538935464331248 0.1927464085852432 0.03160702592049638 0.1648690351194009 0.2047935309026092 0.05839297407950362 0 4 74 -91 -94 -93 
42 0.1529104605529517 0.1809735804335557 0.03518384592862239 0.1629034510206005 0.2002746754171429 0.05481318960242053 0 4 -92 -94 95 96 
43 0.1505915565005162 0.1927464085852432 0.0351944049244626 0.159869035119401 0.2020439774276324 0.0548055950755374 0 4 85 -98 -95 -97 
44 0.1498744065564057 0.1827464513593504 0.03518406323911151 0.159869035119401 0.1927466085852436 0.05481699984404617 0 4 98 86 97 -96 
45 0.1529104605529517 0.1802745467153131 0.03499989999999999 0.1729106605529518 0.2002747467153131 0.0550001 0 10 99 -104 -99 103 -101 102 101 100 94 92 
46 0.1594241989324524 0.175469659087648 0.03243068237146925 0.1779447663812057 0.1934130649658682 0.05756004010502484 0 4 77 80 -103 -100 
47 0.1567228023262738 0.1808635279623204 0.03511616405165056 0.1648690351194009 0.1927466085852437 0.05494316303916481 0 3 105 92 -106 
48 0.1598567528101309 0.1927464085852432 0.03542612169918356 0.1648690351194009 0.2002745195826337 0.05457387830081642 0 2 94 -105 
49 0.1596575251554335 0.1808817381331088 0.03975235026260523 0.16518231836688 0.1897122883059734 0.04978506696227249 0 1 -106 
50 0.1552146318252147 0.1927464085852432 0.03762636108646331 0.159869035119401 0.1988599073731049 0.05237363891353669 0 2 95 -107 
51 0.1531543495090236 0.184094905023858 0.03746602819155438 0.159869035119401 0.1927466085852436 0.05255533938832094 0 2 107 96 
52 0.1595782445739659 0.1800915746818494 0.03587837063776272 0.1732789286099121 0.1933415384954957 0.05433224987492093 0 3 100 103 106 
53 0.1745237384652189 0.190274546715312 0.03582516538296111 0.1779106605529517 0.1933595725407733 0.05417483461703888 0 2 -80 -108 
54 0.1595307857079988 0.1752745467153131 0.03243068237146928 0.1779106605529517 0.1902747467153131 0.05756004010502484 0 3 108 -77 109 
55 0.1644241989324524 0.1684128649658682 0.03499989999999999 0.1844243989324524 0.1884130649658682 0.0550001 0 5 110 -112 -110 111 -109 
56 0.1690510118815982 0.190274546715312 0.03734850164341681 0.1729106605529518 0.1932822486068233 0.05265149835658319 0 2 -103 -113 
57 0.1595342067324771 0.1802745467153131 0.03605413605583543 0.1729106605529518 0.1902747467153131 0.05396883836580534 0 3 113 -100 114 
58 0.1644241989324524 0.175405363074358 0.03602568662499994 0.1777205245382298 0.1884130649658682 0.05397077098085123 0 2 109 -114 
59 0.1479104605529518 0.1827466357179226 0.03512114295975586 0.1558975073889282 0.2020281693496603 0.05487885704024413 0 2 -86 -85 
60 0.1529104605529517 0.1840582513747208 0.03746602819155445 0.159551287210718 0.1988599073731049 0.0525553393883215 0 2 -96 -95 
61 0.1588208760838733 0.1811841701383214 0.03975235026261003 0.1645589262164381 0.1899040248297538 0.04978506696227248 0 1 106 
62 0.1646283573701032 0.1800560992673557 0.03923904013623455 0.1731698015610724 0.1882945694763701 0.05062891725150362 0 1 114 
63 0.1644888649773399 0.175405363074358 0.03597000215300174 0.1777575945946025 0.1885680169808174 0.05393815830360184 0 1 -109 
64 0.1643146506814891 0.180423210231078 0.03923904013623456 0.1727421038674872 0.188780304960269 0.05062891725150361 0 1 -114 
2 0.1649999 0.09499989999999997 0.2299999 0.1850001 0.2550001 0.2400001 1 2 9 12 13 14 15 -16 17 18 19 -20 
3 0.09499989999999998 0.09499989999999998 0.009999899999999997 0.2550001 0.2550001 0.0300001 2 3 4 3 32 33 -34 
4 -1.000000000028756e-07 -1.000000000028756e-07 -1.000000000028756e-07 0.4500001 0.3500001 0.2500001 1 1 26 -21 -22 23 24 -25 26 -27 -28 29 30 31 -32 -33 34 -35 -36 -37 -12 -13 -14 -15 16 -17 -18 -19 20 
5 0.134868835119401 0.1777464085852432 0.0299999 0.1648690351194009 0.2077466085852432 0.0600001 1 5 3 35 -38 -39 
6 0.1479104605529518 0.1782161945639356 0.03150405158207614 0.1648690351194009 0.2047935309026092 0.05848800721726278 2 5 5 6 40 41 -42 38 -43 -44 
7 0.1479104605529518 0.1752745467153131 0.0299999 0.1779447663812057 0.2052747467153131 0.0600001 1 5 5 -40 -41 -45 36 -46 
8 0.1529104605529517 0.1808635279623204 0.03511616405165056 0.16518231836688 0.2002746754171429 0.05494316303916481 2 5 6 6 47 48 42 -49 -50 -51 
9 0.1529104605529517 0.1800915746818494 0.03499989999999999 0.1732789286099121 0.2002747467153131 0.0550001 1 6 4 -47 -48 45 -52 
10 0.1594241989324524 0.1634128649658682 0.0299999 0.1894243989324524 0.1934130649658682 0.0600001 1 5 4 37 -53 -54 -55 
11 0.1594241989324524 0.1752745467153131 0.03243068237146925 0.1779447663812057 0.1934130649658682 0.05756004010502484 2 5 5 6 46 54 53 -56 -57 -58 
12 0.1398688351194009 0.1827464085852432 0.03499989999999999 0.159869035119401 0.2027466085852432 0.0550001 1 6 2 39 -59 
13 0.1479104605529518 0.1827464513593504 0.03512114295975586 0.159869035119401 0.2020439774276324 0.05487885704024413 2 5 6 4 43 59 44 -60 
14 0.1588208760838733 0.1808817381331088 0.03975235026260523 0.16518231836688 0.1899040248297538 0.04978506696227249 3 5 5 6 2 61 49 
15 0.1588208760838733 0.1800560992673557 0.03587837063776272 0.1732789286099121 0.1933415384954957 0.05433224987492093 2 5 6 5 -61 52 57 56 -62 
16 0.1529104605529517 0.1840582513747208 0.03746602819155438 0.159869035119401 0.1988599073731049 0.0525553393883215 2 6 6 3 50 60 51 
17 0.1644241989324524 0.1684128649658682 0.03499989999999999 0.1844243989324524 0.1885680169808174 0.0550001 1 6 2 55 -63 
18 0.1643146506814891 0.175405363074358 0.03597000215300174 0.1777575945946025 0.188780304960269 0.05397077098085123 2 5 6 3 58 63 -64 
19 0.1643146506814891 0.1800560992673557 0.03923904013623455 0.1731698015610724 0.188780304960269 0.05062891725150362 2 6 6 2 62 64 
$EndEntities
$Nodes
173 2065 1 2065
0 17 0 1
1
0.185 0.175 0.235
0 18 0 1
2
0.185 0.175 0.24
0 19 0 1
3
0.165 0.175 0.235
0 20 0 1
4
0.185 0.09499999999999999 0.235
0 21 0 1
5
0.165 0.09499999999999999 0.235
0 22 0 1
6
0.165 0.255 0.235
0 23 0 1
7
0.185 0.255 0.235
0 24 0 1
8
0.185 0.255 0.23
0 25 0 1
9
0.185 0.09499999999999999 0.23
0 26 0 1
10
0.165 0.09499999999999999 0.23
0 27 0 1
11
0.165 0.255 0.23
0 28 0 1
12
0 0 0.25
0 29 0 1
13
0 0 0
0 30 0 1
14
0 0.35 0.25
0 31 0 1
15
0 0.35 0
0 32 0 1
16
0.35 0 0
0 33 0 1
17
0.35 0 0.25
0 34 0 1
18
0.35 0.35 0.25
0 35 0 1
19
0.35 0.35 0
0 36 0 1
20
0.35 0.132 0.1465
0 37 0 1
21
0.35 0.132 0.1035
0 38 0 1
22
0.35 0.218 0.1035
0 39 0 1
23
0.35 0.218 0.1465
0 40 0 1
24
0.45 0.132 0.1035
0 41 0 1
25
0.45 0.132 0.1465
0 42 0 1
26
0.45 0.218 0.1035
0 43 0 1
27
0.45 0.218 0.1465
0 44 0 1
28
0.255 0.175 0.03
0 45 0 1
29
0.255 0.175 0.01
0 46 0 1
30
0.1566240016542739 0.1927465085852432 0.05839287407950362
0 47 0 1
31
0.1498689351194009 0.1927465085852432 0.06
0 48 0 1
32
0.1566240016542739 0.1927465085852432 0.03160712592049638
0 49 0 1
33
0.1498689351194009 0.1927465085852432 0.03
0 50 0 1
34
0.1747774996994599 0.1902746467153131 0.0541747346170378
0 51 0 1
35
0.1629105605529517 0.1902746467153131 0.06
0 52 0 1
36
0.1747774996994599 0.1902746467153131 0.0358252653829622
0 53 0 1
37
0.1629105605529517 0.1902746467153131 0.03
0 54 0 1
38
0.1744242989324524 0.1784129649658682 0.06
0 55 0 1
39
0.1744242989324524 0.1784129649658682 0.03
0 56 0 1
40
0.1518316542342036 0.1927465085852432 0.0351945049244626
0 57 0 1
41
0.1518316542342036 0.1927465085852432 0.05480549507553741
0 58 0 1
42
0.1498689351194009 0.1927465085852432 0.055
0 59 0 1
43
0.1498689351194009 0.1927465085852432 0.035
0 60 0 1
44
0.1614163490743441 0.1927465085852432 0.05457377830081641
0 61 0 1
45
0.1614163490743441 0.1927465085852432 0.03542622169918358
0 62 0 1
46
0.1566240016542739 0.1927465085852432 0.03762646108646331
0 63 0 1
47
0.1566240016542739 0.1927465085852432 0.05237353891353669
0 64 0 1
48
0.1693492019615787 0.1902746467153131 0.05265139835658257
0 65 0 1
49
0.1629105605529517 0.1902746467153131 0.055
0 66 0 1
50
0.1693492019615787 0.1902746467153131 0.03734860164341742
0 67 0 1
51
0.1629105605529517 0.1902746467153131 0.035
0 68 0 1
52
0.1645588262164381 0.1897121883059733 0.045
0 69 0 1
53
0.1648872693963462 0.175405463074358 0.045
0 70 0 1
54
0.1744242989324524 0.1784129649658682 0.055
0 71 0 1
55
0.1744242989324524 0.1784129649658682 0.035
0 72 0 1
56
0.1646284573701032 0.180423310231078 0.045
1 26 0 2
57
58
0.17 0.1663397459621556 0.235
0.18 0.1663397459621556 0.235
1 27 0 2
59
60
0.18 0.1836602540378444 0.235
0.17 0.1836602540378444 0.235
1 28 0 6
61
62
63
64
65
66
0.1812348980185873 0.1828183148246803 0.24
0.1727747906604369 0.1847492791218182 0.24
0.1659903113209758 0.1793388373911756 0.24
0.1659903113209758 0.1706611626088244 0.24
0.1727747906604368 0.1652507208781818 0.24
0.1812348980185873 0.1671816851753197 0.24
1 29 0 2
67
68
0.185 0.1483333333333333 0.235
0.185 0.1216666666666666 0.235
1 31 0 2
69
70
0.165 0.1483333333333333 0.235
0.165 0.1216666666666666 0.235
1 32 0 2
71
72
0.165 0.2016666666666666 0.235
0.165 0.2283333333333334 0.235
1 34 0 2
73
74
0.185 0.2016666666666666 0.235
0.185 0.2283333333333334 0.235
1 36 0 5
75
76
77
78
79
0.185 0.1216666666666666 0.23
0.185 0.1483333333333333 0.23
0.185 0.175 0.23
0.185 0.2016666666666668 0.23
0.185 0.2283333333333335 0.23
1 41 0 5
80
81
82
83
84
0.165 0.2283333333333333 0.23
0.165 0.2016666666666667 0.23
0.165 0.1749999999999999 0.23
0.165 0.1483333333333332 0.23
0.165 0.1216666666666665 0.23
1 43 0 8
85
86
87
88
89
90
91
92
0 0 0.02777777777777782
0 0 0.05555555555555561
0 0 0.08333333333333347
0 0 0.1111111111111114
0 0 0.1388888888888891
0 0 0.1666666666666668
0 0 0.1944444444444445
0 0 0.2222222222222222
1 44 0 11
93
94
95
96
97
98
99
100
101
102
103
0 0.0291666666666667 0.25
0 0.0583333333333334 0.25
0 0.08750000000000015 0.25
0 0.1166666666666669 0.25
0 0.1458333333333336 0.25
0 0.1750000000000002 0.25
0 0.2041666666666668 0.25
0 0.2333333333333334 0.25
0 0.2625000000000001 0.25
0 0.2916666666666667 0.25
0 0.3208333333333334 0.25
1 45 0 8
104
105
106
107
108
109
110
111
0 0.35 0.02777777777777782
0 0.35 0.05555555555555561
0 0.35 0.08333333333333347
0 0.35 0.1111111111111114
0 0.35 0.1388888888888891
0 0.35 0.1666666666666668
0 0.35 0.1944444444444445
0 0.35 0.2222222222222222
1 46 0 11
112
113
114
115
116
117
118
119
120
121
122
0 0.0291666666666667 0
0 0.0583333333333334 0
0 0.08750000000000015 0
0 0.1166666666666669 0
0 0.1458333333333336 0
0 0.1750000000000002 0
0 0.2041666666666668 0
0 0.2333333333333334 0
0 0.2625000000000001 0
0 0.2916666666666667 0
0 0.3208333333333334 0
1 47 0 11
123
124
125
126
127
128
129
130
131
132
133
0.0291666666666667 0 0
0.0583333333333334 0 0
0.08750000000000015 0 0
0.1166666666666669 0 0
0.1458333333333336 0 0
0.1750000000000002 0 0
0.2041666666666668 0 0
0.2333333333333334 0 0
0.2625000000000001 0 0
0.2916666666666667 0 0
0.3208333333333334 0 0
1 48 0 8
134
135
136
137
138
139
140
141
0.35 0 0.02777777777777782
0.35 0 0.05555555555555561
0.35 0 0.08333333333333347
0.35 0 0.1111111111111114
0.35 0 0.1388888888888891
0.35 0 0.1666666666666668
0.35 0 0.1944444444444445
0.35 0 0.2222222222222222
1 49 0 11
142
143
144
145
146
147
148
149
150
151
152
0.0291666666666667 0 0.25
0.0583333333333334 0 0.25
0.08750000000000015 0 0.25
0.1166666666666669 0 0.25
0.1458333333333336 0 0.25
0.1750000000000002 0 0.25
0.2041666666666668 0 0.25
0.2333333333333334 0 0.25
0.2625000000000001 0 0.25
0.2916666666666667 0 0.25
0.3208333333333334 0 0.25
1 50 0 11
153
154
155
156
157
158
159
160
161
162
163
0.0291666666666667 0.35 0.25
0.0583333333333334 0.35 0.25
0.08750000000000015 0.35 0.25
0.1166666666666669 0.35 0.25
0.1458333333333336 0.35 0.25
0.1750000000000002 0.35 0.25
0.2041666666666668 0.35 0.25
0.2333333333333334 0.35 0.25
0.2625000000000001 0.35 0.25
0.2916666666666667 0.35 0.25
0.3208333333333334 0.35 0.25
1 51 0 11
164
165
166
167
168
169
170
171
172
173
174
0.35 0.0291666666666667 0.25
0.35 0.0583333333333334 0.25
0.35 0.08750000000000015 0.25
0.35 0.1166666666666669 0.25
0.35 0.1458333333333336 0.25
0.35 0.1750000000000002 0.25
0.35 0.2041666666666668 0.25
0.35 0.2333333333333334 0.25
0.35 0.2625000000000001 0.25
0.35 0.2916666666666667 0.25
0.35 0.3208333333333334 0.25
1 52 0 11
175
176
177
178
179
180
181
182
183
184
185
0.0291666666666667 0.35 0
0.0583333333333334 0.35 0
0.08750000000000015 0.35 0
0.1166666666666669 0.35 0
0.1458333333333336 0.35 0
0.1750000000000002 0.35 0
0.2041666666666668 0.35 0
0.2333333333333334 0.35 0
0.2625000000000001 0.35 0
0.2916666666666667 0.35 0
0.3208333333333334 0.35 0
1 53 0 8
186
187
188
189
190
191
192
193
0.35 0.35 0.02777777777777782
0.35 0.35 0.05555555555555561
0.35 0.35 0.08333333333333347
0.35 0.35 0.1111111111111114
0.35 0.35 0.1388888888888891
0.35 0.35 0.1666666666666668
0.35 0.35 0.1944444444444445
0.35 0.35 0.2222222222222222
1 54 0 11
194
195
196
197
198
199
200
201
202
203
204
0.35 0.0291666666666667 0
0.35 0.0583333333333334 0
0.35 0.08750000000000015 0
0.35 0.1166666666666669 0
0.35 0.1458333333333336 0
0.35 0.1750000000000002 0
0.35 0.2041666666666668 0
0.35 0.2333333333333334 0
0.35 0.2625000000000001 0
0.35 0.2916666666666667 0
0.35 0.3208333333333334 0
1 55 0 1
205
0.35 0.132 0.125
1 56 0 2
206
207
0.35 0.1606666666666667 0.1035
0.35 0.1893333333333334 0.1035
1 57 0 1
208
0.35 0.218 0.125
1 58 0 2
209
210
0.35 0.1606666666666667 0.1465
0.35 0.1893333333333334 0.1465
1 59 0 3
211
212
213
0.3749999999999999 0.132 0.1035
0.3999999999999999 0.132 0.1035
0.4249999999999999 0.132 0.1035
1 60 0 1
214
0.45 0.132 0.125
1 61 0 3
215
216
217
0.3749999999999999 0.132 0.1465
0.3999999999999999 0.132 0.1465
0.4249999999999999 0.132 0.1465
1 62 0 3
218
219
220
0.3749999999999999 0.218 0.1035
0.3999999999999999 0.218 0.1035
0.4249999999999999 0.218 0.1035
1 63 0 2
221
222
0.45 0.1606666666666667 0.1035
0.45 0.1893333333333334 0.1035
1 64 0 1
223
0.45 0.218 0.125
1 65 0 3
224
225
226
0.3749999999999999 0.218 0.1465
0.3999999999999999 0.218 0.1465
0.4249999999999999 0.218 0.1465
1 66 0 2
227
228
0.45 0.1606666666666667 0.1465
0.45 0.1893333333333334 0.1465
1 67 0 16
229
230
231
232
233
234
235
236
237
238
239
240
241
242
243
244
0.2495977783523485 0.2038993332949722 0.03
0.2341207133776528 0.2288956514917245 0.03
0.2106590684621232 0.2466130633084049 0.03
0.1823814687570643 0.2546587341036027 0.03
0.1531069607942335 0.2519460514538255 0.03
0.1267892290896596 0.2388413781824193 0.03
0.106982629141631 0.2171145730301887 0.03
0.09636215202528792 0.189699961425326 0.03
0.09636215202528778 0.1603000385746748 0.03
0.1069826291416307 0.1328854269698118 0.03
0.1267892290896592 0.111158621817581 0.03
0.1531069607942332 0.09805394854617451 0.03
0.182381468757064 0.09534126589639721 0.03
0.210659068462123 0.1033869366915949 0.03
0.2341207133776527 0.1211043485082754 0.03
0.2495977783523485 0.1461006667050277 0.03
1 69 0 16
245
246
247
248
249
250
251
252
253
254
255
256
257
258
259
260
0.2495977783523485 0.2038993332949722 0.01
0.2341207133776528 0.2288956514917245 0.01
0.2106590684621232 0.2466130633084049 0.01
0.1823814687570643 0.2546587341036027 0.01
0.1531069607942335 0.2519460514538255 0.01
0.1267892290896596 0.2388413781824193 0.01
0.106982629141631 0.2171145730301887 0.01
0.09636215202528792 0.189699961425326 0.01
0.09636215202528778 0.1603000385746748 0.01
0.1069826291416307 0.1328854269698118 0.01
0.1267892290896592 0.111158621817581 0.01
0.1531069607942332 0.09805394854617451 0.01
0.182381468757064 0.09534126589639721 0.01
0.210659068462123 0.1033869366915949 0.01
0.2341207133776527 0.1211043485082754 0.01
0.2495977783523485 0.1461006667050277 0.01
1 71 0 3
261
262
263
0.1547032914352409 0.182612777591719 0.054946682620974
0.1538847371156042 0.1782940577782939 0.04499999999999994
0.1547032914352409 0.1826127775917191 0.03505331737902595
1 74 0 2
264
265
0.1585971868830032 0.20315709947511 0.03864097346483006
0.1585971868830032 0.20315709947511 0.05135902653516992
1 77 0 4
266
267
268
269
0.1670643562523974 0.1827877559346534 0.03268365120152326
0.1606343774345096 0.1765463902110825 0.03940053897545753
0.1606343774345095 0.1765463902110825 0.05059946102454238
0.1670643562523973 0.1827877559346533 0.05731634879847673
1 80 0 1
270
0.1776492732039013 0.1930621813595356 0.045
1 82 0 2
271
272
0.187414679989219 0.1784129649658682 0.03749999999999999
0.187414679989219 0.1784129649658682 0.05249999999999999
1 85 0 2
273
274
0.1533572655004598 0.2007956843639374 0.04019975829397474
0.1533572655004598 0.2007956843639374 0.04980024170602523
1 86 0 3
275
276
277
0.1504958175242847 0.1856985896772008 0.05206638928421761
0.1499363339472782 0.1827467357179226 0.04500000000000001
0.1504958175242847 0.1856985896772008 0.03793361071578241
1 92 0 3
278
279
280
0.1598741623589649 0.1846098801857189 0.05266098597915065
0.1591886484400141 0.1809930859508959 0.045
0.1598741623589649 0.1846098801857189 0.03733901402084935
1 94 0 2
281
282
0.1626612920467691 0.1993148691113745 0.04073241939249239
0.1626612920467691 0.1993148691113745 0.0492675806075076
1 95 0 2
283
284
0.1576333694635773 0.1980719667161181 0.04163057052139796
0.1576333694635773 0.1980719667161182 0.048369429478602
1 96 0 3
285
286
287
0.155491417221762 0.186770955452451 0.05071668258396481
0.1549968017791244 0.1841613479274514 0.04499999999999996
0.155491417221762 0.186770955452451 0.03928331741603516
1 100 0 4
288
289
290
291
0.1641241313562171 0.1852028451583907 0.03646746960903971
0.1601852985727745 0.1813795517041314 0.04133254422229098
0.1601852985727745 0.1813795517041315 0.04866745577770904
0.1641241313562171 0.1852028451583907 0.05353253039096029
1 103 0 1
292
0.172447590089058 0.1932821486068233 0.04500000000000001
1 105 0 1
293
0.1648689351194009 0.1927465085852432 0.04499999999999999
1 106 0 6
294
295
296
297
298
299
0.1636506048561605 0.1881562781614466 0.04874103781367405
0.1616098499839561 0.1846601798014779 0.04966499785038732
0.1599732916424078 0.1818565265985336 0.04707611935714476
0.1599732916424078 0.1818565265985336 0.04292388064285522
0.1616098499839561 0.1846601798014779 0.04033500214961268
0.1636506048561605 0.1881562781614466 0.04125896218632595
1 107 0 1
300
0.159868935119401 0.1927465085852432 0.045
1 108 0 1
301
0.1779105605529517 0.1902746467153131 0.04499999999999999
1 109 0 6
302
303
304
305
306
307
0.1673020276598631 0.1777493882852306 0.05198805537389069
0.1727279402258938 0.1830161404267004 0.05371396252088995
0.1770791842637714 0.187239747714076 0.04887807815721754
0.1770791842637715 0.187239747714076 0.04112192184278256
0.1727279402258938 0.1830161404267004 0.03628603747911006
0.1673020276598631 0.1777493882852306 0.03801194462610927
1 110 0 2
308
309
0.1830845529702968 0.1784129649658682 0.03999999999999999
0.1830845529702968 0.1784129649658682 0.04999999999999998
1 113 0 1
310
0.1729105605529518 0.1902746467153131 0.045
1 114 0 6
311
312
313
314
315
316
0.1661491716583975 0.1818994168098276 0.04940078653628469
0.1695661856472765 0.185216198185191 0.05048769105106145
0.1723064181087317 0.1878760503315096 0.0474422522758918
0.1723064181087317 0.1878760503315096 0.04255774772410819
0.1695661856472765 0.185216198185191 0.03951230894893855
0.1661491716583975 0.1818994168098276 0.0405992134637153
2 12 0 2
317
318
0.183888680697613 0.1795816324007805 0.2375314852725703
0.1840096886790242 0.1706611626088244 0.2377045080075184
2 13 0 3
319
320
321
0.175 0.1573365396477445 0.235
0.175 0.135 0.235
0.175 0.1083333333333333 0.235
2 14 0 3
322
323
324
0.175 0.1926634603522555 0.235
0.175 0.215 0.235
0.175 0.2416666666666667 0.235
2 15 0 1
325
0.175 0.175 0.24
2 16 0 0
2 17 0 0
2 18 0 0
2 19 0 0
2 20 0 6
326
327
328
329
330
331
0.175 0.1883333333333334 0.23
0.175 0.1616666666666666 0.23
0.175 0.1083333333333333 0.23
0.175 0.2150000000000001 0.23
0.175 0.1349999999999999 0.23
0.175 0.2416666666666667 0.23
2 21 0 110
332
333
334
335
336
337
338
339
340
341
342
343
344
345
346
347
348
349
350
351
352
353
354
355
356
357
358
359
360
361
362
363
364
365
366
367
368
369
370
371
372
373
374
375
376
377
378
379
380
381
382
383
384
385
386
387
388
389
390
391
392
393
394
395
396
397
398
399
400
401
402
403
404
405
406
407
408
409
410
411
412
413
414
415
416
417
418
419
420
421
422
423
424
425
426
427
428
429
430
431
432
433
434
435
436
437
438
439
440
441
0 0.3268272985860611 0.1271292409237097
0 0.02283444510958673 0.127209888071797
0 0.1599933558878836 0.02495973320467605
0 0.1895833333333335 0.2247409257229539
0 0.2473792531942598 0.02505121249299843
0 0.1020230543533112 0.2248326215640084
0 0.2479166666666668 0.2247409257229539
0 0.1018511981724763 0.02513857461954592
0 0.02405626121623432 0.1805555555555557
0 0.3259437387837655 0.06944444444444453
0 0.3259437387837656 0.1805555555555557
0 0.02344653341076176 0.06915504249380346
0 0.3068100744834767 0.02778156403531923
0 0.04318992551652331 0.2222184359646809
0 0.3068189420398121 0.2222131792209106
0 0.04318570015985502 0.02775771142029428
0 0.07282651302711324 0.2244324464793171
0 0.08748222144586434 0.1997236544687788
0 0.1164102433827603 0.1997091263371049
0 0.101859457909306 0.1746574049513491
0 0.130741571138671 0.1746021657949701
0 0.1161923171673765 0.1495832475920342
0 0.1451031503787198 0.1495187128140031
0 0.1305425654543121 0.1245655943908082
0 0.1594680274784045 0.1244581388441136
0 0.1740428808893054 0.1494318375452081
0 0.1884108310806626 0.1243165590958984
0 0.2029869341864335 0.1493153489829437
0 0.2173219724139267 0.1241946673556214
0 0.231861331079436 0.1491645241316866
0 0.2027597711088009 0.09926077420181641
0 0.2316269614281616 0.09911646765968865
0 0.1016833789798832 0.1246218123468259
0 0.1160165787476092 0.09966363638699988
0 0.08724311413390846 0.09978158271156159
0 0.2172451184086912 0.07428406961688364
0 0.2175538469470453 0.1742712209078552
0 0.2463775316643147 0.1740818627538654
0 0.2606284338738558 0.1491098249116627
0 0.1882455343017632 0.07443148392879782
0 0.2460824230118741 0.07438580882851797
0 0.2604206434820472 0.09911570438554791
0 0.2746556726413939 0.07427443341535905
0 0.2749980514668408 0.1738704360483531
0 0.073615353274773 0.1742322047466855
0 0.07366812198664668 0.1242734565381693
0 0.145412419191293 0.1996304346526911
0 0.1015083667794334 0.07489372163128807
0 0.1303263846889029 0.07465168745081727
0 0.07341803654397303 0.07535870111387945
0 0.2033347652027236 0.04964700331094288
0 0.2895125217649349 0.09871181188526326
0 0.2868033510044364 0.1470867055722284
0 0.2321192398692062 0.1991766837710678
0 0.2746039573720019 0.1240212429688134
0 0.08728240752717366 0.1494438297690048
0 0.06189795267497842 0.1472506414360857
0 0.06066461856041214 0.1978614522818856
0 0.0591141741194809 0.09939290569988025
0 0.2770035547586482 0.02521301409547626
0 0.288400747233327 0.05144934033405781
0 0.2769080654019704 0.2242623436689271
0 0.2886504898856883 0.1976272500122254
0 0.07270261564861759 0.02550668998199682
0 0.2460772166082382 0.1241204052355035
0 0.260935909192946 0.1988298478143959
0 0.1307756642320332 0.02508668533837656
0 0.1886104486911129 0.1743743343020406
0 0.06050732816235255 0.05197555092408527
0 0.1601804332077495 0.2247683344852393
0 0.2183502403037533 0.02476071549454904
0 0.1310876916891857 0.2248234195065073
0 0.1738444850343008 0.09939248264605612
0 0.1592781931767944 0.07453769448707662
0 0.1596801448329705 0.1744931424395363
0 0.2186578227263491 0.224855390569568
0 0.02253873696179789 0.1544190656169714
0 0.3270902663242157 0.1544335591423967
0 0.02881352335370746 0.09856053604619633
0 0.3204847002011631 0.09813500595580607
0 0.1449127057633873 0.09954487236764527
0 0.08762477684725035 0.05051372578446658
0 0.2033063687752703 0.1993697576425654
0 0.1744621913386216 0.1995628215408377
0 0.1160073076356243 0.05011892405249254
0 0.1450210097877805 0.04991236511427762
0 0.1742426986150464 0.0496092418457535
0 0.1891812877793456 0.02482944897598691
0 0.2606174329939596 0.05011121105684184
0 0.2321682055192103 0.04970667013345563
0 0.02120094563075538 0.2071778440847835
0 0.3287990543692446 0.04282215591521664
0 0.3288032674530455 0.2071769070917151
0 0.02110133884700795 0.04276988631712531
0 0.3033078975138352 0.169839995885747
0 0.3013771672542007 0.07486892774501482
0 0.3004773267014323 0.1217355583581256
0 0.04656433512860628 0.1706030928054544
0 0.04765816628226539 0.07651092031271074
0 0.04848011781631092 0.122360963043735
0 0.3295857467585879 0.02038953776713348
0 0.02041425324141196 0.2296104622328667
0 0.3295864277581785 0.2296101397767629
0 0.0204088475697952 0.02038557471980332
0 0.3086776630019307 0.1418221458243623
0 0.04041403040874073 0.1408983653870465
0 0.3110539869380267 0.05573305710002234
0 0.03917981337244854 0.05363382229360381
0 0.03904254579081674 0.1949895618992096
0 0.3110703978844965 0.194266577685338
2 22 0 110
442
443
444
445
446
447
448
449
450
451
452
453
454
455
456
457
458
459
460
461
462
463
464
465
466
467
468
469
470
471
472
473
474
475
476
477
478
479
480
481
482
483
484
485
486
487
488
489
490
491
492
493
494
495
496
497
498
499
500
501
502
503
504
505
506
507
508
509
510
511
512
513
514
515
516
517
518
519
520
521
522
523
524
525
526
527
528
529
530
531
532
533
534
535
536
537
538
539
540
541
542
543
544
545
546
547
548
549
550
551
0.3271655548904132 0 0.1272098880717969
0.0231727014139389 0 0.1271292409237101
0.1604166666666669 0 0.2247409257229539
0.1900161746371111 0 0.0249489449109821
0.1026207468057402 0 0.02505121249299857
0.247976945646689 0 0.2248326215640085
0.1020833333333335 0 0.2247409257229538
0.2481582754682982 0 0.02513310501049454
0.3259437387837656 0 0.1805555555555557
0.02405626121623445 0 0.06944444444444453
0.02405626121623432 0 0.1805555555555557
0.3265534665892382 0 0.06915504249380343
0.3068100744834767 0 0.2222184359646808
0.04318992551652334 0 0.02778156403531918
0.306814299840145 0 0.02775771142029436
0.04318105796018793 0 0.2222131792209106
0.2771734869728869 0 0.2244324464793171
0.2625177785541358 0 0.1997236544687788
0.2335897566172399 0 0.1997091263371051
0.2481405420906939 0 0.1746574049513492
0.219258428861329 0 0.1746021657949705
0.2338076828326233 0 0.1495832475920345
0.20489684962128 0 0.1495187128140035
0.2194574345456875 0 0.1245655943908086
0.1905319725215951 0 0.1244581388441142
0.1759571191106943 0 0.1494318375452088
0.161589168919337 0 0.1243165590958992
0.1470130658135663 0 0.1493153489829447
0.1326780275860731 0 0.1241946673556223
0.1181386689205638 0 0.1491645241316875
0.1472402288911985 0 0.09926077420181724
0.1183730385718379 0 0.09911646765968958
0.2483166210201163 0 0.124621812346826
0.2339834212523902 0 0.09966363638700013
0.2627568858660908 0 0.09978158271156157
0.1327548815913082 0 0.07428406961688447
0.1324461530529546 0 0.1742712209078562
0.1036224683356852 0 0.1740818627538666
0.08937156612614401 0 0.1491098249116639
0.161754465698236 0 0.07443148392879845
0.1039175769881253 0 0.07438580882851882
0.0895793565179523 0 0.09911570438554895
0.07534432735860547 0 0.07427443341536016
0.07500194853315915 0 0.1738704360483541
0.2763846467252269 0 0.1742322047466855
0.2763318780133528 0 0.124273456538169
0.2045875808087071 0 0.1996304346526913
0.2484916332205661 0 0.07489372163128806
0.2196736153110962 0 0.07465168745081768
0.2765819634560267 0 0.07535870111387918
0.1466652347972762 0 0.04964700331094335
0.06048747823506485 0 0.09871181188526432
0.0631966489955636 0 0.1470867055722296
0.1178807601307938 0 0.199176683771069
0.07539604262799796 0 0.1240212429688146
0.2627175924728262 0 0.1494438297690047
0.2881020473250214 0 0.1472506414360855
0.2893353814395879 0 0.1978614522818855
0.2908858258805187 0 0.09939290569987994
0.07299644524135185 0 0.02521301409547619
0.06159925276667272 0 0.05144934033405829
0.07309193459802971 0 0.2242623436689272
0.0613495101143117 0 0.1976272500122259
0.2772989632915117 0 0.02550577838048825
0.1039227833917615 0 0.1241204052355045
0.08906409080705401 0 0.1988298478143972
0.2192275600131485 0 0.02507865700327615
0.161389551308887 0 0.1743743343020412
0.2894929349943357 0 0.05197539899050031
0.1898195667922508 0 0.2247683344852394
0.1316497596962468 0 0.02476071549454936
0.2189123083108145 0 0.2248234195065073
0.1761555149656986 0 0.0993924826460568
0.1907264468930922 0 0.07461220520343351
0.1903198551670294 0 0.1744931424395368
0.1313421772736511 0 0.2248553905695685
0.3274612630382021 0 0.1544190656169712
0.02290973367578433 0 0.1544335591423971
0.02951529979883675 0 0.09813500595580671
0.3211864766462924 0 0.09856053604619605
0.2050973139267918 0 0.09955177030133587
0.2623771091090146 0 0.05051263692710901
0.1466936312247298 0 0.1993697576425659
0.1755378086613785 0 0.199562821540838
0.233994469167654 0 0.05011338846804415
0.2049821854861094 0 0.04992072486479671
0.1757601956964153 0 0.04962125554128416
0.1608207830267305 0 0.02482965320962649
0.08938256700604 0 0.05011121105684227
0.1178317944807894 0 0.04970667013345613
0.3287990543692446 0 0.2071778440847835
0.02120094563075543 0 0.0428221559152166
0.02119673254695451 0 0.2071769070917151
0.328898661152992 0 0.04276988631712534
0.04669210248616482 0 0.1698399958857476
0.04862283274579891 0 0.07486892774501568
0.04952267329856773 0 0.1217355583581269
0.3034356648713937 0 0.1706030928054542
0.3023418497014981 0 0.0765109110844798
0.3015198821836889 0 0.1223609630437345
0.3295857467585879 0 0.2296104622328665
0.02041425324141202 0 0.02038953776713339
0.3295911524302048 0 0.02038557471980339
0.02041357224182134 0 0.229610139776763
0.04132233699806943 0 0.1418221458243632
0.3095859695912594 0 0.140898365387046
0.03894601306197353 0 0.05573305710002226
0.3108202424556418 0 0.05363379006124065
0.3109574542091834 0 0.1949895618992096
0.03892960211550366 0 0.1942665776853379
2 23 0 150
552
553
554
555
556
557
558
559
560
561
562
563
564
565
566
567
568
569
570
571
572
573
574
575
576
577
578
579
580
581
582
583
584
585
586
587
588
589
590
591
592
593
594
595
596
597
598
599
600
601
602
603
604
605
606
607
608
609
610
611
612
613
614
615
616
617
618
619
620
621
622
623
624
625
626
627
628
629
630
631
632
633
634
635
636
637
638
639
640
641
642
643
644
645
646
647
648
649
650
651
652
653
654
655
656
657
658
659
660
661
662
663
664
665
666
667
668
669
670
671
672
673
674
675
676
677
678
679
680
681
682
683
684
685
686
687
688
689
690
691
692
693
694
695
696
697
698
699
700
701
0.1605966755532411 0.02449912767563919 0.25
0.1604166666666668 0.3247409257229539 0.25
0.3246941669711241 0.1618937035007315 0.25
0.02770835903446376 0.1563594976734536 0.25
0.2479166666666666 0.3247409257229539 0.25
0.0252590742770461 0.2479166666666667 0.25
0.2479166666666664 0.02436398012892477 0.25
0.3238561706131732 0.2484170017627597 0.25
0.1020833333333335 0.3247409257229538 0.25
0.02644232746240809 0.1016346035225554 0.25
0.1020833333333335 0.02525907427704614 0.25
0.3221887327853885 0.09973908371900965 0.25
0.3235838302829767 0.3035717527774924 0.25
0.04487802475901549 0.0246078088787761 0.25
0.04626168656892306 0.3220608811974593 0.25
0.3240210757639319 0.0450572287758108 0.25
0.07479842654476927 0.3251389990547628 0.25
0.08957902541951966 0.3005674504581254 0.25
0.1170131709032533 0.2996627846146106 0.25
0.1027898415992382 0.2746083719032064 0.25
0.1314255020837486 0.2743171984860361 0.25
0.1168136683916089 0.2490437055670687 0.25
0.1458870839681151 0.2489927735572201 0.25
0.1312834587266206 0.223722807504879 0.25
0.1604312015602335 0.2237125035406884 0.25
0.1460933447112351 0.198595396091163 0.25
0.1750457577119111 0.1984718404509497 0.25
0.1607196406228393 0.1733613341558898 0.25
0.1896414552780137 0.1732200034287502 0.25
0.2041729761696177 0.1984491870807564 0.25
0.1750601826501419 0.1479621353608452 0.25
0.2041863840991367 0.1479387812745121 0.25
0.1463978843167938 0.1488578419436798 0.25
0.1750113809213912 0.2489698604903695 0.25
0.1895966500137684 0.1226760156846007 0.25
0.2187555056854838 0.1226715081180676 0.25
0.1173404110398813 0.1992731207027776 0.25
0.2333375371863251 0.1479298311340247 0.25
0.2041698037276527 0.09741106736112179 0.25
0.1750027422902365 0.09741083961447194 0.25
0.2333347737910779 0.09741008835338291 0.25
0.08950702315993182 0.2482155310242869 0.25
0.218750762919788 0.07245308218487906 0.25
0.2479167622595411 0.07232082533387926 0.25
0.2625002560084361 0.09743783614707709 0.25
0.2770833919335514 0.07248584552546189 0.25
0.291666666666666 0.09740925722953853 0.25
0.2772429949584759 0.1224751388905895 0.25
0.3062499999999994 0.07215018295249249 0.25
0.2916666666666662 0.04689110867544635 0.25
0.1459203343867226 0.2995277438602206 0.25
0.2768449536529605 0.3248785542955862 0.25
0.2624602700532708 0.2995047895413464 0.25
0.2333267116755449 0.2994856744618142 0.25
0.2479089413992465 0.2742272373540858 0.25
0.2770754241309745 0.2742273435489719 0.25
0.262499999999999 0.2489637028918155 0.25
0.2333320457887624 0.2489644462560198 0.25
0.2479164520759036 0.2237047525088037 0.25
0.2770832975682048 0.2237046492637748 0.25
0.2624999582740168 0.1984455784282298 0.25
0.2911431356389056 0.1987478151175285 0.25
0.2770833333333309 0.1731864800606769 0.25
0.3057449631810911 0.2231318164399777 0.25
0.3217256801750271 0.1953162988915094 0.25
0.2187508012279357 0.2237053786149816 0.25
0.02512144570441365 0.2768449536529607 0.25
0.04871592030136802 0.2621580167300507 0.25
0.04839622107316219 0.2332763361216751 0.25
0.04772912467582853 0.2909506204757502 0.25
0.3247409257229538 0.1312500000000003 0.25
0.2969422645067548 0.1469741708251699 0.25
0.2918390333396577 0.3003286524151678 0.25
0.306413860514224 0.2754319644549234 0.25
0.2921122860012778 0.2489794130603705 0.25
0.160471272448885 0.2742520341681026 0.25
0.189594331117268 0.2742286796018275 0.25
0.1312800014810959 0.02482995748699646 0.25
0.1169236793547201 0.04968516287026287 0.25
0.08754283544800907 0.0503793176067874 0.25
0.1023853204638812 0.07515624619694342 0.25
0.07297413709642633 0.0756505882342218 0.25
0.08755990959338479 0.1009116952363326 0.25
0.1172310076697301 0.09938951298605721 0.25
0.1024393875406122 0.1255411331905615 0.25
0.07298599396677752 0.1261488980408105 0.25
0.08731888447669445 0.1512588276216602 0.25
0.05833333333333372 0.1515544456622768 0.25
0.07579468454352993 0.1751622256312916 0.25
0.04387242191496871 0.1275110277775993 0.25
0.1170419273857764 0.1498665218278494 0.25
0.05853805510613079 0.05036536006367707 0.25
0.04416541360217811 0.07535361069156636 0.25
0.1313222508816628 0.3247787299867897 0.25
0.02692441961469326 0.04744213259830174 0.25
0.1898364528197055 0.07234673102807808 0.25
0.1609633351785094 0.07277625122074152 0.25
0.2047130052834346 0.04818336318632386 0.25
0.1465229835165984 0.09813490719935887 0.25
0.0731459303299704 0.02510192680438111 0.25
0.1895833333333334 0.3247409257229538 0.25
0.2479451779382996 0.1226419680711287 0.25
0.1750181672166121 0.2994915004752552 0.25
0.02506278175684142 0.1889071385011313 0.25
0.02487270427685695 0.2186278013260234 0.25
0.1034450247282758 0.2231035094674777 0.25
0.1608904195724605 0.1230971780023586 0.25
0.05800003393935727 0.1012017372505143 0.25
0.2187647254555151 0.173194972886074 0.25
0.04835065544233062 0.2053608235353459 0.25
0.2041704238904596 0.2994850805256111 0.25
0.2187495225943341 0.3247421010722221 0.25
0.2187499999999995 0.2742227771688618 0.25
0.2634113290983086 0.1477323448403777 0.25
0.1895964640429592 0.2237120788449269 0.25
0.2041708360831326 0.2489662033234935 0.25
0.2333369299782757 0.1984477249299203 0.25
0.248072302220962 0.1731561553798839 0.25
0.07408524685439191 0.2211829004167911 0.25
0.3053551985703337 0.3260461369978354 0.25
0.0234106231394318 0.3051674955731241 0.25
0.2188410564361278 0.02411625437795695 0.25
0.1027235713183969 0.175177776228337 0.25
0.1317194632324871 0.1741886651582827 0.25
0.1316432765861288 0.07397424581476082 0.25
0.1317539350003286 0.1241478491916442 0.25
0.1752543559169263 0.04832553127735643 0.25
0.2766365854373579 0.02403965382503324 0.25
0.145934239800208 0.04881697008663884 0.25
0.1897619599760662 0.02418737941954607 0.25
0.2624255677161859 0.04813454605051394 0.25
0.2334273035469573 0.0482620085437463 0.25
0.3055904436160268 0.02287827624134755 0.25
0.07355369202023032 0.2754818847677114 0.25
0.3025437661820352 0.1751597811993734 0.25
0.05094239001088824 0.1791579660444574 0.25
0.09093432671560847 0.1990893482707178 0.25
0.3023400127056017 0.1199179133417633 0.25
0.01972499695541945 0.1312500000000002 0.25
0.3307707722820748 0.2763174771323685 0.25
0.01952975447927555 0.07321239484307374 0.25
0.3304919617098639 0.0725559657561293 0.25
0.329887175266266 0.2205121752662662 0.25
0.3286485181125743 0.3286485181125743 0.25
0.02135148188742561 0.02135148188742562 0.25
0.02135148188742558 0.3286485181125743 0.25
0.328718333828205 0.02128166617179491 0.25
0.0661485181125744 0.2479166666666665 0.25
0.06684696733507675 0.3039270237277468 0.25
0.06953606194554422 0.1970158327255178 0.25
2 24 0 110
702
703
704
705
706
707
708
709
710
711
712
713
714
715
716
717
718
719
720
721
722
723
724
725
726
727
728
729
730
731
732
733
734
735
736
737
738
739
740
741
742
743
744
745
746
747
748
749
750
751
752
753
754
755
756
757
758
759
760
761
762
763
764
765
766
767
768
769
770
771
772
773
774
775
776
777
778
779
780
781
782
783
784
785
786
787
788
789
790
791
792
793
794
795
796
797
798
799
800
801
802
803
804
805
806
807
808
809
810
811
0.3271655548904132 0.35 0.1272098880717969
0.0231727014139389 0.35 0.1271292409237101
0.1604166666666669 0.35 0.2247409257229539
0.1900161746371111 0.35 0.0249489449109821
0.1026207468057402 0.35 0.02505121249299857
0.247976945646689 0.35 0.2248326215640085
0.1020833333333335 0.35 0.2247409257229538
0.2481582754682982 0.35 0.02513310501049454
0.3259437387837656 0.35 0.1805555555555557
0.02405626121623445 0.35 0.06944444444444453
0.02405626121623432 0.35 0.1805555555555557
0.3265534665892382 0.35 0.06915504249380343
0.3068100744834767 0.35 0.2222184359646808
0.04318992551652334 0.35 0.02778156403531918
0.306814299840145 0.35 0.02775771142029436
0.04318105796018793 0.35 0.2222131792209106
0.2771734869728869 0.35 0.2244324464793171
0.2625177785541358 0.35 0.1997236544687788
0.2335897566172399 0.35 0.1997091263371051
0.2481405420906939 0.35 0.1746574049513492
0.219258428861329 0.35 0.1746021657949705
0.2338076828326233 0.35 0.1495832475920345
0.20489684962128 0.35 0.1495187128140035
0.2194574345456875 0.35 0.1245655943908086
0.1905319725215951 0.35 0.1244581388441142
0.1759571191106943 0.35 0.1494318375452088
0.161589168919337 0.35 0.1243165590958992
0.1470130658135663 0.35 0.1493153489829447
0.1326780275860731 0.35 0.1241946673556223
0.1181386689205638 0.35 0.1491645241316875
0.1472402288911985 0.35 0.09926077420181724
0.1183730385718379 0.35 0.09911646765968958
0.2483166210201163 0.35 0.124621812346826
0.2339834212523902 0.35 0.09966363638700013
0.2627568858660908 0.35 0.09978158271156157
0.1327548815913082 0.35 0.07428406961688447
0.1324461530529546 0.35 0.1742712209078562
0.1036224683356852 0.35 0.1740818627538666
0.08937156612614401 0.35 0.1491098249116639
0.161754465698236 0.35 0.07443148392879845
0.1039175769881253 0.35 0.07438580882851882
0.0895793565179523 0.35 0.09911570438554895
0.07534432735860547 0.35 0.07427443341536016
0.07500194853315915 0.35 0.1738704360483541
0.2763846467252269 0.35 0.1742322047466855
0.2763318780133528 0.35 0.124273456538169
0.2045875808087071 0.35 0.1996304346526913
0.2484916332205661 0.35 0.07489372163128806
0.2196736153110962 0.35 0.07465168745081768
0.2765819634560267 0.35 0.07535870111387918
0.1466652347972762 0.35 0.04964700331094335
0.06048747823506485 0.35 0.09871181188526432
0.0631966489955636 0.35 0.1470867055722296
0.1178807601307938 0.35 0.199176683771069
0.07539604262799796 0.35 0.1240212429688146
0.2627175924728262 0.35 0.1494438297690047
0.2881020473250214 0.35 0.1472506414360855
0.2893353814395879 0.35 0.1978614522818855
0.2908858258805187 0.35 0.09939290569987994
0.07299644524135185 0.35 0.02521301409547619
0.06159925276667272 0.35 0.05144934033405829
0.07309193459802971 0.35 0.2242623436689272
0.0613495101143117 0.35 0.1976272500122259
0.2772989632915117 0.35 0.02550577838048825
0.1039227833917615 0.35 0.1241204052355045
0.08906409080705401 0.35 0.1988298478143972
0.2192275600131485 0.35 0.02507865700327615
0.161389551308887 0.35 0.1743743343020412
0.2894929349943357 0.35 0.05197539899050031
0.1898195667922508 0.35 0.2247683344852394
0.1316497596962468 0.35 0.02476071549454936
0.2189123083108145 0.35 0.2248234195065073
0.1761555149656986 0.35 0.0993924826460568
0.1907264468930922 0.35 0.07461220520343351
0.1903198551670294 0.35 0.1744931424395368
0.1313421772736511 0.35 0.2248553905695685
0.3274612630382021 0.35 0.1544190656169712
0.02290973367578433 0.35 0.1544335591423971
0.02951529979883675 0.35 0.09813500595580671
0.3211864766462924 0.35 0.09856053604619605
0.2050973139267918 0.35 0.09955177030133587
0.2623771091090146 0.35 0.05051263692710901
0.1466936312247298 0.35 0.1993697576425659
0.1755378086613785 0.35 0.199562821540838
0.233994469167654 0.35 0.05011338846804415
0.2049821854861094 0.35 0.04992072486479671
0.1757601956964153 0.35 0.04962125554128416
0.1608207830267305 0.35 0.02482965320962649
0.08938256700604 0.35 0.05011121105684227
0.1178317944807894 0.35 0.04970667013345613
0.3287990543692446 0.35 0.2071778440847835
0.02120094563075543 0.35 0.0428221559152166
0.02119673254695451 0.35 0.2071769070917151
0.328898661152992 0.35 0.04276988631712534
0.04669210248616482 0.35 0.1698399958857476
0.04862283274579891 0.35 0.07486892774501568
0.04952267329856773 0.35 0.1217355583581269
0.3034356648713937 0.35 0.1706030928054542
0.3023418497014981 0.35 0.0765109110844798
0.3015198821836889 0.35 0.1223609630437345
0.3295857467585879 0.35 0.2296104622328665
0.02041425324141202 0.35 0.02038953776713339
0.3295911524302048 0.35 0.02038557471980339
0.02041357224182134 0.35 0.229610139776763
0.04132233699806943 0.35 0.1418221458243632
0.3095859695912594 0.35 0.140898365387046
0.03894601306197353 0.35 0.05573305710002226
0.3108202424556418 0.35 0.05363379006124065
0.3109574542091834 0.35 0.1949895618992096
0.03892960211550366 0.35 0.1942665776853379
2 25 0 150
812
813
814
815
816
817
818
819
820
821
822
823
824
825
826
827
828
829
830
831
832
833
834
835
836
837
838
839
840
841
842
843
844
845
846
847
848
849
850
851
852
853
854
855
856
857
858
859
860
861
862
863
864
865
866
867
868
869
870
871
872
873
874
875
876
877
878
879
880
881
882
883
884
885
886
887
888
889
890
891
892
893
894
895
896
897
898
899
900
901
902
903
904
905
906
907
908
909
910
911
912
913
914
915
916
917
918
919
920
921
922
923
924
925
926
927
928
929
930
931
932
933
934
935
936
937
938
939
940
941
942
943
944
945
946
947
948
949
950
951
952
953
954
955
956
957
958
959
960
961
0.1604166666666669 0.02525907427704608 0
0.1604166666666669 0.3247409257229539 0
0.3246941669711247 0.1618937035007319 0
0.02525907427704608 0.1604166666666669 0
0.2479166666666668 0.3247409257229539 0
0.02589122310934595 0.2485405407152053 0
0.24818505830465 0.02591583810427801 0
0.3238561706131736 0.24841700176276 0
0.1020833333333335 0.3247409257229538 0
0.02893314250144079 0.1008265989318769 0
0.1020833333333335 0.02525907427704616 0
0.3247409257229538 0.1020833333333335 0
0.3235838302829768 0.3035717527774925 0
0.04589814118501991 0.02797190464539669 0
0.04375000000000003 0.3247409257229538 0
0.3253921911212238 0.04487802475901544 0
0.07218311353444902 0.3245923659419466 0
0.08683677549955443 0.2995242423377743 0
0.116556129249926 0.2994889165945522 0
0.1015102649805162 0.2744874257348471 0
0.131136065705074 0.2742680627879667 0
0.1165521662253765 0.2490153585893306 0
0.1457952608772976 0.248979859777919 0
0.1312245711837794 0.2237159307120392 0
0.160406083121291 0.2237092051119985 0
0.1458273312730677 0.1984482007701399 0
0.1749972357323935 0.1984467581593311 0
0.1604152056120218 0.1731871217696814 0
0.1895826291129586 0.1731867876491128 0
0.2041660885853367 0.1984458062393974 0
0.1749996391208307 0.1479275639998713 0
0.1458330296776982 0.1479275391045052 0
0.2041664891500765 0.1479274834177441 0
0.1749918906664316 0.2489671584557044 0
0.1895832436007075 0.1226683708149775 0
0.2186326825651238 0.1226006434604641 0
0.1166614281872526 0.1984478790926709 0
0.232478691224109 0.1482628442033977 0
0.2041470988054172 0.09739798243991787 0
0.228151291067149 0.09932564820801316 0
0.174996723734355 0.09740738464933427 0
0.08694129716769572 0.2492728261616322 0
0.188819246405925 0.07291145569180543 0
0.1604166666666682 0.07215018295249299 0
0.1458327872890602 0.0974089451328381 0
0.1312500000000015 0.07215018295249263 0
0.1166665756592889 0.09740920521342179 0
0.1020833333333349 0.07215018295249231 0
0.08749998483210478 0.09740924856018546 0
0.1020833156374551 0.1226683213923396 0
0.07360587855483483 0.1222704085445043 0
0.08761486569871535 0.147861083604243 0
0.07089962854692151 0.07134980072437409 0
0.05420456747750516 0.1471807787705417 0
0.07291666666666709 0.1731864800606764 0
0.1021016045365505 0.1731758138232702 0
0.08750217212063394 0.1984441640906463 0
0.05885721346601345 0.1987475759530967 0
0.07291122490350152 0.2238062543877878 0
0.04421208103543213 0.2231693005919819 0
0.02826520090350389 0.1951693813561529 0
0.05686746983198811 0.2490394576579655 0
0.04159122954000515 0.2748368448246937 0
0.07077641819127659 0.275011553878957 0
0.1166888025917368 0.14791459491527 0
0.1604159039037754 0.1226680225346852 0
0.2187500000000001 0.3247409257229539 0
0.2333333333333334 0.2994818514459078 0
0.2625000000000001 0.2994818514459078 0
0.2479166666666667 0.2742227771688617 0
0.2041666666666668 0.2994818514459078 0
0.2770833333333334 0.2742227771688617 0
0.2625000000000001 0.2489637028918156 0
0.2333333333333334 0.2489637028918156 0
0.2479166666666668 0.2237046286147695 0
0.2770833333333333 0.2237046286147695 0
0.2625 0.1984455543377235 0
0.2911431485540922 0.1987478076609439 0
0.2736908668042191 0.1746557284342566 0
0.2918867031445679 0.300301130240471 0
0.3064231236821026 0.2754266163624557 0
0.3057449712944776 0.2231318117557133 0
0.3217256823208008 0.1953162976526479 0
0.1895833333333335 0.3247409257229538 0
0.3247331325976489 0.1314961728056777 0
0.2994805525916902 0.1167076954676131 0
0.2994816349702047 0.08750683813349121 0
0.2744390693108034 0.1021434387424936 0
0.2747671134076954 0.07204738157374843 0
0.276348499489171 0.1315835137294979 0
0.3248494338767149 0.0731058104820845 0
0.2996991669984346 0.05840912026916776 0
0.2742227771688614 0.04375000000000027 0
0.2485220585885579 0.056446030305289 0
0.2267624212244631 0.04464070015345348 0
0.3025065695334895 0.02684665555195887 0
0.2770833333333331 0.3247409257229538 0
0.1019654766313733 0.2237837355056845 0
0.3012747429330044 0.1448036203527074 0
0.1312500000000002 0.02525907427704611 0
0.1895796607953533 0.2237062099121694 0
0.02467019143273021 0.07165609081968125 0
0.07459014215461235 0.02460242678003412 0
0.1312315770972101 0.3247421032477281 0
0.1750000000000003 0.2994818514459078 0
0.02604701474146195 0.131867476147798 0
0.05910319167632675 0.0986499431202012 0
0.1312534024598357 0.12266610471551 0
0.2187500000000001 0.2742227771688617 0
0.188823053760407 0.02377585871617047 0
0.1312545669797213 0.1731835249125896 0
0.1457928508975907 0.299490772827995 0
0.2921151553760701 0.2489777564260626 0
0.2186073163454135 0.1732424926513422 0
0.2211458214255998 0.07179964789144871 0
0.1603832335799546 0.2742350804107258 0
0.1895764095966201 0.2742254036364871 0
0.2041635490652898 0.2489649801133013 0
0.218748771963219 0.2237051470181962 0
0.2333092517045504 0.1984550181536844 0
0.2468785006826733 0.1737051287927978 0
0.2479248334483675 0.1208563080195467 0
0.05685382853700925 0.3002454207470845 0
0.02598543445677034 0.302766591776182 0
0.3053892520804864 0.3260264761945819 0
0.02346321772149767 0.04446883708009676 0
0.04615873923200559 0.0568147293091842 0
0.1739856593436845 0.04874326213235129 0
0.1458333333333336 0.04870462861476898 0
0.1166666666666678 0.04870462861476944 0
0.08875819151847589 0.04795751108195138 0
0.2986353037011799 0.1712596323690019 0
0.04761213430594711 0.1749572689724475 0
0.04823777190530414 0.1201938329357609 0
0.2581932796561639 0.1504138919334707 0
0.2005011551836323 0.0489188267882172 0
0.277083333333333 0.01953796194810304 0
0.3307726249156506 0.276316407513875 0
0.2520136446585799 0.08221734589983833 0
0.2182845554141136 0.0202935222759637 0
0.01999851722538295 0.2206068413601852 0
0.3298871752662665 0.2205121752662672 0
0.01804542938935243 0.2770833333333336 0
0.3286485181125743 0.3286485181125743 0
0.02135148188742561 0.02135148188742562 0
0.3286485181125743 0.0213514818874256 0
0.02135148188742558 0.3286485181125743 0
0.04583627953900167 0.07978794644446431 0
0.06597482773201972 0.04569465528928434 0
0.2804798084467512 0.1533664737306133 0
2 26 0 127
962
963
964
965
966
967
968
969
970
971
972
973
974
975
976
977
978
979
980
981
982
983
984
985
986
987
988
989
990
991
992
993
994
995
996
997
998
999
1000
1001
1002
1003
1004
1005
1006
1007
1008
1009
1010
1011
1012
1013
1014
1015
1016
1017
1018
1019
1020
1021
1022
1023
1024
1025
1026
1027
1028
1029
1030
1031
1032
1033
1034
1035
1036
1037
1038
1039
1040
1041
1042
1043
1044
1045
1046
1047
1048
1049
1050
1051
1052
1053
1054
1055
1056
1057
1058
1059
1060
1061
1062
1063
1064
1065
1066
1067
1068
1069
1070
1071
1072
1073
1074
1075
1076
1077
1078
1079
1080
1081
1082
1083
1084
1085
1086
1087
1088
0.35 0.1130128228229487 0.1355856442314041
0.35 0.2369871771770513 0.1355856442314041
0.35 0.2732426868450452 0.02277320963701058
0.35 0.07675731315495488 0.02277320963701061
0.35 0.02405626121623432 0.1805555555555557
0.35 0.3259437387837656 0.1805555555555557
0.35 0.02574978521086236 0.09651532988894003
0.35 0.3242502147891375 0.09651532988893985
0.35 0.2369806499566687 0.1576362255863031
0.35 0.1123138274831839 0.1580802778754834
0.35 0.2566433144267672 0.1465341131257195
0.35 0.2561712670884789 0.1240501100354843
0.35 0.09339651391145343 0.1465344317585174
0.35 0.09383537096789113 0.1240501631409506
0.35 0.2577932242068241 0.1704904935926209
0.35 0.09291204924593846 0.1700098302232509
0.35 0.2036666666666666 0.08177719612174035
0.35 0.1463333333333333 0.08177719612174034
0.35 0.2279077654938387 0.08041091386677893
0.35 0.1220922345061612 0.08041091386677897
0.35 0.216732572644747 0.1695375512662714
0.35 0.1480350660990715 0.1699080705454378
0.35 0.07346613311715486 0.1346673554762409
0.35 0.2766861583817078 0.1347541156568443
0.35 0.2765230278818623 0.1103994106074763
0.35 0.07350346037734289 0.110384959428287
0.35 0.1918263886055709 0.2238450491417948
0.35 0.1342305746508841 0.06000377306940438
0.35 0.2158186419354431 0.06003069722181795
0.35 0.160828353497341 0.06112139310570828
0.35 0.2764633597397964 0.2249517764715893
0.35 0.07528505717777498 0.2245897239880796
0.35 0.1313448378939393 0.2225537543301834
0.35 0.2402627110556042 0.06041437612937143
0.35 0.1097454917087836 0.06040988877063592
0.35 0.02143372200165287 0.0422484297023573
0.35 0.3285662779983471 0.04224842970235727
0.35 0.1125156710709586 0.1815710862317776
0.35 0.1893218736324965 0.02243820700732005
0.35 0.2505300988589341 0.08005140054672606
0.35 0.09947126826846388 0.08005065265360356
0.35 0.05288296943678537 0.1230571384503004
0.35 0.05037609175013407 0.1463785320444599
0.35 0.2971468271895591 0.1230740070102657
0.35 0.2977562920482986 0.1467148907767792
0.35 0.084830933026938 0.05943963374512115
0.35 0.2651690669730619 0.05943963374512097
0.35 0.2298581783687756 0.04134895539658134
0.35 0.1201958872880534 0.04131386667396722
0.35 0.09076382625187891 0.1987797725572557
0.35 0.07045227945684845 0.1821365906962287
0.35 0.2768862448332744 0.08258917320188888
0.35 0.2907878405948447 0.05915647764570044
0.35 0.07311578544271699 0.0825880653977847
0.35 0.05921215940515518 0.05915647764570071
0.35 0.1893385120015302 0.06129866922172279
0.35 0.3194357795142807 0.1342024086845164
0.35 0.03056422048571922 0.1342024086845166
0.35 0.1023307204902719 0.2251311234802684
0.35 0.1770967150307824 0.1693723443309303
0.35 0.1582224410028892 0.1936821790560871
0.35 0.1607446864199953 0.2233455407765827
0.35 0.2484311195618866 0.224988073425999
0.35 0.2602059275657833 0.197372385609145
0.35 0.2870917944260681 0.1980788597079416
0.35 0.2348593712417278 0.2049307383695235
0.35 0.2200728577910257 0.2255410422919757
0.35 0.2115084361395712 0.196450763688942
0.35 0.3055764023786021 0.221447076166633
0.35 0.04535726682412896 0.2233061450553463
0.35 0.1608728009117477 0.02086134528229679
0.35 0.02380855849457343 0.06987347814353462
0.35 0.3261914415054265 0.06987347814353462
0.35 0.05201928832482941 0.1008118713673741
0.35 0.2979904308687608 0.1008172759579171
0.35 0.3280314009587774 0.2063452777168843
0.35 0.1131481556047008 0.1144817632907378
0.35 0.2368529507380275 0.1144817544398267
0.35 0.04705878468875119 0.03060532634517257
0.35 0.3029412153112487 0.03060532634517253
0.35 0.02346102895042835 0.2073023608066532
0.35 0.04611804825103698 0.1945060170969533
0.35 0.07109336098386501 0.1583402249434731
0.35 0.2771518514656967 0.1585224935517404
0.35 0.2975049484744774 0.1717261702127317
0.35 0.2443142210119663 0.02128430166097252
0.35 0.1056900691095544 0.02127552422219448
0.35 0.1750072394097456 0.08182498595227693
0.35 0.1826833168185193 0.1973050079198531
0.35 0.04595709842166087 0.170314609462141
0.35 0.2557530017617232 0.101330049644959
0.35 0.09425326991522562 0.1013273421582859
0.35 0.323440126470137 0.1564590967975232
0.35 0.2761145840930085 0.1797172512236677
0.35 0.1143034018899978 0.2050576435806636
0.35 0.02184293297034363 0.1566113747534881
0.35 0.134075225651673 0.1930764992892445
0.35 0.2365981030268348 0.1817038413013862
0.35 0.1750781951858428 0.04155213699038805
0.35 0.1983375414600573 0.1780031281073642
0.35 0.1477849200717153 0.04076457295436314
0.35 0.2023138945499934 0.0410701940587164
0.35 0.06559529559233365 0.2046636498787727
0.35 0.216432295998253 0.02066043506646597
0.35 0.1328406128968452 0.02070255152213693
0.35 0.0210134739898012 0.2293594634218198
0.35 0.3308882273341426 0.2300029152211479
0.35 0.3088296570043382 0.1956305878719492
0.35 0.01953183467141415 0.02012630676506154
0.35 0.3304681653285859 0.02012630676506152
0.35 0.0355003204538338 0.1151831219600185
0.35 0.3145075827101531 0.11518757659012
0.35 0.09490046539515591 0.04164894082354693
0.35 0.2551106276953002 0.04165699974356816
0.35 0.04546809457787712 0.07747446024135193
0.35 0.304533863667053 0.07747554564045973
0.35 0.2375544211697619 0.09640844903835179
0.35 0.1124455788302381 0.0964084490383517
0.35 0.3110970094108746 0.05590153900477759
0.35 0.03890299058912536 0.05590153900477746
0.35 0.1462248587150142 0.2094199027032639
0.35 0.07244655026232252 0.04328380456875091
0.35 0.2775550344648854 0.04328495584303955
0.35 0.1278352363875569 0.1689010619344772
0.35 0.01628533881097262 0.121328861408961
0.35 0.3337146611890272 0.1213288614089607
0.35 0.199900032493784 0.1619826047409132
2 27 0 6
1089
1090
1091
1092
1093
1094
0.3885416666666666 0.132 0.1255804263565892
0.4116319444444444 0.132 0.1245163113695091
0.36875 0.132 0.1284825581395349
0.4312499999999999 0.132 0.1215174418604651
0.3616950856318731 0.132 0.11425
0.4383049143681269 0.132 0.13575
2 28 0 11
1095
1096
1097
1098
1099
1100
1101
1102
1103
1104
1105
0.4271438440011287 0.175 0.1035
0.3875 0.1963493649053891 0.1035
0.3875 0.1536506350946109 0.1035
0.4120316627556885 0.1530631068298175 0.1035
0.4120316627556885 0.1969368931701825 0.1035
0.4000853570581041 0.175 0.1035
0.3720880124989202 0.175 0.1035
0.3675483532535668 0.1507359669846998 0.1035
0.4324607754748985 0.1507280058842939 0.1035
0.4324607754748985 0.1992719941157061 0.1035
0.3675483532535668 0.1992640330153002 0.1035
2 29 0 6
1106
1107
1108
1109
1110
1111
0.4114583333333333 0.218 0.1244195736434109
0.3883680555555555 0.218 0.125483688630491
0.36875 0.218 0.1284825581395349
0.4312499999999999 0.218 0.1215174418604651
0.3616950856318731 0.218 0.11425
0.4383049143681269 0.218 0.13575
2 30 0 11
1112
1113
1114
1115
1116
1117
1118
1119
1120
1121
1122
0.3728561559988712 0.175 0.1465
0.4124999999999999 0.196349364905389 0.1465
0.4124999999999999 0.153650635094611 0.1465
0.3879683372443113 0.1969368931701825 0.1465
0.3879683372443113 0.1530631068298175 0.1465
0.400010825102853 0.175 0.1465
0.4279119875010798 0.175 0.1465
0.432451646746433 0.1507359669846998 0.1465
0.3675392245251013 0.1507280058842939 0.1465
0.3675392245251013 0.1992719941157061 0.1465
0.432451646746433 0.1992640330153002 0.1465
2 31 0 3
1123
1124
1125
0.45 0.175 0.125
0.45 0.1965 0.1261944444444445
0.45 0.1535 0.1261944444444445
2 32 0 17
1126
1127
1128
1129
1130
1131
1132
1133
1134
1135
1136
1137
1138
1139
1140
1141
1142
0.1393409315378767 0.1033869366915951 0.02000592654709323
0.2430173708583691 0.1328854269698115 0.02000592654709324
0.1968930392057665 0.09805394854617444 0.01999407345290677
0.1004022216476514 0.1461006667050281 0.02000592654709323
0.2232107709103405 0.1111586218175808 0.01999407345290677
0.167618531242936 0.2546587341036027 0.01999407345290676
0.115883711309638 0.1210994952576715 0.02
0.2536378479747121 0.1603000385746744 0.0199710142511643
0.2430173708583692 0.2171145730301884 0.02000592654709323
0.1968930392057668 0.2519460514538255 0.01999407345290677
0.09499999999999999 0.1750000000000003 0.01999407345290677
0.2232107709103406 0.2388413781824191 0.02000592654709323
0.1676250707400891 0.09534066019347567 0.02
0.2536339647887765 0.1897207194660263 0.02
0.1004022216476516 0.2038993332949726 0.01999407345290677
0.1393409315378771 0.246613063308405 0.01999407345290676
0.1158792866223474 0.2288956514917247 0.01999407345290677
2 33 0 39
1143
1144
1145
1146
1147
1148
1149
1150
1151
1152
1153
1154
1155
1156
1157
1158
1159
1160
1161
1162
1163
1164
1165
1166
1167
1168
1169
1170
1171
1172
1173
1174
1175
1176
1177
1178
1179
1180
1181
0.1901351651507046 0.1243128042006918 0.03
0.1357018943205515 0.1391750431112846 0.03
0.2288784331332011 0.1657125742259988 0.03
0.2070461621973321 0.217435976888646 0.03
0.1683344820733407 0.2319189720732535 0.03
0.1204409114143598 0.1733475565149322 0.03
0.1294676049935255 0.2128983712011716 0.03
0.1175630599402779 0.1970210882500265 0.03
0.1466255662913246 0.2255368405547845 0.03
0.1591142103576821 0.2144847159144876 0.03
0.1747808243505671 0.2140216362079176 0.03
0.1194370500197136 0.15224449741721 0.03
0.1362872020360318 0.1902683024340226 0.03
0.1410714134299187 0.1723562759162425 0.03
0.1541493335586467 0.1466538894975982 0.03
0.1901137276238981 0.2305051258507557 0.03
0.2000428292518857 0.1949915333551386 0.03
0.2263639885162784 0.2058029876594203 0.03
0.2190424677766705 0.1850209832336516 0.03
0.2009830549481582 0.1716446095519349 0.03
0.2090173722324704 0.1486632594149298 0.03
0.1876968599047122 0.1522985648170726 0.03
0.1727791593084775 0.1370822442125854 0.03
0.168993037004157 0.1148899619584183 0.03
0.2120823295389485 0.1264626467103941 0.03
0.1711243303999235 0.1614170297742387 0.03
0.1495805458154634 0.1223506072981408 0.03
0.1544074539146045 0.1660942677725258 0.03
0.1881231659953307 0.1814060872626356 0.03
0.1510889702017655 0.1810812927479685 0.03
0.1457164056634543 0.2058931201037926 0.03
0.1627911228003395 0.1754560403951829 0.03
0.1788235929947747 0.1956238939100199 0.03
0.2279970557157626 0.1432752429666016 0.03
0.1618690881731385 0.202174086906129 0.03
0.1845195076407137 0.1687191739068916 0.03
0.1412285110235102 0.1544216774809813 0.03
0.2366815334065938 0.1870489001665105 0.03
0.1917348333047472 0.2101041020524206 0.03
2 34 0 26
1182
1183
1184
1185
1186
1187
1188
1189
1190
1191
1192
1193
1194
1195
1196
1197
1198
1199
1200
1201
1202
1203
1204
1205
1206
1207
0.1681886810222037 0.2304363399912578 0.01
0.170093466862761 0.1220500748003872 0.01
0.2272713323902949 0.1847712054637456 0.01
0.1218232320832544 0.1750000000000003 0.01
0.2070461621973321 0.217435976888646 0.01
0.135054470701533 0.2133220431265564 0.01
0.1322688084730617 0.1391281291527671 0.01
0.207046162197332 0.1325640231113539 0.01
0.2272713323902948 0.1426349612230644 0.01
0.2088891554408187 0.1619906171758437 0.01
0.1840780053492906 0.1450707098801216 0.01
0.1804550155087235 0.173770626393676 0.01
0.157824401324068 0.1517667538257848 0.01
0.1497086792399717 0.1856707897698789 0.01
0.1781807469752294 0.2037650665352178 0.01
0.2038406542832339 0.1912827839939364 0.01
0.1176716261063278 0.1527908696343925 0.01
0.1480165733087566 0.1244315056285389 0.01
0.1913282845111404 0.1178137253785367 0.01
0.2272713323902949 0.2073650387769356 0.01
0.1475960148593048 0.2300346211334083 0.01
0.1892912254827905 0.2305818361654259 0.01
0.2347672601620977 0.1631186834782925 0.01
0.1207534879149048 0.1964608040118809 0.01
0.1565169815714544 0.2115974570545951 0.01
0.1365788405935983 0.1607446211506858 0.01
2 35 0 16
1208
1209
1210
1211
1212
1213
1214
1215
1216
1217
1218
1219
1220
1221
1222
1223
0.1501343984832275 0.2011082018896805 0.05745036603016131
0.1440949495884471 0.1796667425267261 0.04953660786742703
0.1492447619585298 0.2076804001381106 0.0462606708342951
0.1399547044094358 0.2024572807012514 0.05069288453602751
0.1396344528163017 0.2025653768235384 0.04011684543491144
0.1350237167092205 0.1943149625611715 0.0464695041610808
0.137838017243662 0.1924774608162059 0.03604541299862454
0.1407107289476063 0.1945557234071454 0.05674112436877798
0.1445965275955082 0.179533358604647 0.04024454140042506
0.1538510632199455 0.2007037738522736 0.03292421492154793
0.1379890325727743 0.1866657538556369 0.05184779799651135
0.1439154399620297 0.1859675208437002 0.03301662732736866
0.1493177794106749 0.2056031528324363 0.03729267062557623
0.1432915652576768 0.1990169759175303 0.03306603816258818
0.1373141325785884 0.1850360089098286 0.04218483962861092
0.1446835120450093 0.1855323908384322 0.05708585506593199
2 36 0 5
1224
1225
1226
1227
1228
0.1686771219711233 0.1976058491246678 0.03325264963306499
0.1686771219711216 0.197605849124671 0.05674735036693379
0.1700523201443541 0.2034653733798533 0.04500000072575424
0.1744963384627815 0.1977557365003441 0.03910058936397821
0.1744963384627848 0.1977557365003395 0.05089941063602103
2 37 0 11
1229
1230
1231
1232
1233
1234
1235
1236
1237
1238
1239
0.179928284216826 0.1682235300473514 0.0354668178434108
0.179928284216818 0.1682235300473143 0.05453318215655412
0.1638107130456579 0.1678788409112512 0.04617644592972853
0.1670907761925368 0.1708793072543686 0.03430124092667272
0.1676920338060796 0.1724363535047743 0.05699819660246261
0.1840470137307482 0.188233995293667 0.03900410780524557
0.1825995714849727 0.1900735216631091 0.04971129878085004
0.171250864266221 0.1654377066627961 0.051824366958753
0.1744741814620995 0.163521019831383 0.04320348063057538
0.1859485897689294 0.1688133139343534 0.04480655546161792
0.1782779152064644 0.185975834793136 0.05736740237836839
2 39 0 18
1240
1241
1242
1243
1244
1245
1246
1247
1248
1249
1250
1251
1252
1253
1254
1255
1256
1257
0.1482489976764207 0.1950090344334178 0.05460503927462935
0.1465801099083541 0.199499665347309 0.05160140155407531
0.1436428864865983 0.185623755557163 0.04175921186700658
0.1449320540513018 0.1880015185828813 0.03771218309801006
0.1469038677689647 0.2021542483458083 0.04664402195996878
0.1418364496077701 0.1972495082727505 0.0488989960656238
0.1443009134516776 0.1942033254539121 0.05317770256972733
0.1399413674147688 0.191548319140748 0.04508798593663021
0.1431443680589056 0.1994169406441397 0.04179289320468643
0.1457734792780529 0.1912690166336997 0.03599754150330629
0.1415954812452934 0.1908509559506677 0.05028742292639513
0.1451886252048005 0.1884480135496877 0.05272124598316858
0.1440824713470233 0.1853739363623577 0.04848740818220348
0.1478504573237959 0.1904615851470937 0.05452391055556721
0.1470379253374536 0.1977953224580158 0.03684556181624895
0.1475646193367899 0.1933503241794916 0.03528786658338385
0.1487758173004913 0.1902841495012741 0.0353697413754574
0.1418337938084648 0.1926275845574112 0.0390483312265474
2 40 0 2
1258
1259
0.1574606990215311 0.1806354727162289 0.04045160126706525
0.1574607041475309 0.1806354747074984 0.049548395479248
2 42 0 3
1260
1261
1262
0.1598653573373125 0.1997997051075467 0.04500000052733566
0.1592379608670695 0.1966364641460767 0.05178522590080022
0.1592379549381941 0.1966364617749756 0.03821477508514994
2 43 0 1
1263
0.1558727013778604 0.1965518434773308 0.03796620891177138
2 44 0 2
1264
1265
0.1529735493597605 0.1838247033776585 0.04828066491072648
0.1529735286626955 0.1838246930477441 0.04171934359528855
2 45 0 4
1266
1267
1268
1269
0.1675211909640755 0.1953057549456893 0.03769041470490551
0.1681395280400298 0.1975520894249117 0.04943809943867766
0.1679934915789887 0.1945431881535167 0.05247952980974675
0.1682756071370427 0.1986456625033969 0.04393118297815539
2 46 0 2
1270
1271
0.1732731663048571 0.1926344398483498 0.04037133433475359
0.1732731663048567 0.1926344398483498 0.04962866566524635
2 49 0 2
1272
1273
0.1613790723748621 0.1857427258743091 0.04604721969339347
0.161864074900851 0.1863147886432359 0.04280866368446708
2 51 0 1
1274
0.1583480708633799 0.1876610527363306 0.04350253686391305
2 52 0 2
1275
1276
0.1669272789777758 0.1913005179020784 0.04335510756717621
0.1668796269264953 0.1911050936726409 0.0476434434386315
2 55 0 9
1277
1278
1279
1280
1281
1282
1283
1284
1285
0.1694090023609715 0.1700837908644068 0.04733915777313886
0.178246617488191 0.171966297343364 0.05162044994116056
0.169473346756546 0.1703029947526349 0.04188287701680605
0.1782466174881931 0.1719662973433886 0.03837955005881671
0.1803365247049475 0.1829907117043908 0.0516400166575838
0.1791528914773348 0.1816628342213816 0.0368098374639723
0.1760290606916462 0.1685425678261261 0.04500000000000533
0.1824368710401421 0.184380323270495 0.04456488727520951
0.1819795986694985 0.1718619400164493 0.04496103853849687
2 59 0 3
1286
1287
1288
0.1483079106621874 0.1918605298399931 0.04195901481710018
0.1483994080937134 0.1909370819970758 0.04874000451901019
0.1493580439487557 0.196429720801035 0.04685589781299112
2 60 0 3
1289
1290
1291
0.1532342190957511 0.1914964210671391 0.04279190502086541
0.1534933449734578 0.1908171450850948 0.0483199015419318
0.1542888904763252 0.1950735042262185 0.04662412181803845
2 61 0 2
1292
1293
0.1622896104190701 0.1843491416502616 0.04545940576777589
0.1636791618736645 0.186968234314064 0.04405703476052818
2 62 0 2
1294
1295
0.1684446128431348 0.1864102308246059 0.04553581065488485
0.1659987741762448 0.1836757239882924 0.04385374520527737
2 63 0 2
1296
1297
0.1736397823341906 0.1799889177866575 0.04702177653938524
0.1723415642657013 0.1793325116208341 0.04095947422427786
2 64 0 2
1298
1299
0.1707301703013367 0.1840644796586672 0.04446378314879729
0.1679373316333533 0.1816987774018127 0.04608905372824346
3 2 0 0
3 3 0 0
3 4 0 766
1300
1301
1302
1303
1304
1305
1306
1307
1308
1309
1310
1311
1312
1313
1314
1315
1316
1317
1318
1319
1320
1321
1322
1323
1324
1325
1326
1327
1328
1329
1330
1331
1332
1333
1334
1335
1336
1337
1338
1339
1340
1341
1342
1343
1344
1345
1346
1347
1348
1349
1350
1351
1352
1353
1354
1355
1356
1357
1358
1359
1360
1361
1362
1363
1364
1365
1366
1367
1368
1369
1370
1371
1372
1373
1374
1375
1376
1377
1378
1379
1380
1381
1382
1383
1384
1385
1386
1387
1388
1389
1390
1391
1392
1393
1394
1395
1396
1397
1398
1399
1400
1401
1402
1403
1404
1405
1406
1407
1408
1409
1410
1411
1412
1413
1414
1415
1416
1417
1418
1419
1420
1421
1422
1423
1424
1425
1426
1427
1428
1429
1430
1431
1432
1433
1434
1435
1436
1437
1438
1439
1440
1441
1442
1443
1444
1445
1446
1447
1448
1449
1450
1451
1452
1453
1454
1455
1456
1457
1458
1459
1460
1461
1462
1463
1464
1465
1466
1467
1468
1469
1470
1471
1472
1473
1474
1475
1476
1477
1478
1479
1480
1481
1482
1483
1484
1485
1486
1487
1488
1489
1490
1491
1492
1493
1494
1495
1496
1497
1498
1499
1500
1501
1502
1503
1504
1505
1506
1507
1508
1509
1510
1511
1512
1513
1514
1515
1516
1517
1518
1519
1520
1521
1522
1523
1524
1525
1526
1527
1528
1529
1530
1531
1532
1533
1534
1535
1536
1537
1538
1539
1540
1541
1542
1543
1544
1545
1546
1547
1548
1549
1550
1551
1552
1553
1554
1555
1556
1557
1558
1559
1560
1561
1562
1563
1564
1565
1566
1567
1568
1569
1570
1571
1572
1573
1574
1575
1576
1577
1578
1579
1580
1581
1582
1583
1584
1585
1586
1587
1588
1589
1590
1591
1592
1593
1594
1595
1596
1597
1598
1599
1600
1601
1602
1603
1604
1605
1606
1607
1608
1609
1610
1611
1612
1613
1614
1615
1616
1617
1618
1619
1620
1621
1622
1623
1624
1625
1626
1627
1628
1629
1630
1631
1632
1633
1634
1635
1636
1637
1638
1639
1640
1641
1642
1643
1644
1645
1646
1647
1648
1649
1650
1651
1652
1653
1654
1655
1656
1657
1658
1659
1660
1661
1662
1663
1664
1665
1666
1667
1668
1669
1670
1671
1672
1673
1674
1675
1676
1677
1678
1679
1680
1681
1682
1683
1684
1685
1686
1687
1688
1689
1690
1691
1692
1693
1694
1695
1696
1697
1698
1699
1700
1701
1702
1703
1704
1705
1706
1707
1708
1709
1710
1711
1712
1713
1714
1715
1716
1717
1718
1719
1720
1721
1722
1723
1724
1725
1726
1727
1728
1729
1730
1731
1732
1733
1734
1735
1736
1737
1738
1739
1740
1741
1742
1743
1744
1745
1746
1747
1748
1749
1750
1751
1752
1753
1754
1755
1756
1757
1758
1759
1760
1761
1762
1763
1764
1765
1766
1767
1768
1769
1770
1771
1772
1773
1774
1775
1776
1777
1778
1779
1780
1781
1782
1783
1784
1785
1786
1787
1788
1789
1790
1791
1792
1793
1794
1795
1796
1797
1798
1799
1800
1801
1802
1803
1804
1805
1806
1807
1808
1809
1810
1811
1812
1813
1814
1815
1816
1817
1818
1819
1820
1821
1822
1823
1824
1825
1826
1827
1828
1829
1830
1831
1832
1833
1834
1835
1836
1837
1838
1839
1840
1841
1842
1843
1844
1845
1846
1847
1848
1849
1850
1851
1852
1853
1854
1855
1856
1857
1858
1859
1860
1861
1862
1863
1864
1865
1866
1867
1868
1869
1870
1871
1872
1873
1874
1875
1876
1877
1878
1879
1880
1881
1882
1883
1884
1885
1886
1887
1888
1889
1890
1891
1892
1893
1894
1895
1896
1897
1898
1899
1900
1901
1902
1903
1904
1905
1906
1907
1908
1909
1910
1911
1912
1913
1914
1915
1916
1917
1918
1919
1920
1921
1922
1923
1924
1925
1926
1927
1928
1929
1930
1931
1932
1933
1934
1935
1936
1937
1938
1939
1940
1941
1942
1943
1944
1945
1946
1947
1948
1949
1950
1951
1952
1953
1954
1955
1956
1957
1958
1959
1960
1961
1962
1963
1964
1965
1966
1967
1968
1969
1970
1971
1972
1973
1974
1975
1976
1977
1978
1979
1980
1981
1982
1983
1984
1985
1986
1987
1988
1989
1990
1991
1992
1993
1994
1995
1996
1997
1998
1999
2000
2001
2002
2003
2004
2005
2006
2007
2008
2009
2010
2011
2012
2013
2014
2015
2016
2017
2018
2019
2020
2021
2022
2023
2024
2025
2026
2027
2028
2029
2030
2031
2032
2033
2034
2035
2036
2037
2038
2039
2040
2041
2042
2043
2044
2045
2046
2047
2048
2049
2050
2051
2052
2053
2054
2055
2056
2057
2058
2059
2060
2061
2062
2063
2064
2065
0.1687868288026117 0.1107636673119085 0.1326315561574302
0.113419575268471 0.1803489973841103 0.1405485960684545
0.2274009165258921 0.1833596117496318 0.1367581932849847
0.173131080909244 0.2579822880395984 0.127052457290033
0.1167251461935304 0.234115112285773 0.1031878231956226
0.2100536116876998 0.2238892627775594 0.09277306881935243
0.25928863802022 0.09761448675051172 0.1353703426561909
0.110777072473145 0.1773163716360229 0.09162257822157545
0.08489658544598178 0.1024613257027791 0.1222885530170902
0.2623533285707091 0.2618583706342124 0.1582895778146029
0.1696862277242987 0.1853327190208162 0.1196442280968857
0.1432125776697118 0.1315224877987838 0.08695976299005605
0.2180302984518458 0.1332105463342989 0.0951900157110927
0.07893078604380303 0.2441656917151804 0.1718219306677316
0.187296132553376 0.2161673350576922 0.1698005155936894
0.1188954170996272 0.1230975921976455 0.1786783807236667
0.2786556826426373 0.2460352578542763 0.08981092503346663
0.1528709466954558 0.1729452658055158 0.08867723628364566
0.1819811261975567 0.1564858446481675 0.1707093719865122
0.1670500368243677 0.2346374707323658 0.08296050435029087
0.2818427879295275 0.1552864180316693 0.1062628734048952
0.2781006275788758 0.1527221609197192 0.178708407138401
0.2095902803808622 0.06695501047667833 0.1022003988620443
0.2078453971517552 0.06921536224506288 0.1707113480460418
0.1346953028182471 0.06576071256323704 0.09655272680187515
0.2819548639197038 0.09141789958146648 0.0702659476029088
0.2017240983383847 0.1809620606058562 0.09228463960751339
0.06163606334514853 0.2071723881935704 0.1170544571144066
0.1070956497298042 0.206533914267815 0.0683588007713611
0.0626510558066919 0.1477584452930632 0.1613444081992711
0.07117759008436794 0.2788224099156321 0.0712601795767748
0.07715777554985942 0.06839611518612615 0.1816411659283653
0.1432482630097143 0.06374207039136293 0.1692594912811832
0.2459659924626607 0.2106554670079189 0.1893362539830797
0.2291086018813165 0.2843150965139165 0.1071782571890308
0.1342942864105766 0.2825375287738879 0.1765344369730307
0.1386494131200623 0.2895615949988129 0.08644281213985761
0.1306268420203018 0.215 0.1845057788269424
0.2054764378242219 0.2738040024727783 0.1759828277399932
0.2848035246903982 0.2065998033005967 0.1410764284098406
0.07475864350882899 0.06653654558204719 0.06668571206594041
0.06169396789094137 0.1406763792352023 0.07837521830676884
0.2848991038472277 0.0641629356237212 0.1855118704179216
0.136566002347143 0.206976956612983 0.09028461813580133
0.09356703389778451 0.2854650415629826 0.1283748874924486
0.2285696145605066 0.1228254574437258 0.1774357943598046
0.1722521444606255 0.1523472438124777 0.07876501732096775
0.1263400361258132 0.1643209955292599 0.06892056909910707
0.1664624175316604 0.1111877403894133 0.1817032507820681
0.0999219001568169 0.1715752817300101 0.1917526078526617
0.2118252756519392 0.155272876406313 0.06674625006753365
0.2932908057824417 0.05631744606938894 0.1143461500027325
0.1398909129145854 0.2294704276970836 0.06736286918274779
0.292516333384176 0.2930471598060576 0.1202557175538903
0.142479558883509 0.1519795055597236 0.1252330992145191
0.2243992277195262 0.2337195393517416 0.1402594932859202
0.2510915237078889 0.1936514002794393 0.09281192744099617
0.2603586038023256 0.2918754980260649 0.05812027197442661
0.05455964929423824 0.2257055905779203 0.06463400919415646
0.1418226263386275 0.2175613740649781 0.1390999801577612
0.2957843200834742 0.2347154783235361 0.193241438752307
0.3028622190547364 0.1159577537887985 0.1250521547853097
0.1886933663020664 0.281288394092561 0.07437815121094346
0.1735080085809632 0.2019831247212152 0.09017795449049028
0.1930560241477431 0.2061184347282757 0.07034556245958506
0.1827271526011601 0.1049890202051057 0.07754797237187874
0.0843610851684943 0.1496432152958865 0.1193929576165674
0.2402831665642942 0.05592031680736818 0.05597132528405938
0.2978480104395527 0.1477573433209451 0.05513937876581505
0.2964676479494097 0.20258918712187 0.06088626401395606
0.1021727967453052 0.05446308463224062 0.1369493621805969
0.1924398200049999 0.1481485419057788 0.1283209374601341
0.2146446049252521 0.1082882977331942 0.1336279459639121
0.1750683085305785 0.05380893468195607 0.06323434961651733
0.05316327460644073 0.1973141172509754 0.1815319352838467
0.2939951146464903 0.29091413696573 0.1945921210988064
0.1628070492961927 0.1885688975547391 0.1898281996557067
0.2419957752595272 0.04933241097916611 0.1379221205791949
0.1827754521188142 0.1413522747162182 0.05636219048793638
0.05262191631505561 0.05946161155011295 0.1156240048856737
0.08310846942428177 0.2947132412611613 0.1949450559385361
0.2455753801653361 0.1418409436984592 0.1306595647625462
0.2221793591605398 0.1677830837676108 0.197747723241031
0.3045645343846529 0.249952408106469 0.1354276306054931
0.05033461348131913 0.2585371129099034 0.1151221077163323
0.1001954100471282 0.1088435602972359 0.07504455014415758
0.2992359213362821 0.1111561860985407 0.1997099266375113
0.1699509040486114 0.06275134954958629 0.1292063080568699
0.1618311778928523 0.2422067167529726 0.1903253935225191
0.15069376430635 0.1782756598381712 0.1536117880882637
0.1504252063560047 0.3020967970993662 0.1334142805667503
0.07299468110439546 0.1159178214272001 0.1999413703886006
0.1522824698425923 0.1535388442477069 0.0634169516904666
0.04797812814858101 0.1001311709303555 0.1560941088100868
0.1270249366618516 0.1118288243679722 0.1217867597478825
0.05011052204112162 0.299889477958878 0.1533834270601814
0.3009777731990866 0.04938940998532992 0.04968678740204693
0.2432324141435348 0.0957496837721714 0.09316508979751098
0.2434438113009327 0.2994503893519561 0.1995019654228659
0.1877271509878963 0.2202577686569611 0.129486828540107
0.2581835660117209 0.1341420114490519 0.07334833547928615
0.1200308847902052 0.05059683838030762 0.05050359109922867
0.2427851684835959 0.08297315201688119 0.2023453279622645
0.3010309893850153 0.2637359116670328 0.04851426516752216
0.09850924551895127 0.2212019330436598 0.1405068905616077
0.2362152571160612 0.3018519395428091 0.1515618297706938
0.04932225709628817 0.1788727654257649 0.04935515667671622
0.1089400652069784 0.3014058570466558 0.04878145658702801
0.1296180702483147 0.260481560100665 0.1368722314847942
0.17286637620165 0.3009117229532648 0.200888834579859
0.3042472549162571 0.1910100516617051 0.1802010721284
0.116862235616895 0.0827065577828552 0.2047419516526103
0.04575127619211157 0.1254529762597865 0.1182655022450336
0.1763593153549397 0.04855134418380732 0.2014193191500299
0.04803780035193575 0.1039097258936661 0.04804353032205471
0.254645442726921 0.2542649137326128 0.2037685317356657
0.0894390501148675 0.2145619384859837 0.2061451216303519
0.1360473268672271 0.1845687942513604 0.115689437312406
0.2127542390286374 0.2371396050874175 0.1979060290122642
0.1444615570008397 0.1533927629664945 0.184365070066215
0.1583728992610661 0.3040630908043901 0.04565159990125126
0.1923043834583873 0.1853256334857606 0.1493550125086636
0.1951063933924567 0.2966544784160274 0.1339724417006518
0.2370485812148795 0.2551035407581307 0.07266948525968946
0.3079835857664905 0.08257371641010688 0.1530584477763456
0.3057178145007119 0.1562558382245491 0.1438952455913942
0.04574607016088657 0.1679940350431706 0.126869574754523
0.1145146705678686 0.2525878806559426 0.2046212079961763
0.1113938686757415 0.1421609724482526 0.1459398858594168
0.1105768736942952 0.2611122823838912 0.07000845408089297
0.3029056801186011 0.3028439666217232 0.07529379121461466
0.3113861488522736 0.1133903848761717 0.08607089839267602
0.04571489345950248 0.156671586035942 0.2046521470517622
0.1713857613029261 0.2219746530705207 0.06180396368087448
0.05637753548490494 0.304035152351575 0.1074616574518966
0.2170181532234674 0.3047510717595328 0.04498615975673246
0.1401454713019623 0.09978141507810942 0.155962520404805
0.3054312086972016 0.1932141157724832 0.1037026312802563
0.2260019471042989 0.1899913465497567 0.06594128055169234
0.04759611564824919 0.2635745837012318 0.202242894837529
0.191919994812073 0.1234060232553009 0.1582107966574269
0.06967645126206766 0.1809343195266333 0.08567559210023495
0.2211991209088622 0.04323141288204304 0.2053668736521427
0.04387415876400134 0.04322722859613978 0.04314507702049231
0.04499715567889487 0.04477392966886803 0.2057436624999292
0.2850179396257361 0.115135658741763 0.1617039046299374
0.1373183128666913 0.1884776687319368 0.07790028524331725
0.2539791317200451 0.05416726318177278 0.09680227021096957
0.1957166872494977 0.1310367074020599 0.1950108467034092
0.3082725846641777 0.1590139511967596 0.2096088954211889
0.04453549730394264 0.3054645026960573 0.04433496621483049
0.07432654544997651 0.1859958777392554 0.1490333663051511
0.04366705353111017 0.2278093237828547 0.1513975543380037
0.2728796318106297 0.1832301622485807 0.2084155303207119
0.1572067835413137 0.1348753218278684 0.1564673964972008
0.0990376061852174 0.3079030081424625 0.09104770899688759
0.1329314634140955 0.04150720524149842 0.2060915784074074
0.2171950693081243 0.1527090470602407 0.1568363193408146
0.1687333226543493 0.1561376964876382 0.1093137676105823
0.1001412933148721 0.09297580742726756 0.1587887139319401
0.3089191576665866 0.107540800075337 0.04092455456337774
0.2593285385840327 0.1265660311631055 0.2081013254769317
0.09767252770198549 0.04270015368355029 0.09516686711064398
0.2644383012920362 0.1728637607641141 0.1471304036749289
0.1976229505575952 0.246689555371495 0.06720036849063693
0.06026337377677206 0.09973060313569643 0.08821311554286432
0.1081766165535105 0.1409954063199885 0.09022624259561224
0.04464526281390455 0.04482795355380825 0.1587417052072431
0.3003796830311635 0.04049335917343295 0.153436620837714
0.1731420455394629 0.08494170219423712 0.1576537342992343
0.2194749710928428 0.2004072409057653 0.1673585093165479
0.2572492736596562 0.2253638806169986 0.1176458121743273
0.1302148000399892 0.1867730744556301 0.2123952262166403
0.314228075856771 0.2297805099680873 0.1051569896119529
0.2050258742515281 0.06324521250876441 0.03824591635833817
0.04315561304743077 0.2616471714245589 0.04216830796259902
0.2727889586239826 0.2355483597431501 0.04067924323690701
0.1383651115090035 0.09528701059388961 0.0682370294545398
0.2701551433217869 0.1191564988614969 0.1060865886538818
0.1068405303406505 0.2010691583120863 0.1149912579669169
0.157344827075071 0.2211124502859872 0.1108203327742531
0.1461128082597885 0.2542677985756213 0.104100047594466
0.3095216821323071 0.2847980926682708 0.1568942414350741
0.2030155130269201 0.03852620709507849 0.1310463189634718
0.2319209208359094 0.1653238378271881 0.1054072075103343
0.04237675306061386 0.3076232469393861 0.2079215825408293
0.1939328563019762 0.2459098385073369 0.1525226340830129
0.1693026470176828 0.2743210561331819 0.1620141728649674
0.07990147191630029 0.2441771590177333 0.09005584594501653
0.04212656938468495 0.08727932902944137 0.1959617676993185
0.1317274183327791 0.3097604019326988 0.2097148105620421
0.1975091708324038 0.1924177901118527 0.1935629312316495
0.08989943483911354 0.2509185848770553 0.03871812740480348
0.09174654900931112 0.1613327289800596 0.0673211464797431
0.1049570170717897 0.3094042399091605 0.1615876235541036
0.1544506142631845 0.09956121547596364 0.1008536587909051
0.09141777525085265 0.09722232048723359 0.03883293695952293
0.2616494027426081 0.308325170904692 0.0965423085710377
0.1721878070223199 0.3092111475477795 0.09942531914007585
0.2150564680941762 0.08545831674964306 0.06848924269897966
0.1021099006358112 0.1993976924053596 0.168963978779438
0.2515308324611403 0.04113534831715945 0.1773254213189129
0.2710212474820287 0.1155461606572208 0.04039586630820733
0.2768477460315705 0.3105673110642148 0.154667035920417
0.1757135158730305 0.2155507383306374 0.1987895773284276
0.1826045046937907 0.1252588474028799 0.1050004225446988
0.3117015795444686 0.2685906997336909 0.09461138870054098
0.1746450155725866 0.03880531853999239 0.1618679825613235
0.1391567123480521 0.03810809657698115 0.1382258998721413
0.1962753178614783 0.09427098980744862 0.1950090609891945
0.3106589007786227 0.03998491742500379 0.2087541172432876
0.2454533754326709 0.2642995983860017 0.03696076277349115
0.2495697296695852 0.209208843803528 0.1491747803201298
0.2449572338745671 0.07697901325797507 0.1644489926583134
0.1184542450362191 0.1437550163098828 0.2116220712972842
0.2605141722670958 0.2643326454214113 0.1192720889436216
0.07007166747105401 0.1343505474182237 0.04033994528123498
0.1543508489575603 0.2652476745774609 0.0667187796941032
0.2078851839448599 0.2544396069563685 0.1140314575726768
0.1636165886476842 0.03805756990301119 0.09827164677961231
0.1266266864278576 0.1707064903285761 0.05034057996540129
0.09120440753076398 0.04044396609743183 0.209482615086879
0.313545836884726 0.1362068180351414 0.1751087655237894
0.1395276339261118 0.1111626280104566 0.2062004383394168
0.1653322629915468 0.1363483751142368 0.2002710061624517
0.1777612594787215 0.1640770470500489 0.1998318450012908
0.1572917841085238 0.2072145515165266 0.1647768052268057
0.1567481703769558 0.08062037654755048 0.1980471242655046
0.0391455639901854 0.2236638764330949 0.2105603876017942
0.2720202334677611 0.1694344044302656 0.07248258632897633
0.2025778952040379 0.3127180572338012 0.1693650686084279
0.2207164331641051 0.2229261883540525 0.06075951026324521
0.312858624384816 0.2229765323992918 0.1611592112390363
0.03685924419986376 0.2009367557993865 0.08823050464422943
0.1912670325081693 0.09338689928862975 0.1136850228998097
0.160646274433928 0.2400187254459063 0.1563919042392729
0.2097953987266816 0.312577851740365 0.08692847908889138
0.2098735763063034 0.03846235749421167 0.07456909415887766
0.3112854908124604 0.06858382979380213 0.08201336060511942
0.2018968223436688 0.2874240143587942 0.2171587419083396
0.1123395332460483 0.03880275173117194 0.1721187523834569
0.1574607514727225 0.2022354013895779 0.07690989824330852
0.2187447559688775 0.1144751637246465 0.216826902186455
0.1160743558388522 0.162646772041108 0.1168741070576825
0.2743785017427713 0.0654326544409634 0.1453626045535327
0.3162463261929879 0.08348007793408407 0.118259271927405
0.1151493551401343 0.2424642360605625 0.1655161617054856
0.2111189838471632 0.1196419979979991 0.06400950735925061
0.3158937426082279 0.2319617145554679 0.06910061687125522
0.08347976314285424 0.03921331270609063 0.03872852373343275
0.1994525171114832 0.1932384712337996 0.1204504441784571
0.1294191784420992 0.07697466986302065 0.1303109170913335
0.03912182978861239 0.0386762749835304 0.08332352542588881
0.270840353030158 0.03788967539920617 0.2122342469894812
0.3146859949860784 0.159961213154222 0.08723508665883688
0.2197323622036733 0.2684719173502258 0.1441548704972715
0.1325615292253914 0.1830878035589396 0.1799054983692965
0.2850312920769114 0.03682372058714269 0.08229514520141407
0.2092940003164318 0.07400620172431668 0.1362751980573544
0.2736627960595242 0.08425391412222409 0.1062943065501386
0.1206636870536514 0.1927932520039422 0.06116875875779831
0.0677822700859981 0.211743406286511 0.03384841051962298
0.1003521412750545 0.07953910350467888 0.0976667074696784
0.03760059475814431 0.1268653906473842 0.1817306727224952
0.1955075298231969 0.1523870449729073 0.09715099313697963
0.1218455294595397 0.1316976184551563 0.06053628686556941
0.2712083660322284 0.07168442670737986 0.0386346753097113
0.07182200806006431 0.0748969966558105 0.1432521626982018
0.0367761663839492 0.2644245158456874 0.1643278023101272
0.2277982931168197 0.2101341329504075 0.1172013499323026
0.1872564177490786 0.2145109727406529 0.05011698390175939
0.2167354992393132 0.2058974515709269 0.2182563971297483
0.2892461625241622 0.3120090132775991 0.0384871609140271
0.03760347926194051 0.1646535952208009 0.09150978175442179
0.1777988493944421 0.1763213623836591 0.0850969067507665
0.2558614109495803 0.2234638654167028 0.07173268874038403
0.237450156772708 0.2408532563251932 0.172573542396033
0.1690510035666004 0.1625643912354333 0.1375852734143818
0.1140753613505277 0.2694535446807702 0.1042900074499323
0.0834774649883019 0.1222291296731528 0.1506846169670584
0.1557394228005377 0.3129003092726037 0.1693160917989531
0.1531961110196704 0.03618581494663756 0.03649931000371888
0.06687156778337869 0.1859174961263204 0.2143965140780469
0.2483579922069212 0.0935947911504557 0.05764095896947002
0.03659715796188089 0.2646282675466453 0.07983719223469966
0.2787178972764457 0.1369956897673967 0.136448053151495
0.2735826032330564 0.2291103542855664 0.1661208782188626
0.03472668975066714 0.171972008007397 0.161928916960482
0.03773705264286031 0.07476272484218341 0.07030879126047064
0.3142819248075676 0.07715830405591696 0.2049368264629527
0.318142777285176 0.2084370128367271 0.1310907730109928
0.2455113137587028 0.1792694368839065 0.1751758032934677
0.08410855986310631 0.2507024840970499 0.1253642397890844
0.1264747000275372 0.272451939404377 0.03981731956629642
0.3197469036091672 0.1435904995967028 0.1161265225217073
0.1577434490049318 0.1226418177444828 0.06043999086564081
0.1165328193813245 0.3146972864835039 0.1235042874889394
0.3119721132030375 0.1778949958483863 0.03560269467217905
0.2775549745854154 0.08527687728929279 0.2151515653375803
0.3026748962581951 0.2049648146604883 0.2149173302716191
0.08401587116550047 0.2104819389564599 0.09233232293769722
0.2563381030762732 0.1327310554228114 0.1612135366930254
0.09474107764971824 0.1647097668526314 0.1610778003340149
0.1734366849614547 0.07121228668792626 0.09345561444213704
0.07650682528100514 0.3146799318594812 0.06193477274786968
0.1520367352200995 0.1801319342384211 0.07237065787929094
0.07654773392770103 0.2882482512721504 0.03544867522148859
0.2181573793912715 0.03488164946658565 0.1640211646422112
0.2055124883822745 0.1935472995771447 0.05460366826838096
0.2690120196412706 0.222755029303564 0.2146282843246344
0.1318139901840843 0.1557241436245752 0.09489707413517469
0.08225186190564175 0.1484360821466308 0.2138887790827632
0.2381287811240611 0.07708236134127085 0.1201294477346186
0.1362020027231592 0.2098049659440742 0.06899390871326448
0.08129217171212255 0.1816701720938277 0.1178855781688397
0.2689901152668879 0.0343999518858729 0.03750324435966781
0.03497251837478173 0.090730533899363 0.1231122537721117
0.09741260752277986 0.2739503404144261 0.1625425959020784
0.08149076462611141 0.08339358131187376 0.215007140928795
0.3142184572161782 0.2629593491293252 0.2135069144546239
0.3166869298714104 0.03277101361371004 0.1239624671091511
0.03667292772668207 0.1444806888572089 0.05176501950193119
0.2583143199514617 0.104308204176013 0.1803763216603381
0.316046475983049 0.3164812864193524 0.2066927835334291
0.1435048139542125 0.273624223185672 0.2127478445987434
0.03312798740153126 0.2276490138335351 0.1113945003247825
0.183413611583248 0.2244558327104783 0.102621383505999
0.1199623782214122 0.07818628111719655 0.03116560429281812
0.3175926515862241 0.2161433281647564 0.03554860679962664
0.2366378979947294 0.1174465708845877 0.1140555958426122
0.03189263996006558 0.1994860596451449 0.1341836860885319
0.2729837768566034 0.1858999089212602 0.1172429036906084
0.126704335947217 0.1628247638361532 0.1597355688050756
0.03463683910379704 0.3153631608962029 0.07910626381420686
0.1755523276578912 0.2621980697325885 0.09584108598413958
0.1628363181388544 0.1484719627308217 0.04732409826356525
0.3156476367674884 0.2551339461213391 0.173609354412863
0.272345176120801 0.0339322255232866 0.1307666984167339
0.3157708296874313 0.3156621723577476 0.1058081281532135
0.08135956430255881 0.1246601148212141 0.09876106836896259
0.08876099675112699 0.137676493057954 0.1799365196426697
0.3257796017483401 0.1759205860042669 0.124745061778443
0.2357831446865257 0.3170886202544641 0.119385378341208
0.03260978172152563 0.1217390986848361 0.08556012625758906
0.07947475296261824 0.03418657807369142 0.1570229393969099
0.1702068515739689 0.06444200245691839 0.03207965712310628
0.2736867052255197 0.3144886087040337 0.214623309622218
0.2119555763296114 0.09971892592215548 0.1638554135904298
0.1340929338562955 0.03504160404474291 0.07900404823349555
0.3181977382313729 0.1130932297327755 0.1532018710856482
0.2255737715628532 0.03662454794488106 0.1051326938597961
0.185891909243253 0.2409033185049013 0.204347878497192
0.1215309498196151 0.2196493556255738 0.2173090216752416
0.03252947333456922 0.1160647559829092 0.2161925023173809
0.1515665801479743 0.126198911364346 0.1145760050445847
0.07916578235111556 0.2489860758484573 0.2145845942891648
0.1544898650125624 0.1929811917316154 0.1023098799917304
0.1747370164063353 0.1937195553694261 0.07373143965855455
0.1940005701201552 0.1848925016249534 0.071679506393165
0.07830865742259405 0.3168044800608856 0.1382055440779605
0.2790468236153562 0.2126029382968651 0.0951079250064104
0.2834255531939546 0.1612171789140667 0.0304611207912668
0.2836757211717051 0.1938343728093732 0.03213778640440368
0.1300685488706126 0.1977040539147885 0.1556721081521135
0.1714516066101721 0.2016946642623829 0.1417689278067784
0.1783620672228356 0.2694230429736185 0.1922046814873604
0.2196315925573653 0.03127555246677299 0.04142372370803832
0.0329536860045898 0.2276847157476229 0.03589017334861109
0.2410507947819225 0.1637980872230662 0.07519847162270246
0.3168139035001056 0.3168139035001056 0.1709750325531287
0.2131627569128921 0.1027367173677429 0.09401564265347997
0.3181950445745099 0.05920564755163311 0.175983566911517
0.1783431544009914 0.1141587385821818 0.2047659756024288
0.2494838845722955 0.1588189998339316 0.2179569394000719
0.03210985615288661 0.1890576779684423 0.2087177798033573
0.2800107354656811 0.2804305023024114 0.08800547088453824
0.2732682781980067 0.1963875528651286 0.1702396370210857
0.03306351943969449 0.1354709359894144 0.1486847826882378
0.187700469579813 0.3179840509362087 0.05979140589436192
0.1033223723980296 0.1125702718583453 0.2173600889067584
0.200260663995013 0.06785390372678843 0.2161633775402138
0.2387654032884045 0.273649826183428 0.1788002653619428
0.1908332536954142 0.1630084416001191 0.0731034860800924
0.1487315699947875 0.2080171824668125 0.2059379577800849
0.2298871137751647 0.2885288926147884 0.07325885331763873
0.1985610282407801 0.2827470473129672 0.02995649501507628
0.2152989353732057 0.3179977891337059 0.2102089714222974
0.2490759530983537 0.3157076984891741 0.03432790939683612
0.0609788253552719 0.07344508945741941 0.03435355826441283
0.07695467294962957 0.03536454511289808 0.1222529017213764
0.2875086816784936 0.1336045939345492 0.08436655834169132
0.134102375206995 0.3167704945948809 0.06617546063084594
0.1098124442749404 0.07835388170252922 0.0657739099377153
0.1542193991650029 0.2182067521458895 0.05960803297661942
0.06649426086483631 0.2700757367903371 0.1477912726355948
0.3180597993452448 0.03423444194638938 0.07482486689677453
0.205153638918088 0.1738149277219243 0.1726680840773075
0.1089691294082574 0.2845382769406452 0.217231069074085
0.3171577521756194 0.0750116959261498 0.03345231102621631
0.2348593192679274 0.2420585284110884 0.1018840328965557
0.2491377741124208 0.1412648394512104 0.1009610612787921
0.2082487284702378 0.2071299559315914 0.1428479072605177
0.2180515395210198 0.1356342878681575 0.1259663141721661
0.149752027037922 0.1652771941084504 0.05305937053030614
0.3195030308123994 0.2762806182179283 0.1247746438575482
0.2603381700248186 0.2964041696462371 0.1289594823356366
0.1098094413426597 0.1346013326975142 0.1182276272816376
0.1974401414624406 0.2831303603878252 0.1053491566838414
0.03271931704838565 0.2865420626645966 0.1262294113778697
0.2377992628422441 0.1093627166043054 0.1524404062944508
0.07592192121261955 0.2148053848664808 0.1612734227193225
0.2882871413543963 0.09054524813545084 0.1317938423445151
0.2194284080607656 0.1430579107316775 0.2183766678940734
0.2465065890473467 0.1492689065881928 0.187205308338962
0.1314366534989713 0.2105306732565575 0.1159046230873606
0.1571767552813771 0.2825623104671549 0.1103003378953606
0.1454331053110398 0.03097033322658638 0.1766600910558404
0.1869099160125088 0.03502360338330801 0.03355829685557223
0.06161893205279394 0.3184076782047442 0.1807551684186904
0.1896457313642467 0.1698914647986038 0.1149784497765334
0.1511195050203752 0.1693089489875342 0.2063064172105433
0.2128748876674841 0.2281035002578667 0.1657336699654224
0.07172691515322512 0.03376984349067291 0.07513433888303109
0.3123949696550692 0.3121568904612164 0.1385260912279808
0.07620973950872327 0.2019191129167121 0.06280583292713356
0.3197528855384764 0.1375393853796377 0.03279946867149621
0.03169038704965161 0.03185683291441341 0.1164769429408899
0.2347733995740861 0.07796522054704315 0.03059959164342803
0.25685667092229 0.1941540939484245 0.05940152453919888
0.07081199801821084 0.1714570976155434 0.1801523595005825
0.2804740153402102 0.2625580431958889 0.1855041173452759
0.1898675402239238 0.1324625133002872 0.08042758549063801
0.2249709593300128 0.2604245995109757 0.2225234754609475
0.3185144828741081 0.09589303756802878 0.1797744605246778
0.2334485887754 0.1375769738022457 0.05814994789212068
0.2745297654569965 0.2418698619366969 0.1376815905880276
0.1250439100256834 0.1080711062422194 0.09199747607201858
0.07664610948942682 0.2734208467491028 0.1035470315050975
0.1715558786836266 0.03030307385049159 0.1306322816926911
0.1909759485000281 0.1002509491560932 0.1441344768279237
0.1671730436984254 0.08482050798714909 0.05727939665596997
0.09883093490192016 0.1869807316866096 0.2201547633162447
0.1409067292136754 0.3181135584814455 0.1020790117831988
0.1354624131486038 0.1301829300313324 0.1403780929324554
0.3181904602516027 0.2938757329722325 0.04530921339371927
0.0987956214825155 0.3171933432938611 0.2154753829840569
0.1732157251886861 0.1809811290140547 0.16690665780284
0.2644534730702284 0.2823865009242134 0.2197339886588539
0.2678160460627668 0.2600609446417121 0.06207626255894681
0.2879032107326141 0.03051829086247021 0.1832827497245617
0.2691451476273705 0.06177708395674539 0.06931304702869948
0.1445728286932164 0.06394451058012326 0.0661490491554568
0.08741797785267511 0.3198553889444093 0.03035503343647955
0.1242694120455415 0.03041470157687586 0.1099903973569165
0.1550901178285784 0.08656487578964982 0.1362570355599001
0.2384130048218867 0.3197259384217203 0.06555910901313364
0.1507360025881352 0.241595591986623 0.128387643549103
0.1508486752663762 0.1918694277265718 0.1334960872163969
0.1204552456820613 0.2089046369359982 0.04819031630049492
0.1687800906414088 0.1370329737154099 0.1312577882815843
0.0309035748987917 0.2362239813042261 0.1809111392840213
0.2542272809083266 0.03197061524183405 0.07301590132788564
0.263531773701778 0.3206812065520098 0.1834932074294233
0.3214801426173266 0.1893468331741809 0.0761232016182924
0.3207360793011854 0.092669993296683 0.06522516753095331
0.323442082415217 0.05974230166857586 0.1349471078511954
0.1931852374959299 0.2406391887177091 0.1786757155367828
0.3196743667286803 0.1866664862926556 0.1534117755864256
0.1809206592742987 0.07170142945113504 0.1831488850843057
0.1131336695910361 0.07006282319669789 0.1761069669778957
0.1944710407645083 0.03034979736839538 0.101362964444205
0.08815597499409944 0.2309304972092631 0.06283888096202526
0.02926657233389291 0.3207334276661071 0.1672407089146401
0.2351181214230793 0.1183426123186434 0.07856389241122348
0.2754504458992304 0.2772432515993428 0.03276002185837568
0.2136875782338643 0.1638667585637071 0.1248058546182957
0.122587151136003 0.2906735539818664 0.1431743874167896
0.2662650197000677 0.2885566732038442 0.1746476498052035
0.1755207152303835 0.3214952737242894 0.128836734536882
0.2159844373916003 0.2684275559895896 0.05270569766962779
0.1425334266644077 0.2416666666666667 0.2140673333305791
0.1453409595400944 0.1268554962624298 0.1855522335410175
0.2228470699047881 0.1991402761577917 0.09207583402221099
0.09842474865546798 0.1018503387922352 0.1885626932750095
0.1354865471679099 0.1721238280589881 0.136152534754269
0.3200436323127683 0.02956707662344898 0.03204628699671573
0.2837571144176195 0.2517079883524733 0.2184833507566333
0.03704488055620501 0.3193115118689331 0.1297780514340936
0.3226462042479463 0.1314707771549453 0.2077003384539928
0.1840079701373071 0.1980336262346047 0.06091105153464692
0.1318812194855271 0.3179970414957602 0.03213594666801785
0.03217001396632974 0.0738254324336293 0.1677286294805626
0.1131562504291427 0.1142144022383181 0.145996024252735
0.2044979051877605 0.1814730394064966 0.2374999999999999
0.2752793607608759 0.3183562060583998 0.0690357973637038
0.1689858342044001 0.2835562119519355 0.0269031842972172
0.2460370215762119 0.05680053674220237 0.2213077801570235
0.1410499118068022 0.2540949354997086 0.1732265323085584
0.1781581531560288 0.1935437323482261 0.2071349963302135
0.1923951869975565 0.1218526436124169 0.1291821997253408
0.1539589424104759 0.1725441659180694 0.1107734002592228
0.2888538426550595 0.1346279586867567 0.2204717907115033
0.1844105461154067 0.3115126107501622 0.0286493456496002
0.2046492553844154 0.3212971406024754 0.1167830288264532
0.2120544038133405 0.2650878162577019 0.08617446079098606
0.1319459397438287 0.3214477038248265 0.1502962554884689
0.1440607816116348 0.2307622714351359 0.0919740546031063
0.2779953368723392 0.08636901992017942 0.1665500757963081
0.2829871521727667 0.2707611744028756 0.1382509912426952
0.3228929337355002 0.2897552521528415 0.1840244677784971
0.1981271481592799 0.02917697553353281 0.1882746769099939
0.1597501117225393 0.06428397467894104 0.2259300154280236
0.2324161481226007 0.3195200909380749 0.1775949442628922
0.02922884920703327 0.07886170032084266 0.03914520078914874
0.07411200288116501 0.1019882616343404 0.170860835298684
0.02857876844415826 0.2340104409368496 0.08071307437398223
0.1964359366277386 0.2040541141701716 0.09864310957547139
0.03251789149228 0.2044024204534801 0.05717503350125657
0.08932572454061671 0.1604553134593332 0.09465255972055484
0.3197150230657038 0.2317105959348428 0.2138597175104988
0.06801442108470859 0.1832877454542612 0.02738572950797807
0.02925800918418132 0.2912227763806662 0.1822985436242875
0.25718717854467 0.1627395370106007 0.1165785254168316
0.3216212484855192 0.1364903691661145 0.06973636433623895
0.1354320883723221 0.2190233520146164 0.04570573188883683
0.02732290556020279 0.2045155596312694 0.1649690250779707
0.1344526068405457 0.09305966540610407 0.1838272393666207
0.1693467515673241 0.113335093441005 0.1572285870315108
0.1875031717582708 0.1016919940518254 0.1708482704701356
0.116551324815517 0.1507427674675915 0.1829507688560251
0.1717285497314416 0.1347520292644505 0.1764579879448403
0.07204301326773184 0.1152802028958718 0.06441215663772445
0.121145263348332 0.2345049997745161 0.1308195993134835
0.02847173525474991 0.2513504555527053 0.1367807951777952
0.3271121923952182 0.1063279008545406 0.124990401461875
0.06857069375106725 0.03052529350773036 0.1878121034972457
0.3211526218755003 0.3214657356828715 0.05889497426434961
0.1956183273868121 0.0313823180428965 0.2197441110083153
0.2176288345338727 0.1265519715425204 0.1525982961268065
0.1018282107257716 0.03042012199023256 0.06645002409385882
0.2429325967851453 0.1871529674431852 0.2080650334505654
0.06262177969136232 0.1608747604649199 0.1047080910291842
0.1317461380363669 0.1794570294867297 0.06528631752487463
0.1329806658726832 0.1771970180579501 0.09570564965674014
0.07065275236608276 0.2273091553746458 0.1357414078425587
0.1542902942299158 0.1505775293894565 0.09262782204467469
0.1730333419540895 0.1617215660784409 0.06662170650213742
0.06058923317372753 0.2812943868270632 0.1769504755893238
0.05834861197183904 0.2246160051231186 0.0937013593842676
0.06387153986345737 0.2249948708596714 0.1914343820551674
0.3218760531781952 0.165380197581261 0.1822879244923603
0.1727610017991339 0.2474172262050295 0.06166974206508132
0.2327776324366701 0.07001765359973762 0.08526442208583199
0.06389035267605174 0.2858845784785245 0.2202412557525341
0.2399948620160124 0.2315020023329749 0.2177490320775322
0.1149772888218732 0.2353421151325464 0.05585241273191079
0.1882683471158854 0.06155456778458283 0.1511425299375752
0.2892874353675454 0.2250943434056706 0.1191934540013938
0.0316109330725524 0.06975904485886371 0.2205783398442786
0.2980120429677627 0.1819873737854353 0.132065543540733
0.1469390695331383 0.1551004009667129 0.1486117887889341
0.1166666666666669 0.02834614282931731 0.02806553420207633
0.09319431389114886 0.2248471239588354 0.1138345660498728
0.02632887025575961 0.1483690585213668 0.1144196920709911
0.2973980424722936 0.09829469763239325 0.1045135086117348
0.2905749668207815 0.1754549505784893 0.159720445436409
0.1881632831834254 0.227815350542791 0.07655851952102699
0.320967086022352 0.02903291397764795 0.1727576382719851
0.2895698879163227 0.2523612532557064 0.1599872843255373
0.03040097776552279 0.03040097776552279 0.1823340935485681
0.3215858577702481 0.2466450761592341 0.03309617611927022
0.2490403508622841 0.1955132094593962 0.1257264669618302
0.07219440087685404 0.08020464896428478 0.1072037491677719
0.2400215895165703 0.1622076902816225 0.146911536882074
0.1267606039478709 0.3201956516727574 0.1808900070774521
0.2516901674062961 0.2722979821687457 0.09201483634788865
0.03001377375975112 0.06299310752992542 0.137420039742174
0.09399315720165442 0.1964021769577726 0.1365395136627422
0.1994406174423775 0.2171310681633531 0.1914883716600659
0.2846614428998019 0.322283472705019 0.1124488971436829
0.171205115423539 0.2870035658239939 0.225213958103102
0.06493577700298102 0.1369676452376214 0.1354063830224237
0.3224021051106719 0.2606075595182619 0.06843595721484545
0.1036832839348355 0.223723978665339 0.1834206998539971
0.1105354415389972 0.1987127342400961 0.1959566063446672
0.3213211836719226 0.05544730415586556 0.1061155969701113
0.1742765547811883 0.2062261207713989 0.1123604835432974
0.1992609441720263 0.1555446410948676 0.189314915098915
0.06738488783571571 0.2520389930554315 0.05842433739711315
0.0902034412704428 0.2652089752975624 0.1909721689611875
0.3178453006084958 0.2155577205066336 0.1892599744747785
0.1537669027228748 0.2747059958770005 0.1386247624725987
0.1338752209919483 0.1491869796714928 0.05084249445132197
0.1399835235661538 0.2262501652508082 0.163292076031186
0.1018040398511617 0.0823712233265371 0.1326721983196487
0.1300637641360779 0.2913247386209744 0.1137770365818246
0.1625184777620863 0.18720875034267 0.08471163105007182
0.1670099725146043 0.1309905580785772 0.08792725499297926
0.1440241837641708 0.1357402032977173 0.2175602013122265
0.2903412446413311 0.2601250944735967 0.1122982294692019
0.3273156668059988 0.2437221963591504 0.1466129295164369
0.1949444572240131 0.2455650512378789 0.09376300233440864
0.2535054034661544 0.02687209650239562 0.1087723568465427
0.1898239035735079 0.2716639208363996 0.1439947965115139
0.1337638939170006 0.2552975499509355 0.0769622051060191
0.02861204020928521 0.07121280146289644 0.09979298850014387
0.2433871395152102 0.25431010790985 0.1390743695478013
0.099662984083373 0.1607726593914181 0.1350395005884063
0.164036893188653 0.297353604040682 0.0737466769951268
0.04052739967537125 0.1990770836113997 0.02813346159889565
0.1750000000000001 0.322748811686392 0.222748811686392
0.2317977205130853 0.06181815182147603 0.1855772330460727
0.09095075794304389 0.06775502589320005 0.02965545391512054
0.3287134384847096 0.2304025198047237 0.1250751526767508
0.2865148777964872 0.2299230745717202 0.06627623862147633
0.1905488331743722 0.161213476925585 0.1485890501224861
0.1586160439059499 0.02945323400607807 0.2171787624909883
0.05881527945176668 0.1306291457044694 0.2230070205299852
0.0301329177706666 0.1226037697364177 0.02992829650457131
0.1215745586765523 0.2238696283629686 0.08194846064139724
0.2493935984560133 0.1029686849863674 0.2236428183852622
0.2944634288853558 0.1157929969880838 0.06366478482956035
0.2158939664438407 0.3226361411674626 0.1444761405102565
0.07398804574044879 0.161078792985477 0.1406672448756681
0.2641942946391937 0.1088088607313035 0.08154213198442721
0.2099542252797926 0.2289927129473984 0.1191230606360279
0.3178711701599484 0.3197771584384779 0.02790887509310753
0.1118626721355867 0.02631504008610607 0.136739522761312
0.1961537141217513 0.06635320233268649 0.07731460051558718
0.123964341487819 0.1849061563622794 0.04813162732860339
0.1832523644735699 0.1874031380407191 0.1028884096383896
0.06236863237424464 0.2413428096665333 0.03055484574985942
0.02548940188596925 0.1843507028746083 0.1097459344713058
0.1332328985132296 0.1385988966180234 0.1643592003046055
0.02498065484596123 0.1740642756796757 0.06607068720306375
0.1763208279497596 0.2233833643024249 0.1500486813602721
0.1595171061396335 0.02824242863034462 0.06468696423840974
0.223316838736217 0.09811661388038911 0.1892928321106088
0.1128912989569754 0.2015417959414781 0.09144262034037345
0.1906630031672775 0.3240534190860587 0.194354956763549
0.2219367433006571 0.08406264658928171 0.2217371032493174
0.2160619681018077 0.297086054334133 0.1898948570221712
0.2916495822448666 0.02742712334087688 0.1096954678883453
0.1791250507222442 0.3009920678518295 0.1575077784445316
0.1670363144668816 0.2229280398542008 0.1786644924400612
0.1196751819934637 0.2025277240473843 0.1348945507441847
0.02774880952649729 0.2894732973603077 0.06431209797862764
0.03181583097253196 0.2900861850331402 0.09594601893621528
0.1360688047430708 0.08414833748064694 0.2240619151577427
0.02635861899082106 0.02635708929577094 0.2185887689369984
0.0936713722328904 0.1334684626612952 0.06269090604248306
0.1756541342128854 0.2729351557896852 0.05150981111509929
0.1621963214806632 0.2168150175596843 0.04499999999999998
0.1127812131802308 0.2892558729954979 0.07434158815545477
0.3243588028399101 0.1031962910952205 0.210454500090681
0.2704900414978275 0.02681701634200138 0.1595272938866043
0.2696242827949791 0.1495110845735138 0.05236629576297414
0.1675678317659854 0.2419919087556467 0.1056145523447821
0.1127362493682928 0.0578845289630939 0.2213124655385008
0.0301717823236838 0.2819262518558351 0.2199541386752409
0.09148051977459433 0.3225667935898101 0.185626660527856
0.07978917146850274 0.3230799593570943 0.1086968746307029
0.2164891774014092 0.08998536654767328 0.11590116994242
0.2910118697991334 0.132601046033242 0.02607036935039957
0.3267041150792327 0.2477021937435324 0.09113326768217704
0.1049054936934394 0.1111467899222534 0.1081462481965426
0.06822524235006132 0.3196304093846588 0.2201823594456015
0.02957595088255006 0.2847919353563081 0.02734136320324697
0.02618339232228768 0.3238166076777123 0.03141732246464685
0.1957886288283044 0.09894255589997965 0.0539258397796816
0.2783925026574882 0.1256773493227153 0.1871570596159089
0.2283252677827486 0.2855338765882931 0.0255776364199711
0.2537630174946275 0.3231748316955886 0.1417246325300296
0.283373838499538 0.2088499469022644 0.1940354911541519
0.2432683673904535 0.3206876790504278 0.2206615388052342
0.2993883782454022 0.1744414064006856 0.06553135237124534
0.2622201396275807 0.06415416805679866 0.1208951221196754
0.2218339782863499 0.186376155251027 0.1130310214730735
0.1942829715297716 0.1561918207085596 0.05594414409016948
0.2176224572769092 0.1728024819818892 0.05095279212117006
0.1539978502125315 0.07544739937567782 0.1121027170375366
0.09583113314716758 0.1853781388945995 0.05800558069724423
0.2072792756853354 0.1364503153248924 0.1733083742359425
0.1922440896587891 0.1935575932289198 0.1710207181956549
0.06827548216103094 0.05661818358837432 0.2216777856283938
0.1597051932012233 0.2171586221767258 0.09081979988212534
0.1999201296869723 0.1724962776005733 0.2093965250390874
0.04428427397096409 0.1594968747588473 0.02620434858493518
0.163162918131174 0.1667840538845748 0.1821213250748638
0.2333989247910302 0.2864406971607046 0.2237610908351986
0.1122123117100312 0.2963517641292758 0.1903911839814428
0.07239736935902405 0.1622434127658476 0.04626600630583558
0.2425699143346653 0.04547367043947752 0.02761530276281877
0.3199412576284716 0.1847495021690561 0.2036268178664764
0.2928763868134501 0.3199857854341506 0.1883589202049593
0.1316071914750677 0.1377399362712086 0.1100238687954141
0.02510972509265943 0.02565771294459408 0.05566170382098955
0.06185023632704175 0.1398467057584935 0.1885421938426299
0.2454388203449438 0.02681732033092079 0.2023096831591269
0.0786847124972713 0.2963924481610918 0.1593642671524462
0.1046674016486517 0.2521878165765435 0.1426949670129154
0.05689797546129158 0.09945534930460484 0.2185148044352143
0.2953714103941742 0.06193813827128309 0.2234004414850291
0.226908009368827 0.02531554704998744 0.1387802652066148
0.1661007318737483 0.1741844232649773 0.07208665434128739
0.05670738273287662 0.2056041135726774 0.1434908976513725
0.06469257924483118 0.2144036795378014 0.2226201135203113
0.2409681589558671 0.217443497553169 0.0959520120420882
0.08060311138042625 0.1967875408774041 0.1865412428448995
0.1434814750038348 0.1641817780346018 0.075537031380867
0.1347310925420976 0.1447879880214372 0.07228472697152133
0.0614604268496899 0.1098408046564017 0.1343450731560768
0.3045362822160047 0.2135199491778656 0.08559295940600459
0.3242366385180707 0.09015611963119725 0.09289851656987887
0.2865112788489768 0.09421490918448994 0.02621789981783876
0.3065344177024048 0.2916890633891779 0.2232568730711549
0.2603687690708354 0.121755523744157 0.1289485234190908
0.1556029099542967 0.09183885708889045 0.172529197817455
0.3274145659954457 0.1206845813156161 0.1041957182611075
0.1104877133251134 0.153381561878 0.0545269049209321
0.3002502579489919 0.07658165354528304 0.05547881397446512
0.2969626714397364 0.1345618488599561 0.1082809246549646
0.2913448539138422 0.2205053933423978 0.02472743692842771
0.2088120374083671 0.1183927713784194 0.1118469253636405
0.2023120615762382 0.261436957579517 0.2004944745415168
0.3271689889719782 0.1293120371703261 0.13575
0.113856316607893 0.06217214566112883 0.1136417892524699
0.05263528468705807 0.02682073778444306 0.1367108129050818
0.223468725399347 0.1958597343942574 0.1928463315065729
0.140322361293993 0.2874222355575038 0.05874950221177528
0.05181711564552602 0.1853457463446886 0.1050999824043298
0.3262054901112542 0.2916368488855346 0.08684226021458052
0.2314151831303519 0.08556388016114271 0.1438695446202863
0.2590530828187745 0.06057623214385879 0.1964647927063291
0.1555571364020229 0.2386803713298184 0.04883969481133579
0.1789047858576135 0.1414132944203918 0.1516344650041457
0.2152791669122887 0.2534274760242133 0.1642339006572241
0.3223731494380307 0.1611932014485167 0.05657332342641567
0.1880583855644681 0.02530979295779012 0.06080844862188974
0.1321199962570901 0.09048591575149943 0.1089426784549816
0.02697057028359137 0.1536885471306741 0.1828903497362912
0.02422912382482265 0.3257708761751773 0.1940383772676194
0.06048369421688743 0.026531414116518 0.02565080244946016
0.07161661220621585 0.0544308838664128 0.09487553642437842
0.05899080713171751 0.02606600226561556 0.2239795991548977
0.09447297020656058 0.2789831211956264 0.05625335856650886
0.1322086146502296 0.02468649840639117 0.05231780948034299
0.3278814682970819 0.2691149422517322 0.1487350640662456
0.18689910591002 0.05471629658709677 0.1099106972701199
0.282199913145608 0.1858128368187025 0.0916575155441544
0.1170998482844558 0.1669683278555022 0.2272305165746528
0.02925061639005977 0.2495991020705021 0.2207493836099402
0.1540562757141822 0.3222918841016003 0.1965030645592346
0.1136587845357289 0.02701469484896837 0.2229853051510316
0.06735018304778126 0.1086210821883215 0.02639178794039835
0.2073546607125207 0.2322682518909947 0.2255189910176613
0.2224260302296747 0.05641281583984074 0.1222617795167688
0.3056527913760275 0.1653566194545339 0.1114016574991714
0.05845539066798409 0.324252358950022 0.02620696959644622
0.1425184931751621 0.06240470634323198 0.03792017468559372
0.1062815949699333 0.3224570064138899 0.06771514347708635
0.3018079243531866 0.1310965072123134 0.1455649216263521
0.176086292762168 0.2092579473354929 0.05859757434789467
0.1723834010196205 0.2107110714058411 0.07536335145135643
0.1470919666753424 0.06259411101524093 0.1433275088973225
0.06195918217332143 0.3225311940674926 0.08579627069180185
3 5 0 0
3 6 0 0
3 7 0 0
3 8 0 0
3 9 0 0
3 10 0 0
3 11 0 0
3 12 0 0
3 13 0 0
3 14 0 0
3 15 0 0
3 16 0 0
3 17 0 0
3 18 0 0
3 19 0 0
$EndNodes
$Elements
44 11935 1 11935
2 12 2 17
1 1 317 2 
2 2 318 1 
3 1 318 58 
4 59 317 1 
5 2 317 61 
6 66 318 2 
7 3 57 64 
8 60 3 63 
9 63 3 64 
10 57 58 65 
11 64 57 65 
12 65 58 66 
13 58 318 66 
14 59 60 62 
15 61 59 62 
16 61 317 59 
17 62 60 63 
2 13 2 14
18 67 1 58 
19 3 69 57 
20 4 321 5 
21 68 321 4 
22 5 321 70 
23 57 319 58 
24 69 319 57 
25 58 319 67 
26 67 320 68 
27 67 319 69 
28 69 320 67 
29 68 320 70 
30 70 321 68 
31 70 320 69 
2 14 2 14
32 73 59 1 
33 71 3 60 
34 6 324 7 
35 72 324 6 
36 7 324 74 
37 59 322 60 
38 73 322 59 
39 60 322 71 
40 71 323 72 
41 71 322 73 
42 73 323 71 
43 72 323 74 
44 74 324 72 
45 74 323 73 
2 15 2 7
46 61 325 2 
47 2 325 66 
48 62 325 61 
49 63 325 62 
50 64 325 63 
51 65 325 64 
52 66 325 65 
2 16 2 12
53 1 67 76 
54 73 1 77 
55 1 76 77 
56 68 4 9 
57 7 79 8 
58 79 7 74 
59 68 9 75 
60 67 68 75 
61 67 75 76 
62 74 73 78 
63 73 77 78 
64 79 74 78 
2 17 2 2
65 5 10 4 
66 10 9 4 
2 18 2 12
67 82 69 3 
68 3 71 82 
69 84 10 5 
70 5 70 84 
71 6 11 72 
72 11 80 72 
73 70 69 83 
74 83 69 82 
75 70 83 84 
76 72 80 71 
77 71 80 81 
78 82 71 81 
2 19 2 2
79 7 11 6 
80 7 8 11 
2 20 2 24
81 11 8 331 
82 8 79 331 
83 9 10 328 
84 75 9 328 
85 10 84 328 
86 80 11 331 
87 76 75 330 
88 84 75 328 
89 75 84 330 
90 77 76 327 
91 76 83 327 
92 83 76 330 
93 78 77 326 
94 77 82 326 
95 82 77 327 
96 79 78 329 
97 81 78 326 
98 78 81 329 
99 80 79 329 
100 79 80 331 
101 81 80 329 
102 82 81 326 
103 83 82 327 
104 84 83 330 
2 21 2 260
105 92 12 433 
106 12 93 433 
107 13 85 435 
108 112 13 435 
109 103 14 434 
110 14 111 434 
111 104 15 432 
112 15 122 432 
113 85 86 425 
114 85 425 435 
115 86 87 343 
116 86 343 425 
117 87 88 410 
118 343 87 410 
119 88 89 333 
120 88 333 410 
121 89 90 408 
122 333 89 408 
123 90 91 340 
124 90 340 408 
125 91 92 422 
126 340 91 422 
127 422 92 433 
128 93 94 345 
129 93 345 433 
130 94 95 348 
131 345 94 348 
132 95 96 337 
133 95 337 348 
134 96 97 403 
135 337 96 403 
136 97 98 401 
137 97 401 403 
138 98 99 335 
139 98 335 401 
140 99 100 407 
141 335 99 407 
142 100 101 338 
143 100 338 407 
144 101 102 393 
145 338 101 393 
146 102 103 346 
147 102 346 393 
148 346 103 434 
149 105 104 423 
150 423 104 432 
151 106 105 341 
152 341 105 423 
153 107 106 411 
154 106 341 411 
155 108 107 332 
156 332 107 411 
157 109 108 409 
158 108 332 409 
159 110 109 342 
160 342 109 409 
161 111 110 424 
162 110 342 424 
163 111 424 434 
164 113 112 347 
165 347 112 435 
166 114 113 395 
167 113 347 395 
168 115 114 339 
169 339 114 395 
170 116 115 398 
171 115 339 398 
172 117 116 334 
173 334 116 398 
174 118 117 419 
175 117 334 419 
176 119 118 402 
177 402 118 419 
178 120 119 336 
179 336 119 402 
180 121 120 391 
181 120 336 391 
182 122 121 344 
183 344 121 391 
184 122 344 432 
185 409 332 436 
186 332 411 428 
187 332 428 436 
188 333 408 437 
189 410 333 431 
190 431 333 437 
191 334 398 417 
192 334 417 418 
193 334 418 419 
194 401 335 415 
195 335 407 414 
196 335 414 415 
197 391 336 420 
198 336 402 421 
199 420 336 421 
200 348 337 349 
201 349 337 350 
202 350 337 403 
203 385 338 397 
204 338 385 407 
205 338 393 397 
206 339 395 413 
207 398 339 416 
208 339 413 416 
209 408 340 429 
210 340 422 440 
211 429 340 440 
212 411 341 427 
213 341 423 438 
214 427 341 438 
215 342 409 426 
216 424 342 441 
217 342 426 441 
218 343 410 430 
219 425 343 439 
220 343 430 439 
221 344 391 392 
222 344 392 438 
223 344 423 432 
224 423 344 438 
225 345 348 389 
226 345 389 440 
227 345 422 433 
228 422 345 440 
229 393 346 394 
230 394 346 441 
231 424 346 434 
232 346 424 441 
233 395 347 400 
234 400 347 439 
235 425 347 435 
236 347 425 439 
237 348 349 389 
238 349 350 351 
239 349 351 376 
240 349 376 389 
241 351 350 352 
242 352 350 378 
243 378 350 403 
244 351 352 353 
245 351 353 387 
246 376 351 387 
247 353 352 354 
248 354 352 406 
249 352 378 406 
250 353 354 355 
251 353 355 364 
252 353 364 387 
253 355 354 356 
254 356 354 357 
255 357 354 406 
256 355 356 412 
257 364 355 365 
258 365 355 412 
259 356 357 358 
260 356 358 404 
261 356 404 412 
262 358 357 359 
263 359 357 399 
264 399 357 406 
265 358 359 360 
266 358 360 362 
267 358 362 404 
268 360 359 361 
269 361 359 368 
270 368 359 399 
271 360 361 396 
272 362 360 363 
273 363 360 396 
274 361 368 369 
275 361 369 370 
276 361 370 396 
277 362 363 367 
278 362 367 371 
279 362 371 404 
280 367 363 372 
281 372 363 373 
282 373 363 396 
283 364 365 366 
284 364 366 377 
285 364 377 387 
286 366 365 379 
287 379 365 380 
288 380 365 412 
289 377 366 390 
290 366 379 381 
291 366 381 390 
292 371 367 382 
293 367 372 421 
294 382 367 421 
295 369 368 385 
296 385 368 414 
297 368 399 414 
298 370 369 375 
299 375 369 397 
300 369 385 397 
301 370 375 384 
302 370 384 386 
303 370 386 396 
304 371 382 418 
305 404 371 405 
306 405 371 418 
307 372 373 374 
308 372 374 420 
309 372 420 421 
310 374 373 383 
311 383 373 386 
312 386 373 396 
313 374 383 427 
314 374 392 420 
315 392 374 427 
316 384 375 426 
317 394 375 397 
318 375 394 426 
319 376 387 388 
320 376 388 429 
321 389 376 429 
322 387 377 388 
323 388 377 431 
324 377 390 431 
325 401 378 403 
326 378 401 415 
327 406 378 415 
328 379 380 416 
329 381 379 413 
330 413 379 416 
331 405 380 412 
332 380 405 417 
333 416 380 417 
334 390 381 430 
335 400 381 413 
336 381 400 430 
337 382 402 419 
338 402 382 421 
339 418 382 419 
340 383 386 428 
341 383 411 427 
342 411 383 428 
343 386 384 428 
344 384 426 436 
345 428 384 436 
346 407 385 414 
347 429 388 437 
348 388 431 437 
349 389 429 440 
350 410 390 430 
351 390 410 431 
352 392 391 420 
353 392 427 438 
354 393 394 397 
355 426 394 441 
356 395 400 413 
357 398 416 417 
358 399 406 415 
359 414 399 415 
360 430 400 439 
361 404 405 412 
362 417 405 418 
363 408 429 437 
364 426 409 436 
2 22 2 260
365 12 92 545 
366 142 12 545 
367 85 13 543 
368 13 123 543 
369 133 16 544 
370 16 134 544 
371 141 17 542 
372 17 152 542 
373 86 85 533 
374 533 85 543 
375 87 86 451 
376 451 86 533 
377 88 87 520 
378 87 451 520 
379 89 88 443 
380 443 88 520 
381 90 89 519 
382 89 443 519 
383 91 90 452 
384 452 90 519 
385 92 91 534 
386 91 452 534 
387 92 534 545 
388 123 124 455 
389 123 455 543 
390 124 125 501 
391 455 124 501 
392 125 126 446 
393 125 446 501 
394 126 127 512 
395 446 126 512 
396 127 128 529 
397 512 127 529 
398 128 129 445 
399 128 445 529 
400 129 130 508 
401 445 129 508 
402 130 131 449 
403 130 449 508 
404 131 132 505 
405 449 131 505 
406 132 133 456 
407 132 456 505 
408 456 133 544 
409 134 135 535 
410 134 535 544 
411 135 136 453 
412 135 453 535 
413 136 137 521 
414 453 136 521 
415 137 138 442 
416 137 442 521 
417 138 139 518 
418 442 138 518 
419 139 140 450 
420 139 450 518 
421 140 141 532 
422 450 140 532 
423 532 141 542 
424 143 142 457 
425 457 142 545 
426 144 143 503 
427 143 457 503 
428 145 144 448 
429 448 144 503 
430 146 145 517 
431 145 448 517 
432 147 146 444 
433 444 146 517 
434 148 147 511 
435 147 444 511 
436 149 148 513 
437 148 511 513 
438 150 149 447 
439 447 149 513 
440 151 150 458 
441 150 447 458 
442 152 151 454 
443 454 151 458 
444 152 454 542 
445 442 518 547 
446 521 442 541 
447 541 442 547 
448 519 443 546 
449 443 520 538 
450 443 538 546 
451 511 444 525 
452 444 517 524 
453 444 524 525 
454 445 508 527 
455 445 527 528 
456 445 528 529 
457 501 446 530 
458 446 512 531 
459 530 446 531 
460 458 447 459 
461 459 447 460 
462 460 447 513 
463 495 448 507 
464 448 495 517 
465 448 503 507 
466 449 505 523 
467 508 449 526 
468 449 523 526 
469 518 450 539 
470 450 532 550 
471 539 450 550 
472 520 451 537 
473 451 533 548 
474 537 451 548 
475 452 519 536 
476 534 452 551 
477 452 536 551 
478 453 521 540 
479 535 453 549 
480 453 540 549 
481 454 458 499 
482 454 499 550 
483 454 532 542 
484 532 454 550 
485 455 501 502 
486 455 502 548 
487 455 533 543 
488 533 455 548 
489 505 456 510 
490 510 456 549 
491 535 456 544 
492 456 535 549 
493 503 457 504 
494 504 457 551 
495 534 457 545 
496 457 534 551 
497 458 459 499 
498 459 460 461 
499 459 461 486 
500 459 486 499 
501 461 460 462 
502 462 460 488 
503 488 460 513 
504 461 462 463 
505 461 463 497 
506 486 461 497 
507 463 462 464 
508 464 462 516 
509 462 488 516 
510 463 464 465 
511 463 465 474 
512 463 474 497 
513 465 464 466 
514 466 464 467 
515 467 464 516 
516 465 466 522 
517 474 465 475 
518 475 465 522 
519 466 467 468 
520 466 468 514 
521 466 514 522 
522 468 467 469 
523 469 467 509 
524 509 467 516 
525 468 469 470 
526 468 470 472 
527 468 472 514 
528 470 469 471 
529 471 469 478 
530 478 469 509 
531 470 471 506 
532 472 470 473 
533 473 470 506 
534 471 478 479 
535 471 479 480 
536 471 480 506 
537 472 473 477 
538 472 477 481 
539 472 481 514 
540 477 473 482 
541 482 473 483 
542 483 473 506 
543 474 475 476 
544 474 476 487 
545 474 487 497 
546 476 475 489 
547 489 475 490 
548 490 475 522 
549 487 476 500 
550 476 489 491 
551 476 491 500 
552 481 477 492 
553 477 482 531 
554 492 477 531 
555 479 478 495 
556 495 478 524 
557 478 509 524 
558 480 479 485 
559 485 479 507 
560 479 495 507 
561 480 485 494 
562 480 494 496 
563 480 496 506 
564 481 492 528 
565 514 481 515 
566 515 481 528 
567 482 483 484 
568 482 484 530 
569 482 530 531 
570 484 483 493 
571 493 483 496 
572 496 483 506 
573 484 493 537 
574 484 502 530 
575 502 484 537 
576 494 485 536 
577 504 485 507 
578 485 504 536 
579 486 497 498 
580 486 498 539 
581 499 486 539 
582 497 487 498 
583 498 487 541 
584 487 500 541 
585 511 488 513 
586 488 511 525 
587 516 488 525 
588 489 490 526 
589 491 489 523 
590 523 489 526 
591 515 490 522 
592 490 515 527 
593 526 490 527 
594 500 491 540 
595 510 491 523 
596 491 510 540 
597 492 512 529 
598 512 492 531 
599 528 492 529 
600 493 496 538 
601 493 520 537 
602 520 493 538 
603 496 494 538 
604 494 536 546 
605 538 494 546 
606 517 495 524 
607 539 498 547 
608 498 541 547 
609 499 539 550 
610 521 500 540 
611 500 521 541 
612 502 501 530 
613 502 537 548 
614 503 504 507 
615 536 504 551 
616 505 510 523 
617 508 526 527 
618 509 516 525 
619 524 509 525 
620 540 510 549 
621 514 515 522 
622 527 515 528 
623 518 539 547 
624 536 519 546 
2 23 2 346
625 12 696 93 
626 142 696 12 
627 103 697 14 
628 14 697 153 
629 17 698 152 
630 164 698 17 
631 163 695 18 
632 18 695 174 
633 93 646 94 
634 93 696 646 
635 94 692 95 
636 646 692 94 
637 95 561 96 
638 95 692 561 
639 96 690 97 
640 561 690 96 
641 97 555 98 
642 97 690 555 
643 98 655 99 
644 555 655 98 
645 99 656 100 
646 655 656 99 
647 100 557 101 
648 100 656 557 
649 101 618 102 
650 557 618 101 
651 102 672 103 
652 618 672 102 
653 672 697 103 
654 143 565 142 
655 565 696 142 
656 144 651 143 
657 143 651 565 
658 145 562 144 
659 562 651 144 
660 146 629 145 
661 145 629 562 
662 147 552 146 
663 552 629 146 
664 148 681 147 
665 147 681 552 
666 149 673 148 
667 673 681 148 
668 150 558 149 
669 558 673 149 
670 151 679 150 
671 150 679 558 
672 152 684 151 
673 151 684 679 
674 152 698 684 
675 153 566 154 
676 153 697 566 
677 154 568 155 
678 566 568 154 
679 155 560 156 
680 155 568 560 
681 156 645 157 
682 560 645 156 
683 157 553 158 
684 157 645 553 
685 158 652 159 
686 553 652 158 
687 159 663 160 
688 652 663 159 
689 160 556 161 
690 160 663 556 
691 161 603 162 
692 556 603 161 
693 162 671 163 
694 603 671 162 
695 671 695 163 
696 165 567 164 
697 567 698 164 
698 166 693 165 
699 165 693 567 
700 167 563 166 
701 563 693 166 
702 168 622 167 
703 167 622 563 
704 169 554 168 
705 554 622 168 
706 170 616 169 
707 169 616 554 
708 171 694 170 
709 170 694 616 
710 172 559 171 
711 559 694 171 
712 173 691 172 
713 172 691 559 
714 174 564 173 
715 564 691 173 
716 174 695 564 
717 552 680 629 
718 678 680 552 
719 552 681 678 
720 553 645 602 
721 602 654 553 
722 553 654 652 
723 616 686 554 
724 554 623 622 
725 554 686 623 
726 555 641 639 
727 639 687 555 
728 555 690 641 
729 555 687 655 
730 556 604 603 
731 556 605 604 
732 556 663 605 
733 557 619 618 
734 557 620 619 
735 557 656 620 
736 558 683 673 
737 679 682 558 
738 682 683 558 
739 559 626 615 
740 615 694 559 
741 625 626 559 
742 559 691 625 
743 568 569 560 
744 569 570 560 
745 570 645 560 
746 561 659 641 
747 641 690 561 
748 644 659 561 
749 561 692 644 
750 629 630 562 
751 630 631 562 
752 631 651 562 
753 598 600 563 
754 563 689 598 
755 600 693 563 
756 622 689 563 
757 624 625 564 
758 564 671 624 
759 625 691 564 
760 564 695 671 
761 643 646 565 
762 565 651 643 
763 646 696 565 
764 566 700 568 
765 566 672 621 
766 621 700 566 
767 566 697 672 
768 600 601 567 
769 567 693 600 
770 601 684 567 
771 684 698 567 
772 568 700 569 
773 569 571 570 
774 569 685 571 
775 569 700 685 
776 571 572 570 
777 572 602 570 
778 602 645 570 
779 571 573 572 
780 571 593 573 
781 571 685 593 
782 573 574 572 
783 574 627 572 
784 572 627 602 
785 573 575 574 
786 573 657 575 
787 593 657 573 
788 575 576 574 
789 576 585 574 
790 585 627 574 
791 575 577 576 
792 575 588 577 
793 575 657 588 
794 577 578 576 
795 578 666 576 
796 576 666 585 
797 577 579 578 
798 577 675 579 
799 588 675 577 
800 579 580 578 
801 580 581 578 
802 581 666 578 
803 579 582 580 
804 579 584 582 
805 579 675 584 
806 580 660 581 
807 582 583 580 
808 583 660 580 
809 617 666 581 
810 581 668 617 
811 660 668 581 
812 582 586 583 
813 584 658 582 
814 582 658 586 
815 586 587 583 
816 587 589 583 
817 589 660 583 
818 584 675 642 
819 642 677 584 
820 584 677 658 
821 585 628 627 
822 585 667 628 
823 666 667 585 
824 586 590 587 
825 586 591 590 
826 586 658 591 
827 587 653 589 
828 590 592 587 
829 592 653 587 
830 657 688 588 
831 674 675 588 
832 588 688 674 
833 653 665 589 
834 589 669 660 
835 665 669 589 
836 591 647 590 
837 590 594 592 
838 590 647 594 
839 591 648 647 
840 591 650 648 
841 591 658 650 
842 594 595 592 
843 595 596 592 
844 596 653 592 
845 593 670 657 
846 593 699 670 
847 685 699 593 
848 594 683 595 
849 647 649 594 
850 649 683 594 
851 595 597 596 
852 595 682 597 
853 595 683 682 
854 597 598 596 
855 598 599 596 
856 599 653 596 
857 597 600 598 
858 597 601 600 
859 597 682 601 
860 598 689 599 
861 623 665 599 
862 599 689 623 
863 599 665 653 
864 601 682 679 
865 679 684 601 
866 627 654 602 
867 604 624 603 
868 624 671 603 
869 605 606 604 
870 606 607 604 
871 607 624 604 
872 605 664 606 
873 605 663 662 
874 662 664 605 
875 606 608 607 
876 606 609 608 
877 606 664 609 
878 608 626 607 
879 607 625 624 
880 607 626 625 
881 609 610 608 
882 610 611 608 
883 611 626 608 
884 609 617 610 
885 609 667 617 
886 664 667 609 
887 610 612 611 
888 610 668 612 
889 617 668 610 
890 612 613 611 
891 613 615 611 
892 615 626 611 
893 612 614 613 
894 612 669 614 
895 668 669 612 
896 614 686 613 
897 613 616 615 
898 613 686 616 
899 614 665 623 
900 623 686 614 
901 614 669 665 
902 616 694 615 
903 617 667 666 
904 619 621 618 
905 621 672 618 
906 620 699 619 
907 619 685 621 
908 619 699 685 
909 656 661 620 
910 661 670 620 
911 670 699 620 
912 685 700 621 
913 623 689 622 
914 628 654 627 
915 628 662 654 
916 628 664 662 
917 628 667 664 
918 629 680 630 
919 630 632 631 
920 630 676 632 
921 630 680 676 
922 632 633 631 
923 633 643 631 
924 643 651 631 
925 632 634 633 
926 632 635 634 
927 632 676 635 
928 634 659 633 
929 633 644 643 
930 633 659 644 
931 635 636 634 
932 636 637 634 
933 637 659 634 
934 635 677 636 
935 635 676 650 
936 650 677 635 
937 636 638 637 
938 636 642 638 
939 636 677 642 
940 638 639 637 
941 639 641 637 
942 641 659 637 
943 638 640 639 
944 638 674 640 
945 642 674 638 
946 640 687 639 
947 674 688 640 
948 640 701 687 
949 688 701 640 
950 642 675 674 
951 644 646 643 
952 644 692 646 
953 648 678 647 
954 647 678 649 
955 650 676 648 
956 676 680 648 
957 648 680 678 
958 649 681 673 
959 673 683 649 
960 678 681 649 
961 658 677 650 
962 654 662 652 
963 662 663 652 
964 655 661 656 
965 655 687 661 
966 670 688 657 
967 660 669 668 
968 661 701 670 
969 687 701 661 
970 670 701 688 
2 24 2 260
971 14 805 111 
972 153 805 14 
973 104 803 15 
974 15 803 175 
975 18 802 163 
976 193 802 18 
977 185 804 19 
978 19 804 186 
979 105 793 104 
980 793 803 104 
981 106 711 105 
982 711 793 105 
983 107 780 106 
984 106 780 711 
985 108 703 107 
986 703 780 107 
987 109 779 108 
988 108 779 703 
989 110 712 109 
990 712 779 109 
991 111 794 110 
992 110 794 712 
993 111 805 794 
994 154 717 153 
995 717 805 153 
996 155 763 154 
997 154 763 717 
998 156 708 155 
999 708 763 155 
1000 157 777 156 
1001 156 777 708 
1002 158 704 157 
1003 704 777 157 
1004 159 771 158 
1005 158 771 704 
1006 160 773 159 
1007 159 773 771 
1008 161 707 160 
1009 707 773 160 
1010 162 718 161 
1011 161 718 707 
1012 163 714 162 
1013 714 718 162 
1014 163 802 714 
1015 175 715 176 
1016 175 803 715 
1017 176 761 177 
1018 715 761 176 
1019 177 706 178 
1020 177 761 706 
1021 178 772 179 
1022 706 772 178 
1023 179 789 180 
1024 772 789 179 
1025 180 705 181 
1026 180 789 705 
1027 181 768 182 
1028 705 768 181 
1029 182 709 183 
1030 182 768 709 
1031 183 765 184 
1032 709 765 183 
1033 184 716 185 
1034 184 765 716 
1035 716 804 185 
1036 186 795 187 
1037 186 804 795 
1038 187 713 188 
1039 187 795 713 
1040 188 781 189 
1041 713 781 188 
1042 189 702 190 
1043 189 781 702 
1044 190 778 191 
1045 702 778 190 
1046 191 710 192 
1047 191 778 710 
1048 192 792 193 
1049 710 792 192 
1050 792 802 193 
1051 702 807 778 
1052 781 801 702 
1053 801 807 702 
1054 779 806 703 
1055 703 798 780 
1056 703 806 798 
1057 771 785 704 
1058 704 784 777 
1059 704 785 784 
1060 705 787 768 
1061 705 788 787 
1062 705 789 788 
1063 761 790 706 
1064 706 791 772 
1065 790 791 706 
1066 718 719 707 
1067 719 720 707 
1068 720 773 707 
1069 755 767 708 
1070 708 777 755 
1071 708 767 763 
1072 709 783 765 
1073 768 786 709 
1074 709 786 783 
1075 778 799 710 
1076 710 810 792 
1077 799 810 710 
1078 780 797 711 
1079 711 808 793 
1080 797 808 711 
1081 712 796 779 
1082 794 811 712 
1083 712 811 796 
1084 713 800 781 
1085 795 809 713 
1086 713 809 800 
1087 714 759 718 
1088 714 810 759 
1089 714 802 792 
1090 792 810 714 
1091 715 762 761 
1092 715 808 762 
1093 715 803 793 
1094 793 808 715 
1095 765 770 716 
1096 770 809 716 
1097 795 804 716 
1098 716 809 795 
1099 763 764 717 
1100 764 811 717 
1101 794 805 717 
1102 717 811 794 
1103 718 759 719 
1104 719 721 720 
1105 719 746 721 
1106 719 759 746 
1107 721 722 720 
1108 722 748 720 
1109 748 773 720 
1110 721 723 722 
1111 721 757 723 
1112 746 757 721 
1113 723 724 722 
1114 724 776 722 
1115 722 776 748 
1116 723 725 724 
1117 723 734 725 
1118 723 757 734 
1119 725 726 724 
1120 726 727 724 
1121 727 776 724 
1122 725 782 726 
1123 734 735 725 
1124 735 782 725 
1125 726 728 727 
1126 726 774 728 
1127 726 782 774 
1128 728 729 727 
1129 729 769 727 
1130 769 776 727 
1131 728 730 729 
1132 728 732 730 
1133 728 774 732 
1134 730 731 729 
1135 731 738 729 
1136 738 769 729 
1137 730 766 731 
1138 732 733 730 
1139 733 766 730 
1140 731 739 738 
1141 731 740 739 
1142 731 766 740 
1143 732 737 733 
1144 732 741 737 
1145 732 774 741 
1146 737 742 733 
1147 742 743 733 
1148 743 766 733 
1149 734 736 735 
1150 734 747 736 
1151 734 757 747 
1152 736 749 735 
1153 749 750 735 
1154 750 782 735 
1155 747 760 736 
1156 736 751 749 
1157 736 760 751 
1158 741 752 737 
1159 737 791 742 
1160 752 791 737 
1161 739 755 738 
1162 755 784 738 
1163 738 784 769 
1164 740 745 739 
1165 745 767 739 
1166 739 767 755 
1167 740 754 745 
1168 740 756 754 
1169 740 766 756 
1170 741 788 752 
1171 774 775 741 
1172 775 788 741 
1173 742 744 743 
1174 742 790 744 
1175 742 791 790 
1176 744 753 743 
1177 753 756 743 
1178 756 766 743 
1179 744 797 753 
1180 744 790 762 
1181 762 797 744 
1182 754 796 745 
1183 764 767 745 
1184 745 796 764 
1185 746 758 757 
1186 746 799 758 
1187 759 799 746 
1188 757 758 747 
1189 758 801 747 
1190 747 801 760 
1191 771 773 748 
1192 748 785 771 
1193 776 785 748 
1194 749 786 750 
1195 751 783 749 
1196 783 786 749 
1197 775 782 750 
1198 750 787 775 
1199 786 787 750 
1200 760 800 751 
1201 770 783 751 
1202 751 800 770 
1203 752 789 772 
1204 772 791 752 
1205 788 789 752 
1206 753 798 756 
1207 753 797 780 
1208 780 798 753 
1209 756 798 754 
1210 754 806 796 
1211 798 806 754 
1212 777 784 755 
1213 799 807 758 
1214 758 807 801 
1215 759 810 799 
1216 781 800 760 
1217 760 801 781 
1218 762 790 761 
1219 762 808 797 
1220 763 767 764 
1221 796 811 764 
1222 765 783 770 
1223 768 787 786 
1224 769 785 776 
1225 784 785 769 
1226 800 809 770 
1227 774 782 775 
1228 787 788 775 
1229 778 807 799 
1230 796 806 779 
2 25 2 346
1231 13 112 956 
1232 123 13 956 
1233 122 15 958 
1234 15 175 958 
1235 16 133 957 
1236 194 16 957 
1237 185 19 955 
1238 19 204 955 
1239 112 113 937 
1240 112 937 956 
1241 113 114 913 
1242 113 913 937 
1243 114 115 821 
1244 114 821 913 
1245 115 116 917 
1246 821 115 917 
1247 116 117 815 
1248 116 815 917 
1249 117 118 872 
1250 815 117 872 
1251 118 119 952 
1252 872 118 952 
1253 119 120 817 
1254 119 817 952 
1255 120 121 954 
1256 817 120 954 
1257 121 122 935 
1258 121 935 954 
1259 935 122 958 
1260 124 123 825 
1261 825 123 956 
1262 125 124 914 
1263 124 825 914 
1264 126 125 822 
1265 822 125 914 
1266 127 126 911 
1267 126 822 911 
1268 128 127 812 
1269 812 127 911 
1270 129 128 921 
1271 128 812 921 
1272 130 129 951 
1273 129 921 951 
1274 131 130 818 
1275 818 130 951 
1276 132 131 948 
1277 131 818 948 
1278 133 132 907 
1279 907 132 948 
1280 133 907 957 
1281 175 176 826 
1282 175 826 958 
1283 176 177 828 
1284 826 176 828 
1285 177 178 820 
1286 177 820 828 
1287 178 179 915 
1288 820 178 915 
1289 179 180 813 
1290 179 813 915 
1291 180 181 895 
1292 813 180 895 
1293 181 182 878 
1294 181 878 895 
1295 182 183 816 
1296 182 816 878 
1297 183 184 908 
1298 816 183 908 
1299 184 185 936 
1300 908 184 936 
1301 936 185 955 
1302 195 194 827 
1303 827 194 957 
1304 196 195 902 
1305 195 827 902 
1306 197 196 823 
1307 823 196 902 
1308 198 197 896 
1309 197 823 896 
1310 199 198 814 
1311 814 198 896 
1312 200 199 894 
1313 199 814 894 
1314 201 200 953 
1315 200 894 953 
1316 202 201 819 
1317 819 201 953 
1318 203 202 949 
1319 202 819 949 
1320 204 203 824 
1321 824 203 949 
1322 204 824 955 
1323 812 911 940 
1324 921 812 939 
1325 939 812 940 
1326 813 895 916 
1327 915 813 923 
1328 813 916 923 
1329 894 814 943 
1330 814 896 910 
1331 814 910 943 
1332 815 865 917 
1333 865 815 944 
1334 815 872 944 
1335 878 816 879 
1336 879 816 880 
1337 880 816 908 
1338 871 817 873 
1339 817 871 952 
1340 873 817 874 
1341 874 817 954 
1342 904 818 905 
1343 818 904 948 
1344 905 818 906 
1345 906 818 951 
1346 892 819 924 
1347 819 892 949 
1348 819 893 924 
1349 893 819 953 
1350 828 820 829 
1351 829 820 830 
1352 830 820 915 
1353 913 821 959 
1354 821 917 945 
1355 918 821 945 
1356 821 918 959 
1357 911 822 941 
1358 822 914 942 
1359 941 822 942 
1360 896 823 897 
1361 897 823 898 
1362 898 823 902 
1363 891 824 892 
1364 824 891 936 
1365 892 824 949 
1366 824 936 955 
1367 914 825 960 
1368 825 937 938 
1369 937 825 956 
1370 825 938 960 
1371 826 828 934 
1372 826 934 935 
1373 826 935 958 
1374 902 827 903 
1375 903 827 907 
1376 907 827 957 
1377 828 829 934 
1378 829 830 831 
1379 829 831 875 
1380 829 875 934 
1381 831 830 832 
1382 832 830 923 
1383 830 915 923 
1384 831 832 833 
1385 831 833 853 
1386 831 853 875 
1387 833 832 834 
1388 834 832 927 
1389 832 923 927 
1390 833 834 835 
1391 833 835 909 
1392 853 833 909 
1393 835 834 836 
1394 836 834 845 
1395 845 834 927 
1396 835 836 837 
1397 835 837 848 
1398 835 848 909 
1399 837 836 838 
1400 838 836 912 
1401 836 845 912 
1402 837 838 839 
1403 837 839 922 
1404 848 837 922 
1405 839 838 840 
1406 840 838 841 
1407 841 838 912 
1408 839 840 842 
1409 839 842 843 
1410 839 843 922 
1411 840 841 925 
1412 842 840 844 
1413 844 840 925 
1414 841 912 930 
1415 925 841 931 
1416 841 930 931 
1417 843 842 877 
1418 842 844 846 
1419 842 846 877 
1420 876 843 919 
1421 843 876 922 
1422 843 877 919 
1423 846 844 847 
1424 847 844 849 
1425 849 844 925 
1426 912 845 929 
1427 845 927 928 
1428 845 928 929 
1429 846 847 850 
1430 846 850 852 
1431 846 852 877 
1432 847 849 933 
1433 850 847 851 
1434 851 847 933 
1435 848 867 868 
1436 867 848 922 
1437 848 868 909 
1438 849 925 932 
1439 849 932 946 
1440 933 849 946 
1441 850 851 926 
1442 852 850 854 
1443 854 850 926 
1444 926 851 950 
1445 851 933 950 
1446 852 854 855 
1447 852 855 856 
1448 852 856 877 
1449 853 870 873 
1450 870 853 909 
1451 853 873 875 
1452 855 854 939 
1453 854 926 947 
1454 939 854 947 
1455 856 855 857 
1456 857 855 940 
1457 855 939 940 
1458 856 857 858 
1459 856 858 919 
1460 877 856 919 
1461 858 857 859 
1462 859 857 941 
1463 857 940 941 
1464 858 859 860 
1465 858 860 861 
1466 858 861 919 
1467 860 859 864 
1468 864 859 942 
1469 859 941 942 
1470 861 860 862 
1471 862 860 918 
1472 860 864 918 
1473 861 862 863 
1474 861 863 876 
1475 861 876 919 
1476 863 862 865 
1477 865 862 945 
1478 862 918 945 
1479 863 865 866 
1480 863 866 867 
1481 863 867 876 
1482 918 864 959 
1483 864 938 959 
1484 938 864 960 
1485 864 942 960 
1486 866 865 944 
1487 917 865 945 
1488 867 866 868 
1489 868 866 869 
1490 869 866 944 
1491 876 867 922 
1492 868 869 870 
1493 868 870 909 
1494 870 869 871 
1495 871 869 872 
1496 872 869 944 
1497 870 871 873 
1498 871 872 952 
1499 873 874 875 
1500 875 874 934 
1501 934 874 935 
1502 935 874 954 
1503 878 879 882 
1504 878 882 895 
1505 879 880 881 
1506 879 881 920 
1507 882 879 920 
1508 881 880 883 
1509 883 880 891 
1510 891 880 908 
1511 881 883 884 
1512 881 884 885 
1513 881 885 920 
1514 895 882 916 
1515 916 882 928 
1516 882 920 928 
1517 884 883 924 
1518 883 891 892 
1519 883 892 924 
1520 885 884 886 
1521 886 884 887 
1522 887 884 924 
1523 885 886 930 
1524 920 885 929 
1525 929 885 930 
1526 886 887 888 
1527 886 888 931 
1528 930 886 931 
1529 888 887 889 
1530 889 887 893 
1531 893 887 924 
1532 888 889 890 
1533 888 890 932 
1534 931 888 932 
1535 890 889 943 
1536 889 893 894 
1537 889 894 943 
1538 932 890 946 
1539 890 943 961 
1540 946 890 961 
1541 891 908 936 
1542 894 893 953 
1543 896 897 910 
1544 897 898 899 
1545 897 899 901 
1546 897 901 910 
1547 899 898 900 
1548 900 898 903 
1549 898 902 903 
1550 899 900 950 
1551 901 899 933 
1552 933 899 950 
1553 900 903 904 
1554 900 904 905 
1555 900 905 950 
1556 910 901 961 
1557 901 933 946 
1558 901 946 961 
1559 904 903 907 
1560 904 907 948 
1561 905 906 926 
1562 905 926 950 
1563 926 906 947 
1564 947 906 951 
1565 943 910 961 
1566 940 911 941 
1567 912 929 930 
1568 937 913 938 
1569 938 913 959 
1570 942 914 960 
1571 923 916 927 
1572 927 916 928 
1573 928 920 929 
1574 921 939 947 
1575 921 947 951 
1576 925 931 932 
2 26 2 306
1577 16 1070 134 
1578 194 1070 16 
1579 141 1067 17 
1580 17 1067 164 
1581 174 1068 18 
1582 18 1068 193 
1583 186 1071 19 
1584 19 1071 204 
1585 20 962 205 
1586 209 983 20 
1587 20 971 962 
1588 20 1085 971 
1589 983 1085 20 
1590 205 1038 21 
1591 21 979 206 
1592 21 981 979 
1593 21 1079 981 
1594 1038 1079 21 
1595 207 978 22 
1596 22 1039 208 
1597 978 980 22 
1598 980 1078 22 
1599 22 1078 1039 
1600 208 963 23 
1601 23 1088 210 
1602 963 970 23 
1603 970 982 23 
1604 982 1088 23 
1605 134 997 135 
1606 134 1070 997 
1607 135 1033 136 
1608 997 1033 135 
1609 136 968 137 
1610 136 1033 968 
1611 137 1086 138 
1612 968 1086 137 
1613 138 1057 139 
1614 1019 1057 138 
1615 138 1086 1019 
1616 139 966 140 
1617 139 1057 966 
1618 140 1042 141 
1619 966 1042 140 
1620 1042 1067 141 
1621 164 1031 165 
1622 164 1067 1031 
1623 165 993 166 
1624 165 1031 993 
1625 166 1020 167 
1626 993 1020 166 
1627 167 994 168 
1628 167 1020 994 
1629 168 1023 169 
1630 994 1023 168 
1631 169 988 170 
1632 169 1023 988 
1633 170 1028 171 
1634 988 1028 170 
1635 171 1024 172 
1636 171 1028 1024 
1637 172 992 173 
1638 172 1024 992 
1639 173 1030 174 
1640 992 1030 173 
1641 1030 1068 174 
1642 187 998 186 
1643 998 1071 186 
1644 188 1034 187 
1645 187 1034 998 
1646 189 969 188 
1647 969 1034 188 
1648 190 1087 189 
1649 189 1087 969 
1650 191 1054 190 
1651 190 1054 1018 
1652 1018 1087 190 
1653 192 967 191 
1654 967 1054 191 
1655 193 1037 192 
1656 192 1037 967 
1657 193 1068 1037 
1658 195 1040 194 
1659 1040 1070 194 
1660 196 965 195 
1661 965 1040 195 
1662 197 1048 196 
1663 196 1048 965 
1664 198 1066 197 
1665 197 1066 1048 
1666 199 1032 198 
1667 1032 1066 198 
1668 200 1000 199 
1669 1000 1032 199 
1670 201 1065 200 
1671 200 1065 1000 
1672 202 1047 201 
1673 1047 1065 201 
1674 203 964 202 
1675 964 1047 202 
1676 204 1041 203 
1677 203 1041 964 
1678 204 1071 1041 
1679 962 1038 205 
1680 206 1049 207 
1681 979 1049 206 
1682 207 1049 978 
1683 208 1039 963 
1684 210 1021 209 
1685 209 1021 983 
1686 210 1088 1021 
1687 971 974 962 
1688 974 975 962 
1689 975 1038 962 
1690 963 972 970 
1691 963 973 972 
1692 963 1039 973 
1693 1041 1084 964 
1694 964 1075 1047 
1695 964 1084 1075 
1696 965 1083 1040 
1697 1048 1074 965 
1698 1074 1083 965 
1699 966 1043 1042 
1700 966 1051 1043 
1701 966 1057 1051 
1702 1037 1069 967 
1703 1046 1054 967 
1704 967 1069 1046 
1705 1033 1076 968 
1706 1035 1072 968 
1707 968 1076 1035 
1708 1072 1086 968 
1709 969 1077 1034 
1710 969 1073 1036 
1711 1036 1077 969 
1712 969 1087 1073 
1713 972 976 970 
1714 976 1059 970 
1715 970 1059 982 
1716 971 977 974 
1717 971 999 977 
1718 971 1085 999 
1719 973 985 972 
1720 972 1045 976 
1721 985 1045 972 
1722 973 986 985 
1723 973 1052 986 
1724 1039 1052 973 
1725 974 984 975 
1726 977 1044 974 
1727 974 1044 984 
1728 984 987 975 
1729 987 1053 975 
1730 975 1053 1038 
1731 976 1055 1025 
1732 1025 1059 976 
1733 1045 1055 976 
1734 999 1011 977 
1735 1011 1012 977 
1736 1012 1044 977 
1737 978 990 980 
1738 978 1017 990 
1739 978 1049 1017 
1740 981 989 979 
1741 989 991 979 
1742 991 1049 979 
1743 990 995 980 
1744 995 1001 980 
1745 1001 1078 980 
1746 981 996 989 
1747 981 1002 996 
1748 981 1079 1002 
1749 982 1059 1029 
1750 1029 1061 982 
1751 1061 1088 982 
1752 1021 1022 983 
1753 1022 1058 983 
1754 1058 1085 983 
1755 984 1003 987 
1756 984 1004 1003 
1757 984 1044 1004 
1758 986 1005 985 
1759 1005 1006 985 
1760 1006 1045 985 
1761 986 1036 1005 
1762 1013 1036 986 
1763 986 1052 1013 
1764 1003 1035 987 
1765 987 1035 1015 
1766 1015 1053 987 
1767 1023 1050 988 
1768 988 1029 1028 
1769 988 1050 1029 
1770 989 1062 991 
1771 996 1010 989 
1772 1010 1062 989 
1773 990 1009 995 
1774 990 1063 1009 
1775 1017 1063 990 
1776 1017 1049 991 
1777 991 1060 1017 
1778 991 1062 1060 
1779 1024 1025 992 
1780 1025 1026 992 
1781 1026 1030 992 
1782 1011 1020 993 
1783 993 1064 1011 
1784 1031 1064 993 
1785 1020 1056 994 
1786 994 1082 1023 
1787 1056 1058 994 
1788 1058 1082 994 
1789 995 1008 1001 
1790 995 1075 1008 
1791 1009 1075 995 
1792 1002 1007 996 
1793 1007 1074 996 
1794 996 1074 1010 
1795 997 1081 1033 
1796 997 1070 1040 
1797 1040 1081 997 
1798 1034 1080 998 
1799 1041 1071 998 
1800 998 1080 1041 
1801 999 1056 1011 
1802 999 1058 1056 
1803 999 1085 1058 
1804 1000 1060 1032 
1805 1000 1063 1060 
1806 1000 1065 1063 
1807 1008 1013 1001 
1808 1013 1052 1001 
1809 1052 1078 1001 
1810 1002 1015 1007 
1811 1002 1053 1015 
1812 1002 1079 1053 
1813 1004 1019 1003 
1814 1019 1072 1003 
1815 1003 1072 1035 
1816 1004 1057 1019 
1817 1044 1051 1004 
1818 1051 1057 1004 
1819 1005 1018 1006 
1820 1005 1073 1018 
1821 1036 1073 1005 
1822 1018 1054 1006 
1823 1006 1046 1045 
1824 1006 1054 1046 
1825 1015 1016 1007 
1826 1016 1083 1007 
1827 1007 1083 1074 
1828 1008 1014 1013 
1829 1008 1084 1014 
1830 1075 1084 1008 
1831 1009 1065 1047 
1832 1047 1075 1009 
1833 1063 1065 1009 
1834 1048 1066 1010 
1835 1010 1074 1048 
1836 1010 1066 1062 
1837 1011 1064 1012 
1838 1011 1056 1020 
1839 1043 1051 1012 
1840 1012 1064 1043 
1841 1012 1051 1044 
1842 1014 1077 1013 
1843 1013 1077 1036 
1844 1041 1080 1014 
1845 1014 1084 1041 
1846 1014 1080 1077 
1847 1015 1076 1016 
1848 1035 1076 1015 
1849 1016 1081 1040 
1850 1040 1083 1016 
1851 1076 1081 1016 
1852 1060 1063 1017 
1853 1073 1087 1018 
1854 1019 1086 1072 
1855 1021 1050 1022 
1856 1021 1061 1050 
1857 1021 1088 1061 
1858 1022 1050 1023 
1859 1023 1082 1022 
1860 1022 1082 1058 
1861 1024 1027 1025 
1862 1024 1028 1027 
1863 1025 1055 1026 
1864 1027 1059 1025 
1865 1026 1069 1030 
1866 1026 1055 1046 
1867 1046 1069 1026 
1868 1028 1029 1027 
1869 1029 1059 1027 
1870 1050 1061 1029 
1871 1037 1068 1030 
1872 1030 1069 1037 
1873 1042 1043 1031 
1874 1031 1067 1042 
1875 1043 1064 1031 
1876 1060 1062 1032 
1877 1062 1066 1032 
1878 1033 1081 1076 
1879 1077 1080 1034 
1880 1053 1079 1038 
1881 1039 1078 1052 
1882 1046 1055 1045 
2 27 2 22
1883 20 205 1091 
1884 215 20 1091 
1885 205 21 1093 
1886 21 211 1093 
1887 213 24 1092 
1888 24 214 1092 
1889 214 25 1094 
1890 25 217 1094 
1891 1091 205 1093 
1892 211 212 1089 
1893 211 1089 1091 
1894 211 1091 1093 
1895 212 213 1090 
1896 1089 212 1090 
1897 1090 213 1092 
1898 1092 214 1094 
1899 216 215 1089 
1900 1089 215 1091 
1901 217 216 1090 
1902 216 1089 1090 
1903 217 1090 1092 
1904 217 1092 1094 
2 28 2 34
1905 21 206 1102 
1906 211 21 1102 
1907 207 22 1105 
1908 22 218 1105 
1909 24 213 1103 
1910 221 24 1103 
1911 220 26 1104 
1912 26 222 1104 
1913 206 207 1101 
1914 206 1101 1102 
1915 1101 207 1105 
1916 212 211 1097 
1917 1097 211 1102 
1918 213 212 1098 
1919 212 1097 1098 
1920 213 1098 1103 
1921 218 219 1096 
1922 218 1096 1105 
1923 219 220 1099 
1924 1096 219 1099 
1925 1099 220 1104 
1926 222 221 1095 
1927 1095 221 1103 
1928 222 1095 1104 
1929 1095 1098 1100 
1930 1098 1095 1103 
1931 1099 1095 1100 
1932 1095 1099 1104 
1933 1096 1099 1100 
1934 1096 1100 1101 
1935 1096 1101 1105 
1936 1098 1097 1100 
1937 1100 1097 1101 
1938 1101 1097 1102 
2 29 2 22
1939 208 1110 22 
1940 22 1110 218 
1941 23 1108 208 
1942 224 1108 23 
1943 220 1109 26 
1944 26 1109 223 
1945 223 1111 27 
1946 27 1111 226 
1947 1108 1110 208 
1948 218 1107 219 
1949 218 1108 1107 
1950 218 1110 1108 
1951 219 1106 220 
1952 219 1107 1106 
1953 1106 1109 220 
1954 1109 1111 223 
1955 225 1107 224 
1956 1107 1108 224 
1957 226 1106 225 
1958 1106 1107 225 
1959 226 1109 1106 
1960 226 1111 1109 
2 30 2 34
1961 20 1120 209 
1962 215 1120 20 
1963 210 1121 23 
1964 23 1121 224 
1965 25 1119 217 
1966 227 1119 25 
1967 226 1122 27 
1968 27 1122 228 
1969 209 1112 210 
1970 209 1120 1112 
1971 1112 1121 210 
1972 216 1116 215 
1973 1116 1120 215 
1974 217 1114 216 
1975 1114 1116 216 
1976 217 1119 1114 
1977 224 1115 225 
1978 224 1121 1115 
1979 225 1113 226 
1980 225 1115 1113 
1981 1113 1122 226 
1982 228 1118 227 
1983 1118 1119 227 
1984 228 1122 1118 
1985 1112 1117 1115 
1986 1115 1121 1112 
1987 1116 1117 1112 
1988 1112 1120 1116 
1989 1115 1117 1113 
1990 1117 1118 1113 
1991 1118 1122 1113 
1992 1114 1117 1116 
1993 1114 1118 1117 
1994 1114 1119 1118 
2 31 2 14
1995 24 1125 214 
1996 221 1125 24 
1997 214 1125 25 
1998 25 1125 227 
1999 26 1124 222 
2000 223 1124 26 
2001 27 1124 223 
2002 228 1124 27 
2003 222 1123 221 
2004 1123 1125 221 
2005 222 1124 1123 
2006 227 1123 228 
2007 227 1125 1123 
2008 1123 1124 228 
2 32 2 68
2009 28 29 1133 
2010 29 28 1139 
2011 28 229 1139 
2012 244 28 1133 
2013 245 29 1139 
2014 29 260 1133 
2015 229 230 1134 
2016 245 229 1134 
2017 229 245 1139 
2018 230 231 1137 
2019 230 246 1134 
2020 246 230 1137 
2021 231 232 1135 
2022 247 231 1135 
2023 231 247 1137 
2024 232 233 1131 
2025 248 232 1131 
2026 232 248 1135 
2027 233 234 1141 
2028 233 249 1131 
2029 249 233 1141 
2030 234 235 1142 
2031 234 250 1141 
2032 250 234 1142 
2033 235 236 1140 
2034 251 235 1140 
2035 235 251 1142 
2036 236 237 1136 
2037 252 236 1136 
2038 236 252 1140 
2039 237 238 1129 
2040 253 237 1129 
2041 237 253 1136 
2042 238 239 1132 
2043 238 254 1129 
2044 254 238 1132 
2045 239 240 1126 
2046 255 239 1126 
2047 239 255 1132 
2048 240 241 1138 
2049 240 256 1126 
2050 256 240 1138 
2051 241 242 1128 
2052 257 241 1128 
2053 241 257 1138 
2054 242 243 1130 
2055 242 258 1128 
2056 258 242 1130 
2057 243 244 1127 
2058 259 243 1127 
2059 243 259 1130 
2060 244 260 1127 
2061 260 244 1133 
2062 246 245 1134 
2063 247 246 1137 
2064 248 247 1135 
2065 249 248 1131 
2066 250 249 1141 
2067 251 250 1142 
2068 252 251 1140 
2069 253 252 1136 
2070 254 253 1129 
2071 255 254 1132 
2072 256 255 1126 
2073 257 256 1138 
2074 258 257 1128 
2075 259 258 1130 
2076 260 259 1127 
2 33 2 99
2077 229 28 1180 
2078 28 244 1145 
2079 28 1145 1180 
2080 33 37 1172 
2081 37 33 1177 
2082 1155 33 1172 
2083 33 1155 1173 
2084 33 1173 1177 
2085 37 39 1174 
2086 39 37 1175 
2087 1172 37 1174 
2088 1175 37 1177 
2089 39 1168 1174 
2090 1168 39 1178 
2091 1171 39 1175 
2092 39 1171 1178 
2093 230 229 1160 
2094 1160 229 1180 
2095 231 230 1146 
2096 1146 230 1160 
2097 232 231 1158 
2098 231 1146 1158 
2099 233 232 1147 
2100 1147 232 1158 
2101 234 233 1151 
2102 233 1147 1151 
2103 235 234 1149 
2104 1149 234 1151 
2105 236 235 1150 
2106 235 1149 1150 
2107 237 236 1148 
2108 1148 236 1150 
2109 238 237 1154 
2110 237 1148 1154 
2111 239 238 1144 
2112 1144 238 1154 
2113 240 239 1169 
2114 239 1144 1169 
2115 241 240 1166 
2116 1166 240 1169 
2117 242 241 1143 
2118 1143 241 1166 
2119 243 242 1167 
2120 242 1143 1167 
2121 244 243 1176 
2122 243 1167 1176 
2123 1145 244 1176 
2124 1163 1143 1164 
2125 1143 1163 1167 
2126 1164 1143 1165 
2127 1165 1143 1166 
2128 1144 1154 1179 
2129 1144 1157 1169 
2130 1157 1144 1179 
2131 1161 1145 1162 
2132 1145 1161 1180 
2133 1162 1145 1163 
2134 1163 1145 1176 
2135 1158 1146 1181 
2136 1159 1146 1160 
2137 1146 1159 1181 
2138 1151 1147 1152 
2139 1152 1147 1153 
2140 1153 1147 1158 
2141 1148 1150 1155 
2142 1154 1148 1179 
2143 1148 1155 1156 
2144 1148 1156 1179 
2145 1150 1149 1155 
2146 1149 1151 1173 
2147 1155 1149 1173 
2148 1151 1152 1173 
2149 1152 1153 1177 
2150 1173 1152 1177 
2151 1153 1158 1181 
2152 1153 1175 1177 
2153 1175 1153 1181 
2154 1156 1155 1172 
2155 1170 1156 1172 
2156 1156 1170 1179 
2157 1165 1157 1168 
2158 1157 1165 1169 
2159 1168 1157 1170 
2160 1170 1157 1179 
2161 1159 1160 1161 
2162 1159 1161 1162 
2163 1159 1162 1171 
2164 1159 1171 1175 
2165 1159 1175 1181 
2166 1161 1160 1180 
2167 1162 1163 1164 
2168 1162 1164 1178 
2169 1171 1162 1178 
2170 1167 1163 1176 
2171 1164 1165 1168 
2172 1164 1168 1178 
2173 1165 1166 1169 
2174 1168 1170 1174 
2175 1170 1172 1174 
2 34 2 67
2176 245 1184 29 
2177 29 1204 260 
2178 1184 1204 29 
2179 246 1201 245 
2180 245 1201 1184 
2181 247 1186 246 
2182 1186 1201 246 
2183 248 1203 247 
2184 247 1203 1186 
2185 249 1182 248 
2186 1182 1203 248 
2187 250 1202 249 
2188 249 1202 1182 
2189 251 1187 250 
2190 1187 1202 250 
2191 252 1205 251 
2192 251 1205 1187 
2193 253 1185 252 
2194 1185 1205 252 
2195 254 1198 253 
2196 253 1198 1185 
2197 255 1188 254 
2198 1188 1198 254 
2199 256 1199 255 
2200 255 1199 1188 
2201 257 1183 256 
2202 1183 1199 256 
2203 258 1200 257 
2204 257 1200 1183 
2205 259 1189 258 
2206 1189 1200 258 
2207 260 1190 259 
2208 259 1190 1189 
2209 260 1204 1190 
2210 1196 1203 1182 
2211 1182 1206 1196 
2212 1202 1206 1182 
2213 1192 1194 1183 
2214 1183 1200 1192 
2215 1194 1199 1183 
2216 1184 1197 1191 
2217 1191 1204 1184 
2218 1184 1201 1197 
2219 1195 1205 1185 
2220 1185 1207 1195 
2221 1198 1207 1185 
2222 1196 1197 1186 
2223 1186 1203 1196 
2224 1197 1201 1186 
2225 1187 1205 1195 
2226 1195 1206 1187 
2227 1187 1206 1202 
2228 1188 1199 1194 
2229 1194 1207 1188 
2230 1188 1207 1198 
2231 1190 1191 1189 
2232 1191 1192 1189 
2233 1192 1200 1189 
2234 1190 1204 1191 
2235 1191 1193 1192 
2236 1191 1197 1193 
2237 1193 1194 1192 
2238 1193 1195 1194 
2239 1193 1196 1195 
2240 1193 1197 1196 
2241 1195 1207 1194 
2242 1196 1206 1195 
2 35 2 41
2243 261 31 30 
2244 30 31 1208 
2245 265 30 1208 
2246 31 261 1223 
2247 1208 31 1215 
2248 1215 31 1223 
2249 263 32 33 
2250 33 32 1217 
2251 32 264 1217 
2252 263 33 1219 
2253 33 1217 1221 
2254 1219 33 1221 
2255 261 262 1209 
2256 261 1209 1223 
2257 262 263 1216 
2258 1209 262 1216 
2259 1216 263 1219 
2260 264 265 1210 
2261 264 1210 1220 
2262 1217 264 1220 
2263 265 1208 1210 
2264 1210 1208 1211 
2265 1211 1208 1215 
2266 1209 1216 1222 
2267 1218 1209 1222 
2268 1209 1218 1223 
2269 1210 1211 1212 
2270 1210 1212 1220 
2271 1212 1211 1213 
2272 1213 1211 1215 
2273 1212 1213 1214 
2274 1212 1214 1221 
2275 1220 1212 1221 
2276 1214 1213 1222 
2277 1213 1215 1218 
2278 1213 1218 1222 
2279 1214 1219 1221 
2280 1219 1214 1222 
2281 1218 1215 1223 
2282 1216 1219 1222 
2283 1217 1220 1221 
2 36 2 28
2284 30 35 269 
2285 35 30 1225 
2286 30 269 261 
2287 30 265 1225 
2288 32 266 37 
2289 32 37 1224 
2290 32 263 266 
2291 264 32 1224 
2292 269 35 34 
2293 34 35 1225 
2294 270 34 1228 
2295 34 1225 1228 
2296 266 36 37 
2297 37 36 1224 
2298 36 270 1227 
2299 1224 36 1227 
2300 261 268 262 
2301 261 269 268 
2302 263 262 267 
2303 262 268 267 
2304 263 267 266 
2305 265 264 1226 
2306 264 1224 1226 
2307 1225 265 1226 
2308 270 1226 1227 
2309 1226 270 1228 
2310 1226 1224 1227 
2311 1225 1226 1228 
2 37 2 35
2312 269 34 1239 
2313 34 270 1235 
2314 34 1235 1239 
2315 39 36 266 
2316 36 39 1234 
2317 270 36 1234 
2318 269 38 1233 
2319 38 269 1239 
2320 38 272 1230 
2321 272 38 1239 
2322 38 1230 1233 
2323 39 266 1232 
2324 271 39 1229 
2325 39 271 1234 
2326 1229 39 1232 
2327 266 267 1232 
2328 267 268 1231 
2329 267 1231 1232 
2330 268 269 1233 
2331 1231 268 1233 
2332 270 1234 1235 
2333 271 272 1234 
2334 272 271 1238 
2335 271 1229 1238 
2336 1230 272 1238 
2337 1234 272 1235 
2338 1235 272 1239 
2339 1229 1232 1237 
2340 1229 1237 1238 
2341 1233 1230 1236 
2342 1236 1230 1237 
2343 1237 1230 1238 
2344 1232 1231 1237 
2345 1231 1233 1236 
2346 1231 1236 1237 
3 2 4 105
2347 82 60 71 3 
2348 69 57 82 3 
2349 60 82 71 81 
2350 73 59 77 1 
2351 76 58 1 77 
2352 58 76 1 67 
2353 59 73 77 78 
2354 57 69 82 83 
2355 60 82 81 326 
2356 78 77 59 326 
2357 76 58 77 327 
2358 57 83 82 327 
2359 328 4 68 321 
2360 331 6 72 324 
2361 328 84 10 321 
2362 330 69 70 320 
2363 329 72 71 323 
2364 330 68 67 320 
2365 329 78 79 323 
2366 331 74 7 324 
2367 2 66 325 318 
2368 317 2 61 325 
2369 71 80 329 81 
2370 72 11 6 331 
2371 9 4 68 328 
2372 79 7 8 331 
2373 5 10 84 321 
2374 67 76 75 330 
2375 330 68 75 67 
2376 74 78 73 323 
2377 80 71 329 72 
2378 83 70 84 330 
2379 72 80 11 331 
2380 74 78 323 79 
2381 5 84 70 321 
2382 9 68 75 328 
2383 69 330 70 83 
2384 74 331 7 79 
2385 326 78 81 322 
2386 82 57 58 325 
2387 59 60 82 325 
2388 327 83 76 319 
2389 82 60 59 326 
2390 58 57 82 327 
2391 326 81 60 322 
2392 327 57 83 319 
2393 326 59 78 322 
2394 76 58 327 319 
2395 317 61 59 325 
2396 325 66 58 318 
2397 4 328 10 321 
2398 6 331 7 324 
2399 72 329 79 323 
2400 67 69 330 320 
2401 321 84 68 328 
2402 331 72 74 324 
2403 330 70 68 320 
2404 323 78 71 329 
2405 77 82 58 325 
2406 77 59 82 325 
2407 65 66 58 325 
2408 61 62 59 325 
2409 59 77 82 326 
2410 82 77 58 327 
2411 57 64 65 325 
2412 60 62 63 325 
2413 81 71 60 322 
2414 69 83 57 319 
2415 73 78 59 322 
2416 58 76 67 319 
2417 317 59 1 325 
2418 10 5 4 321 
2419 328 4 10 9 
2420 58 1 325 318 
2421 78 71 81 322 
2422 331 6 7 11 
2423 7 11 8 331 
2424 71 329 78 81 
2425 62 60 59 325 
2426 65 58 57 325 
2427 72 79 74 323 
2428 70 330 68 84 
2429 329 72 79 80 
2430 68 84 330 75 
2431 84 321 68 70 
2432 69 83 67 330 
2433 72 79 331 74 
2434 79 72 331 80 
2435 83 76 67 330 
2436 84 75 68 328 
2437 78 323 71 73 
2438 78 71 322 73 
2439 83 69 67 319 
2440 67 76 83 319 
2441 317 1 2 325 
2442 325 1 2 318 
2443 3 63 64 325 
2444 82 60 3 325 
2445 57 82 3 325 
2446 58 1 77 325 
2447 59 77 1 325 
2448 3 60 63 325 
2449 3 64 57 325 
2450 57 58 319 327 
2451 59 60 322 326 
3 3 4 305
2452 1193 39 37 1174 
2453 1193 37 39 1175 
2454 33 1173 1177 1206 
2455 1148 1185 1136 1150 
2456 252 1136 1185 1150 
2457 252 236 1136 1150 
2458 236 1148 1136 1150 
2459 1174 1194 1168 1170 
2460 1194 1174 1195 1170 
2461 37 33 1177 1195 
2462 1195 1193 37 1174 
2463 1146 1137 230 1201 
2464 1137 246 230 1201 
2465 1144 1199 1132 1188 
2466 1173 1195 33 1155 
2467 247 1146 1137 231 
2468 1175 1197 1159 1171 
2469 1132 1199 255 1188 
2470 1132 239 1199 1144 
2471 1174 1195 1170 1172 
2472 239 1199 255 1132 
2473 1175 1193 37 1196 
2474 1175 39 1193 1171 
2475 1137 1146 1186 1201 
2476 1182 1147 248 1131 
2477 246 1137 1186 1201 
2478 1146 1137 231 230 
2479 1132 239 1144 238 
2480 29 245 1184 1139 
2481 258 259 1189 1130 
2482 1171 1175 1197 1196 
2483 1186 1146 1137 247 
2484 248 1147 232 1131 
2485 252 253 1185 1136 
2486 1154 1198 1129 237 
2487 1143 1128 242 241 
2488 247 1203 1158 1135 
2489 1178 1164 1193 1191 
2490 244 1145 28 1133 
2491 1135 1158 247 231 
2492 1136 237 1148 236 
2493 246 247 1186 1137 
2494 1194 1174 1168 1193 
2495 1141 233 1151 1202 
2496 1156 1170 1195 1172 
2497 1194 1174 1193 1195 
2498 256 257 1183 1138 
2499 1167 1130 258 1189 
2500 237 1148 253 1136 
2501 1178 1164 1191 1162 
2502 1184 29 1139 1180 
2503 254 255 1188 1132 
2504 1148 1185 253 1136 
2505 1187 1149 234 1142 
2506 1206 1152 1177 1153 
2507 248 249 1182 1131 
2508 1167 1130 1189 259 
2509 33 1195 1206 1177 
2510 1135 232 1158 231 
2511 1198 1154 1148 237 
2512 233 232 1147 1131 
2513 1169 1199 1157 1165 
2514 249 250 1202 1141 
2515 253 254 1198 1129 
2516 1175 37 1177 1196 
2517 1206 1195 33 1173 
2518 1184 1139 245 1180 
2519 1176 1167 1190 243 
2520 242 1130 1167 243 
2521 247 1158 1146 231 
2522 1195 1193 1196 37 
2523 1193 1175 1171 1196 
2524 1141 1151 234 1202 
2525 1190 1127 1176 243 
2526 28 229 1139 1180 
2527 37 1195 1174 1172 
2528 1127 244 1176 243 
2529 1188 1132 1144 238 
2530 238 1154 1129 237 
2531 1151 233 1141 234 
2532 1138 241 1166 240 
2533 1182 1147 1131 249 
2534 1154 1198 1188 254 
2535 1207 1156 1170 1195 
2536 232 1158 1203 1135 
2537 1140 235 236 1150 
2538 1166 1183 257 1138 
2539 250 251 1187 1142 
2540 234 1149 235 1142 
2541 1168 1178 1164 1193 
2542 241 1166 257 1138 
2543 1204 28 1145 1133 
2544 1153 1181 1203 1158 
2545 1167 1130 242 258 
2546 238 1188 1132 254 
2547 1131 1147 233 249 
2548 255 256 1199 1126 
2549 1169 240 239 1126 
2550 247 248 1203 1135 
2551 1138 1166 1183 256 
2552 1142 234 1187 250 
2553 1145 1180 28 1204 
2554 253 1198 1148 237 
2555 29 28 1180 1204 
2556 1146 1186 1158 247 
2557 1199 1166 1169 256 
2558 1145 244 1204 1133 
2559 239 1199 1169 1126 
2560 250 1141 234 1202 
2561 1202 1141 233 249 
2562 253 1129 1198 237 
2563 1147 1158 1203 232 
2564 260 29 1204 1133 
2565 1199 1194 1157 1165 
2566 256 1169 1199 1126 
2567 1166 1138 240 256 
2568 1147 1182 1202 249 
2569 1180 1184 29 1204 
2570 1185 1198 1148 253 
2571 1190 1176 1127 260 
2572 1191 1193 1178 1162 
2573 1186 1203 1158 247 
2574 1163 1145 1176 1190 
2575 1151 233 1147 1202 
2576 1193 1168 39 1174 
2577 29 28 1204 1133 
2578 259 1167 1130 243 
2579 1202 233 1147 249 
2580 235 1140 251 1150 
2581 1195 1187 1155 1173 
2582 1205 252 1185 1150 
2583 29 28 1139 1180 
2584 240 1169 256 1126 
2585 1143 1200 1128 241 
2586 1153 1181 1196 1203 
2587 257 258 1200 1128 
2588 1161 1191 1162 1197 
2589 1127 1190 260 259 
2590 1200 1128 242 1143 
2591 1197 1161 1191 1184 
2592 1171 1197 1193 1196 
2593 248 232 1203 1135 
2594 239 255 1199 1126 
2595 230 229 1160 1134 
2596 1140 236 252 1150 
2597 1197 1193 1162 1171 
2598 1146 230 1160 1201 
2599 1173 1149 1187 1155 
2600 242 1167 258 1200 
2601 1184 1161 1191 1145 
2602 1182 1206 1152 1202 
2603 258 1128 242 1200 
2604 1205 251 1140 1150 
2605 1203 1182 1147 248 
2606 260 1190 1176 1204 
2607 239 1169 1199 1144 
2608 1206 1152 1153 1182 
2609 232 1203 1147 248 
2610 257 1200 1166 241 
2611 251 252 1205 1140 
2612 1200 257 1128 241 
2613 1166 240 1169 256 
2614 1161 1197 1201 1184 
2615 1162 1193 1178 1171 
2616 1205 1140 252 1150 
2617 259 1190 1167 243 
2618 1176 1167 1189 1190 
2619 1195 1194 1170 1207 
2620 1149 1187 251 1142 
2621 245 246 1201 1134 
2622 1195 1185 1156 1155 
2623 1190 1167 1189 259 
2624 1200 1167 258 1189 
2625 1176 244 1127 260 
2626 244 1176 1145 1204 
2627 1139 229 245 1180 
2628 1144 1154 1188 238 
2629 238 1154 1188 254 
2630 1161 1162 1191 1145 
2631 244 260 1204 1133 
2632 1158 1203 1153 1147 
2633 242 1167 1200 1143 
2634 1127 1190 259 243 
2635 1176 244 260 1204 
2636 1196 1181 1197 1186 
2637 1181 1159 1175 1196 
2638 1199 1183 1166 256 
2639 1200 1143 1166 241 
2640 245 1160 1201 1180 
2641 1190 1191 1145 1204 
2642 251 235 1149 1142 
2643 1198 1148 1154 1207 
2644 1149 235 251 1150 
2645 1134 1160 230 1201 
2646 1187 1149 1151 234 
2647 1184 245 1201 1180 
2648 1190 1145 1176 1204 
2649 1148 1185 1150 1155 
2650 1173 1152 1206 1151 
2651 251 1205 1149 1150 
2652 229 1160 245 1180 
2653 1200 1183 257 1166 
2654 1164 1192 1193 1191 
2655 1177 1152 1206 1173 
2656 1184 1180 1145 1204 
2657 1134 230 246 1201 
2658 1188 1144 1199 1157 
2659 1196 1186 1203 1181 
2660 1187 1195 1206 1173 
2661 1156 1185 1148 1155 
2662 1182 1153 1203 1147 
2663 1159 1197 1175 1196 
2664 1194 1199 1183 1165 
2665 1163 1167 1189 1176 
2666 1151 1152 1206 1202 
2667 1195 37 33 1172 
2668 1150 1185 1205 1155 
2669 1188 1198 1154 1207 
2670 1179 1207 1148 1156 
2671 1201 1160 1161 1184 
2672 1145 1163 1191 1190 
2673 1181 1159 1197 1186 
2674 1182 1152 1153 1147 
2675 1197 1159 1181 1196 
2676 1193 1191 1197 1162 
2677 1145 1191 1184 1204 
2678 1143 1167 1189 1163 
2679 1150 1205 1149 1155 
2680 1203 1196 1153 1182 
2681 1195 1185 1207 1156 
2682 1189 1191 1192 1163 
2683 1194 1188 1199 1157 
2684 1153 1177 1206 1196 
2685 1184 1160 1161 1180 
2686 1195 1187 1205 1155 
2687 1203 1181 1186 1158 
2688 1155 1172 1156 1195 
2689 1156 1179 1207 1170 
2690 1207 1148 1154 1179 
2691 1164 1192 1191 1163 
2692 1192 1193 1194 1168 
2693 1169 1199 1144 1157 
2694 1146 1186 1181 1158 
2695 1189 1163 1176 1190 
2696 1148 1198 1185 1207 
2697 1195 1205 1185 1155 
2698 1192 1168 1164 1193 
2699 1205 1187 1149 1155 
2700 1188 1144 1157 1179 
2701 1186 1181 1159 1146 
2702 1165 1194 1168 1192 
2703 1178 1168 39 1193 
2704 1154 1188 1207 1179 
2705 1196 1206 1153 1182 
2706 1153 1175 1177 1196 
2707 1173 1206 1187 1151 
2708 1162 1159 1197 1171 
2709 1161 1184 1180 1145 
2710 1184 1201 1160 1180 
2711 1168 1157 1194 1165 
2712 1168 1164 1165 1192 
2713 1165 1183 1194 1192 
2714 251 1205 1187 1149 
2715 39 1178 1193 1171 
2716 1157 1194 1188 1179 
2717 1162 1159 1161 1197 
2718 1155 33 1172 1195 
2719 1163 1189 1191 1190 
2720 1192 1143 1200 1189 
2721 1165 1143 1183 1192 
2722 1207 1185 1148 1156 
2723 1188 1154 1144 1179 
2724 1143 1200 1183 1192 
2725 1162 1163 1191 1145 
2726 1143 1167 1200 1189 
2727 1175 1153 1181 1196 
2728 1165 1164 1143 1192 
2729 1206 1187 1151 1202 
2730 1170 1157 1194 1168 
2731 1179 1194 1207 1170 
2732 1163 1191 1164 1162 
2733 1183 1200 1143 1166 
2734 1173 1187 1149 1151 
2735 1194 1207 1188 1179 
2736 1166 1143 1183 1165 
2737 1179 1157 1194 1170 
2738 1195 1177 1196 1206 
2739 1196 1177 1195 37 
2740 1154 254 1129 1198 
2741 1129 254 1154 238 
2742 234 1202 1187 250 
2743 1187 1202 234 1151 
2744 1163 1192 1143 1164 
2745 1163 1143 1192 1189 
2746 1202 1147 1152 1182 
2747 1202 1152 1147 1151 
2748 1199 1166 1165 1169 
2749 1199 1165 1166 1183 
2750 1160 245 1134 229 
2751 1134 245 1160 1201 
2752 1197 1159 1201 1186 
2753 1146 1159 1201 1160 
2754 1146 1201 1159 1186 
2755 1159 1201 1161 1197 
2756 1159 1161 1201 1160 
3 4 4 8349
2757 1404 1546 1663 1893 
2758 1378 1547 1167 1978 
2759 1473 1383 1913 1964 
2760 1351 1559 1538 1750 
2761 364 1616 1412 1677 
2762 1303 1518 1399 1626 
2763 1302 1591 1470 1696 
2764 1404 1546 1500 1663 
2765 1303 1626 1399 1957 
2766 1463 1585 1320 1859 
2767 1422 1530 1338 1555 
2768 973 1913 1704 1964 
2769 1508 1519 1324 1980 
2770 1404 1893 1663 1945 
2771 1459 1551 1436 1769 
2772 612 1609 1840 1854 
2773 1370 1459 1567 1769 
2774 1385 239 1477 1692 
2775 668 1840 1571 1854 
2776 1333 1586 1415 1609 
2777 1324 1648 1462 1692 
2778 1600 1938 1307 1981 
2779 379 1588 1414 1643 
2780 1405 1338 1530 1555 
2781 1689 1722 1552 2043 
2782 1334 1705 1555 1906 
2783 657 1427 1652 1655 
2784 1551 1769 1370 2064 
2785 1357 1430 1403 1774 
2786 1302 1591 1696 1873 
2787 1420 1593 923 1795 
2788 1405 1422 1334 1555 
2789 1331 1567 1459 1769 
2790 351 1489 1393 1563 
2791 1500 1663 1546 1893 
2792 1333 1576 1415 1586 
2793 1405 1530 1422 1555 
2794 353 1393 1616 1677 
2795 1350 1484 1326 1564 
2796 1704 1913 1383 1964 
2797 1583 1734 1547 1773 
2798 1323 1377 1558 2032 
2799 1678 1691 1420 1908 
2800 1300 1394 1436 1743 
2801 1376 1314 1504 1983 
2802 1453 1673 1321 1801 
2803 230 1423 1476 1511 
2804 355 364 1412 1677 
2805 1576 1586 1512 1906 
2806 1359 1664 1480 1935 
2807 1593 1606 1492 2045 
2808 1323 1513 1377 2032 
2809 1441 1600 1307 1981 
2810 657 1427 573 1652 
2811 741 1498 1742 1908 
2812 1461 1542 653 1712 
2813 1490 1880 1409 1910 
2814 1403 1430 1357 1675 
2815 741 1742 1691 1908 
2816 1376 1504 1314 1944 
2817 1303 1486 1399 1518 
2818 612 1840 668 1854 
2819 653 1673 1461 1712 
2820 741 1691 1678 1908 
2821 602 1880 1490 1910 
2822 1413 525 1716 1810 
2823 330 1524 1448 1672 
2824 1357 1572 1430 1774 
2825 1393 1489 351 1791 
2826 509 1507 1716 1810 
2827 1419 1720 1556 1829 
2828 1566 1727 1502 2014 
2829 956 1443 435 1996 
2830 956 543 1443 1996 
2831 1370 1567 1331 1769 
2832 230 1476 1423 1575 
2833 379 1414 416 1643 
2834 1308 1366 1579 1706 
2835 1480 1664 1399 1935 
2836 1312 1484 1350 1564 
2837 1344 1659 1434 1694 
2838 1326 1668 1438 1782 
2839 416 1414 1621 1643 
2840 353 1616 364 1677 
2841 1385 1477 239 1565 
2842 1302 1421 1775 1915 
2843 1462 1648 1401 1692 
2844 1340 1385 1465 1562 
2845 1407 831 1593 1606 
2846 1413 1716 1507 1810 
2847 1303 1518 1626 1957 
2848 1586 1735 1512 1906 
2849 1335 1487 1409 1665 
2850 1334 1422 1405 1642 
2851 1331 1644 1370 1769 
2852 1415 1586 1360 1609 
2853 1385 1496 239 1692 
2854 741 1420 1678 1691 
2855 1438 1180 1728 1979 
2856 1370 1540 1508 2064 
2857 1341 1441 1406 1573 
2858 1113 1122 1095 1104 
2859 1119 1114 1095 1103 
2860 379 1588 1643 1905 
2861 1300 1436 1394 1754 
2862 1855 1904 1352 2034 
2863 1332 1411 1456 1527 
2864 353 1563 1393 1677 
2865 1120 1112 1097 1102 
2866 1348 1436 1781 1827 
2867 1508 1540 1332 2064 
2868 1552 1689 493 1722 
2869 1302 1457 1421 1915 
2870 351 1393 353 1563 
2871 1359 1893 1832 1945 
2872 1387 1519 1508 1980 
2873 923 1593 1420 1790 
2874 413 1414 379 1588 
2875 1396 1566 903 1615 
2876 1449 1453 1321 1801 
2877 956 435 543 1996 
2878 1326 1484 1668 1782 
2879 1832 1893 1404 1945 
2880 1302 1696 1457 1873 
2881 1300 1495 1394 1654 
2882 1377 1323 1558 1607 
2883 1308 1562 1639 1965 
2884 1320 1585 1463 1822 
2885 1318 1389 1577 1860 
2886 735 1497 1642 1755 
2887 686 1449 1453 1599 
2888 1342 1386 1733 1807 
2889 509 1716 525 1810 
2890 1434 1659 1395 1694 
2891 1361 1711 1585 2016 
2892 555 403 401 1432 
2893 735 1642 1536 1755 
2894 1399 1626 1518 1925 
2895 555 403 1432 1653 
2896 493 1689 1552 1726 
2897 1556 1720 1472 1829 
2898 1601 1713 1463 1873 
2899 1309 1405 1705 1906 
2900 1332 1456 1413 1527 
2901 1712 1713 1345 1982 
2902 1318 1577 1389 1746 
2903 1331 1467 1444 1791 
2904 1384 1434 1694 1737 
2905 405 1621 1573 1643 
2906 1479 1543 1301 1614 
2907 1403 1316 1506 1675 
2908 408 519 1726 2027 
2909 356 1426 357 1587 
2910 1334 1405 1555 1705 
2911 1324 1519 1508 1753 
2912 1382 660 1673 1840 
2913 1382 1713 1712 1982 
2914 1331 1444 1489 1791 
2915 1399 1518 1486 1925 
2916 1409 1338 1665 1943 
2917 1441 1307 1600 1614 
2918 1316 1403 1506 1882 
2919 1386 598 1598 1954 
2920 1306 1445 1601 1709 
2921 1382 1793 660 1840 
2922 1492 1593 831 1606 
2923 1115 1117 1112 1096 
2924 1116 1112 1117 1097 
2925 1321 1449 1410 1453 
2926 1334 1515 1705 1906 
2927 1396 1557 510 1695 
2928 1325 1538 1559 1750 
2929 1337 1663 1500 1893 
2930 1479 1600 1307 1614 
2931 768 878 1435 1802 
2932 829 830 1407 1606 
2933 673 1442 558 1998 
2934 1331 1411 1521 1769 
2935 831 1407 830 1606 
2936 1508 1980 1551 2064 
2937 3 69 64 584 
2938 403 378 401 1432 
2939 1442 1796 558 1998 
2940 1388 1535 1487 1766 
2941 418 1909 1406 1987 
2942 1329 1393 1579 1814 
2943 1589 1598 598 1954 
2944 1382 1712 1887 1982 
2945 468 1738 1519 1753 
2946 1370 1644 1540 1769 
2947 1421 1457 1302 1696 
2948 1335 1617 1546 1889 
2949 1334 1536 1497 1684 
2950 1437 1473 22 2012 
2951 1324 1551 1508 1980 
2952 1351 1538 1557 1750 
2953 1335 1546 1427 1889 
2954 1099 1113 1095 1104 
2955 1103 1114 1095 1098 
2956 1598 1622 1386 1807 
2957 1555 1705 1405 1906 
2958 1344 1694 1434 1737 
2959 1585 1711 1445 2016 
2960 1495 1603 1324 1751 
2961 1361 1445 1585 1711 
2962 373 1625 1384 1833 
2963 408 1467 519 2027 
2964 366 1643 1616 1905 
2965 1497 1536 1334 1642 
2966 1325 1559 1397 1750 
2967 1121 1115 1112 1096 
2968 1120 1112 1116 1097 
2969 1306 1622 1445 1709 
2970 1438 1728 1668 1979 
2971 1318 1389 1860 1988 
2972 1591 1463 1713 1873 
2973 1365 1670 1534 1928 
2974 549 1396 510 1695 
2975 683 558 1442 1796 
2976 612 668 610 1854 
2977 1301 1500 1632 1663 
2978 1427 1624 573 1780 
2979 242 1547 1499 1583 
2980 602 1624 1490 1880 
2981 776 1580 727 1943 
2982 1418 1878 1721 2028 
2983 614 1453 1449 1801 
2984 1351 1447 1559 1750 
2985 389 1489 1444 1791 
2986 1476 1511 1423 1748 
2987 1715 1891 1303 1903 
2988 1517 1904 1855 2034 
2989 379 1643 366 1905 
2990 1473 1506 1383 1964 
2991 1166 1378 1595 1969 
2992 1300 1394 1495 1754 
2993 1370 1872 2026 2043 
2994 830 1407 831 1593 
2995 679 684 458 1553 
2996 65 66 325 580 
2997 1509 1527 9 1672 
2998 1444 1489 389 1858 
2999 387 353 1393 1616 
3000 1536 1642 1497 1755 
3001 1342 1598 1386 1807 
3002 1301 1479 1417 1543 
3003 1306 1478 1397 1629 
3004 683 558 673 1442 
3005 653 589 1673 1712 
3006 1329 1579 1393 1881 
3007 1480 1399 1756 1935 
3008 1321 1673 1461 1801 
3009 1385 1639 1562 1965 
3010 1323 1442 1680 1810 
3011 612 610 1609 1854 
3012 693 993 1031 1589 
3013 1304 1488 1429 1919 
3014 1348 1527 1509 1672 
3015 1307 1347 1560 1842 
3016 1408 1335 1546 1797 
3017 1477 1603 1495 1751 
3018 657 1652 1416 1655 
3019 78 1798 1504 1878 
3020 1334 1518 1699 1906 
3021 1389 1318 1746 1988 
3022 510 1557 1396 1615 
3023 1407 1606 1593 2045 
3024 1384 1708 373 1833 
3025 1113 1117 1115 1099 
3026 1114 1116 1117 1098 
3027 1329 1563 1393 1814 
3028 22 1473 1437 1590 
3029 983 1522 1425 2025 
3030 693 1589 567 2002 
3031 413 416 379 1414 
3032 974 1545 1424 1834 
3033 1387 1739 1534 1754 
3034 1502 1583 1400 1734 
3035 437 408 1726 2027 
3036 1359 1480 1756 1935 
3037 1409 1530 1338 1943 
3038 1425 1585 1463 1859 
3039 9 1542 1509 1672 
3040 1409 1487 1335 1580 
3041 1100 1112 1117 1096 
3042 1100 1117 1112 1097 
3043 1483 1507 464 1607 
3044 1406 1441 1341 1991 
3045 1300 1743 1436 1827 
3046 1566 1583 1502 1727 
3047 1714 1756 1480 1806 
3048 1382 1673 660 1712 
3049 1501 1513 1342 1544 
3050 1118 1117 1113 1095 
3051 1118 1114 1117 1095 
3052 1331 1540 1644 1769 
3053 1376 1526 1314 1983 
3054 1384 1694 1434 1708 
3055 418 419 1909 1987 
3056 1338 1422 1555 1903 
3057 1491 1696 1525 1746 
3058 468 1508 1738 1753 
3059 567 693 1031 1589 
3060 378 1432 403 1653 
3061 356 357 354 1587 
3062 437 1467 408 2027 
3063 1437 22 1763 2012 
3064 1477 1495 1324 1751 
3065 937 1443 938 1813 
3066 1523 1527 1348 1672 
3067 416 1621 1414 1918 
3068 1427 1546 1335 1797 
3069 1307 1600 1479 1938 
3070 1470 1576 1512 1721 
3071 1598 1801 1461 1920 
3072 1302 1775 1457 1915 
3073 657 593 1427 1655 
3074 1396 1538 1016 2020 
3075 1335 1409 1624 1665 
3076 28 1728 1180 1979 
3077 1101 1100 1112 1097 
3078 1112 1100 1101 1096 
3079 1475 1584 420 1815 
3080 1308 1639 1562 1872 
3081 1663 1893 1359 1945 
3082 1235 1234 270 1570 
3083 1472 1720 1514 1829 
3084 907 1396 1615 1785 
3085 355 353 364 1677 
3086 1440 1457 1371 2035 
3087 1113 1122 1118 1095 
3088 1119 1114 1118 1095 
3089 1387 1558 1534 1739 
3090 1331 1521 1411 1618 
3091 1465 1562 1385 1639 
3092 1620 1765 1468 1867 
3093 1369 1476 1662 1728 
3094 1574 1317 1800 1896 
3095 907 1396 903 1615 
3096 1376 1314 1526 1944 
3097 1427 1780 1337 1797 
3098 1517 1855 1593 2034 
3099 614 1673 1453 1801 
3100 1360 1586 1415 1730 
3101 1301 1500 1602 1632 
3102 1668 1700 1529 1822 
3103 1506 1704 1383 1964 
3104 1425 1320 1585 1859 
3105 741 1678 1498 1908 
3106 1310 1421 1577 1719 
3107 1624 1665 1388 1797 
3108 1393 1881 1579 2011 
3109 1534 1754 1300 1980 
3110 598 1386 689 1954 
3111 1097 1112 1101 1102 
3112 365 1412 1616 1643 
3113 1307 1543 1479 1614 
3114 1552 1726 1689 2043 
3115 1312 1668 1700 1773 
3116 673 513 1442 1998 
3117 657 593 573 1427 
3118 1312 1734 1668 1773 
3119 1332 1411 1527 1826 
3120 454 684 1510 1553 
3121 1400 1734 1583 1773 
3122 776 727 1530 1943 
3123 768 1435 787 1802 
3124 1332 1456 1411 1769 
3125 1223 1703 1605 1842 
3126 400 1443 1588 1996 
3127 365 1616 366 1643 
3128 1306 1445 1711 2016 
3129 1385 1340 1465 1831 
3130 1320 1631 1463 1859 
3131 1326 1484 1350 1668 
3132 1384 1694 1452 1844 
3133 1463 1631 1320 1822 
3134 937 347 1443 1813 
3135 1413 1716 525 1916 
3136 490 1666 1537 1761 
3137 1384 373 1708 1947 
3138 454 458 684 1553 
3139 1397 1559 1447 1750 
3140 572 573 1624 1780 
3141 389 1791 1444 1869 
3142 1423 1575 1476 1748 
3143 1355 1576 1512 1906 
3144 1366 1308 1579 1881 
3145 1616 1643 1465 1905 
3146 1537 1650 490 1761 
3147 243 1547 1583 1734 
3148 9 75 1542 1672 
3149 1363 1657 1364 1658 
3150 1481 1517 1336 1634 
3151 1331 1567 1370 1644 
3152 1448 1647 1828 1982 
3153 752 1420 741 1691 
3154 1576 1586 1309 1730 
3155 1429 1737 1578 1953 
3156 430 1588 1552 1996 
3157 884 230 1134 1476 
3158 1454 1781 1436 1827 
3159 1551 1769 1459 1894 
3160 510 1615 1396 1785 
3161 1414 1588 413 1813 
3162 1364 1658 1438 1782 
3163 1316 1882 1548 1914 
3164 1448 1647 1509 1828 
3165 553 645 704 1490 
3166 1300 1534 1739 1754 
3167 230 1423 1531 1575 
3168 1495 1534 1300 1980 
3169 1557 1615 491 1761 
3170 1588 1465 1643 1905 
3171 1577 1664 1389 1746 
3172 1351 1424 1544 1765 
3173 974 984 1424 1545 
3174 1421 1302 1470 1696 
3175 660 1382 1712 1793 
3176 980 22 1473 2012 
3177 1326 1350 1438 1668 
3178 209 983 1425 2025 
3179 463 1501 1955 2003 
3180 1370 1769 1551 1894 
3181 1491 1525 1376 1746 
3182 400 1588 430 1996 
3183 1335 1665 1624 1797 
3184 1385 1496 1340 1831 
3185 553 1490 704 1910 
3186 1518 1901 1626 1957 
3187 1530 1778 727 1922 
3188 9 1527 1509 1680 
3189 1300 1654 1394 1743 
3190 567 1589 1510 2002 
3191 1301 1614 1543 1907 
3192 1328 1938 1600 1981 
3193 990 1548 1628 1763 
3194 1388 1337 1780 1797 
3195 741 1420 788 1678 
3196 861 1132 238 1496 
3197 1403 1675 1357 1748 
3198 351 350 1489 1563 
3199 1422 1891 1715 1903 
3200 1105 1121 210 1101 
3201 1356 1668 1529 1822 
3202 1490 1624 1409 1880 
3203 1397 1478 1306 1559 
3204 1308 1639 1366 1706 
3205 1333 1418 1721 2028 
3206 1354 1610 1417 1800 
3207 1393 1489 1331 1814 
3208 1351 1544 1424 1711 
3209 1508 1551 1324 2026 
3210 1429 1330 1737 1953 
3211 1320 1529 1700 1822 
3212 1408 1546 1335 1617 
3213 418 334 419 1987 
3214 1225 265 1208 1541 
3215 364 365 1412 1616 
3216 1321 1676 1410 1865 
3217 829 831 830 1606 
3218 468 1519 472 1753 
3219 1307 1417 1479 1543 
3220 1519 1738 1508 1753 
3221 1367 1499 1474 1928 
3222 1406 1533 1441 1724 
3223 463 1607 1501 2003 
3224 1324 1648 1692 1751 
3225 1417 1800 1610 1843 
3226 1414 1340 1496 1831 
3227 805 1485 434 2041 
3228 1415 1586 1576 1730 
3229 1396 1016 1698 2020 
3230 1330 1604 1450 1633 
3231 1502 1583 243 1727 
3232 727 1778 1530 1943 
3233 1337 1500 1883 1893 
3234 1342 1386 1589 1733 
3235 1316 1403 1882 1914 
3236 1314 1421 1664 1701 
3237 567 1031 1510 1589 
3238 730 728 1390 1742 
3239 673 558 513 1998 
3240 903 1566 1396 1698 
3241 777 704 645 1490 
3242 1227 270 1234 1181 
3243 1430 1506 1403 1882 
3244 1462 1562 1324 1692 
3245 418 1406 1934 1987 
3246 1370 1689 1872 2043 
3247 1415 1576 1418 1681 
3248 357 1630 1426 1932 
3249 1303 1756 1399 1935 
3250 1325 1397 1583 1750 
3251 1209 1703 1223 1842 
3252 1413 1456 1332 1716 
3253 1321 1453 1410 1676 
3254 1371 1457 1440 1838 
3255 1300 1454 1743 1827 
3256 1384 1584 373 1947 
3257 1316 1506 1548 1882 
3258 1318 1525 1696 1746 
3259 1333 1512 1470 1576 
3260 1403 1506 1430 1675 
3261 1497 1684 1536 1755 
3262 956 347 435 1443 
3263 978 1763 22 2012 
3264 513 558 447 1998 
3265 1556 1602 1500 1632 
3266 1495 1300 1754 1980 
3267 752 788 741 1420 
3268 210 1590 208 1641 
3269 208 1590 207 1641 
3270 405 380 1621 1643 
3271 1341 1573 1412 1841 
3272 1081 1396 1016 1785 
3273 572 573 1427 1624 
3274 1462 1692 1401 1839 
3275 471 1508 1540 1716 
3276 1137 1511 885 1971 
3277 1310 1577 1421 1664 
3278 1481 1634 1336 1715 
3279 956 937 347 1443 
3280 1421 1664 1577 1746 
3281 1488 1771 1429 1919 
3282 1377 1607 1558 2056 
3283 1562 1639 1465 1872 
3284 210 1112 209 1101 
3285 28 1668 1728 1979 
3286 1386 1598 598 1801 
3287 1712 1793 1382 1986 
3288 1487 1665 1388 1766 
3289 386 373 1708 1833 
3290 1063 1628 1597 1763 
3291 1385 1340 1496 1692 
3292 1457 1696 1591 1873 
3293 239 1496 1385 1565 
3294 10 9 1527 1672 
3295 1332 1469 1856 2064 
3296 1521 1769 1411 1958 
3297 1401 1648 1462 1839 
3298 1514 1720 1419 1829 
3299 1325 1397 1559 1924 
3300 1487 1535 1486 1766 
3301 1321 1463 1601 1713 
3302 437 1726 1467 2027 
3303 1088 1767 1061 1890 
3304 455 956 543 1443 
3305 1390 1580 1335 1891 
3306 471 1540 1508 1927 
3307 1445 1622 1601 1709 
3308 1338 1530 1409 1941 
3309 760 1430 1638 1879 
3310 1308 1459 1579 2011 
3311 1335 1580 1487 1891 
3312 1306 1976 1544 2032 
3313 1411 1618 1521 1958 
3314 360 1625 1452 1630 
3315 1331 1393 1567 1791 
3316 1437 1641 1554 1763 
3317 1345 1712 1542 1713 
3318 76 1448 330 1524 
3319 1397 1325 1583 1924 
3320 760 1794 1430 1879 
3321 1016 1538 1764 2020 
3322 1311 1495 1595 1897 
3323 571 1427 1655 1697 
3324 800 760 1430 1638 
3325 1333 1721 1470 2028 
3326 1546 1883 1500 1893 
3327 1302 1512 1470 1591 
3328 209 206 205 1594 
3329 1528 1674 414 1825 
3330 1327 1451 1426 1614 
3331 399 1587 1674 2040 
3332 1340 1385 1562 1692 
3333 1457 1915 1371 2035 
3334 67 318 583 1793 
3335 1342 1544 1513 1807 
3336 490 526 1666 1761 
3337 1363 1574 1657 1658 
3338 1329 1563 1814 1997 
3339 1017 1063 1597 1763 
3340 800 1430 760 1794 
3341 1304 1756 1714 1806 
3342 1468 1620 498 1637 
3343 1689 1726 1379 2043 
3344 347 435 1443 1996 
3345 1495 1603 1477 1740 
3346 620 1655 1528 2051 
3347 1317 1458 1346 1574 
3348 1116 1089 1098 1090 
3349 1593 1855 1517 1904 
3350 1488 1848 1584 1888 
3351 1528 414 1760 1825 
3352 728 730 1390 1805 
3353 762 808 1450 1633 
3354 1452 1625 360 1833 
3355 491 1557 510 1615 
3356 1351 1557 1447 1750 
3357 1341 1573 1406 1621 
3358 1484 1564 1312 1775 
3359 353 351 387 1393 
3360 662 1686 1539 1910 
3361 1399 1664 1480 1886 
3362 1354 1543 1428 1784 
3363 1472 1349 1556 1829 
3364 1326 1438 1350 1658 
3365 230 1531 1423 1779 
3366 1469 1739 1387 1754 
3367 490 1650 475 1761 
3368 1329 1393 1677 1881 
3369 1434 1694 1395 1708 
3370 762 1450 1604 1633 
3371 555 690 403 1653 
3372 1365 1534 1603 1928 
3373 1130 950 243 1727 
3374 923 1593 832 1795 
3375 1130 259 243 950 
3376 1339 1532 1383 1735 
3377 1456 1540 1521 1769 
3378 1010 1460 996 1823 
3379 923 830 1593 1790 
3380 1424 1468 1342 1544 
3381 1564 1702 1312 1775 
3382 399 1674 1587 1825 
3383 1370 1689 1567 1872 
3384 768 1435 878 1687 
3385 724 1530 727 1922 
3386 1509 1680 1527 1768 
3387 1163 1167 1547 1978 
3388 805 697 434 1485 
3389 507 1521 495 1540 
3390 1304 1832 1578 2000 
3391 1342 1622 1598 1807 
3392 1334 1555 1518 1906 
3393 1423 1511 230 1779 
3394 599 1801 1598 1920 
3395 731 1494 740 1596 
3396 1313 1439 1568 1760 
3397 740 1596 1494 1659 
3398 1340 1692 1462 1839 
3399 758 1669 1503 1723 
3400 1409 1490 1335 1624 
3401 1501 1544 1342 1955 
3402 78 1491 1798 1878 
3403 498 1637 1620 1942 
3404 1480 1756 1399 1957 
3405 1460 1764 996 1823 
3406 1320 1700 1478 2016 
3407 1316 1675 1403 1748 
3408 1622 1807 1342 2033 
3409 1384 1584 1488 1848 
3410 762 1633 1604 2065 
3411 980 1473 1548 2012 
3412 774 1498 775 1536 
3413 1334 1699 1515 1906 
3414 1377 1501 1513 1911 
3415 1322 1534 1670 1928 
3416 1542 1712 1461 1713 
3417 1664 1757 1480 1886 
3418 1304 1429 1488 1578 
3419 1098 1114 1116 1090 
3420 507 1521 1540 1835 
3421 1318 1860 1454 1988 
3422 543 455 1443 1996 
3423 1331 1489 1393 1791 
3424 1316 1473 1548 1964 
3425 1016 1538 1396 1695 
3426 1404 1832 1546 1893 
3427 961 1133 260 1661 
3428 1365 1595 1495 1897 
3429 242 243 1547 1583 
3430 909 1142 853 1492 
3431 1361 1478 1711 2016 
3432 750 1536 1678 1755 
3433 1384 1452 1694 1833 
3434 207 22 1437 1590 
3435 1348 1524 1523 1672 
3436 1512 1735 1471 1906 
3437 1316 1548 1506 1964 
3438 762 808 1633 2065 
3439 1304 1600 1488 1919 
3440 355 364 365 1412 
3441 1306 1544 1513 2032 
3442 408 519 333 1726 
3443 1321 1591 1463 1713 
3444 913 937 938 1813 
3445 357 1426 356 1932 
3446 1680 1911 1509 1937 
3447 1321 1585 1463 1865 
3448 1456 1769 1521 1958 
3449 884 1134 887 1476 
3450 357 1587 1426 1630 
3451 1112 210 1121 1101 
3452 1436 1551 1459 1792 
3453 405 1573 412 1643 
3454 990 1628 1063 1763 
3455 973 1900 1704 1913 
3456 1310 1577 1664 1757 
3457 1314 1721 1701 1935 
3458 1586 1676 1532 1973 
3459 384 1395 436 1772 
3460 384 1568 1395 1821 
3461 1089 1116 1098 1097 
3462 1099 1115 1113 1106 
3463 1390 1715 1422 1891 
3464 1158 1531 1464 1570 
3465 1355 1512 1471 1906 
3466 789 1420 813 1802 
3467 1529 1662 28 1728 
3468 1489 1618 1331 1814 
3469 1607 1810 462 1998 
3470 1468 1544 1424 1765 
3471 1529 1661 28 1662 
3472 1414 1496 1340 1688 
3473 1314 1701 1664 1935 
3474 1391 1618 1489 1814 
3475 813 1420 789 1790 
3476 495 1540 1521 2053 
3477 754 1772 806 1787 
3478 949 964 1744 1870 
3479 1602 1907 1428 1923 
3480 207 1101 210 206 
3481 1101 209 210 206 
3482 1418 1415 1681 1732 
3483 1450 1330 1633 1946 
3484 464 1507 516 1607 
3485 1477 1495 1365 1595 
3486 750 1678 787 1755 
3487 1323 1509 1680 1911 
3488 620 699 1655 2051 
3489 373 396 1625 1833 
3490 1528 1655 620 2006 
3491 1498 1536 774 1803 
3492 1330 1604 1633 2065 
3493 1016 1764 1698 2020 
3494 1367 1474 1537 1928 
3495 1401 1692 1648 1751 
3496 1387 1980 1508 2064 
3497 741 775 1498 1678 
3498 787 1678 1435 1755 
3499 956 1443 455 2042 
3500 1335 1487 1665 1797 
3501 1395 1718 754 1772 
3502 384 1395 1568 1708 
3503 775 1536 1498 1678 
3504 1412 1573 1341 1643 
3505 1552 1588 1443 1996 
3506 1448 1712 1345 1982 
3507 207 1641 1437 1763 
3508 1579 1602 1428 1923 
3509 461 463 1501 1955 
3510 1397 1750 1447 1852 
3511 1395 1772 384 1821 
3512 1389 1664 1577 1757 
3513 1472 1514 1349 1829 
3514 612 1609 1453 1840 
3515 372 420 1584 1815 
3516 1777 1808 1482 1868 
3517 507 1540 479 1835 
3518 1422 1903 1338 1943 
3519 1320 1529 1400 1700 
3520 60 71 3 63 
3521 57 3 69 64 
3522 1342 1598 1622 2033 
3523 1304 1578 1488 1592 
3524 1381 1838 1601 1873 
3525 1333 1586 1609 1973 
3526 1524 1830 1525 1887 
3527 1434 1633 1330 1947 
3528 662 1539 1880 1910 
3529 572 1624 1427 1697 
3530 207 1554 1641 1763 
3531 461 1501 463 1607 
3532 1332 1413 1507 1768 
3533 1384 1592 1844 1848 
3534 1308 1366 1639 1881 
3535 959 1813 1688 2054 
3536 1386 1598 1589 1954 
3537 1495 1505 1300 1534 
3538 1347 1307 1560 1981 
3539 1574 1896 1800 1930 
3540 1351 1544 1468 1765 
3541 1330 1455 1434 1737 
3542 1312 1350 1484 1668 
3543 887 884 886 1134 
3544 1307 1614 1441 1818 
3545 1721 1878 1470 2028 
3546 1321 1410 1449 1850 
3547 244 1668 1145 1734 
3548 754 1395 1772 1787 
3549 1431 1864 1690 1924 
3550 1320 1478 1585 2016 
3551 261 1605 1223 1703 
3552 724 727 1778 1922 
3553 1330 1633 1434 2065 
3554 1354 1784 1428 1860 
3555 1558 1607 1483 2056 
3556 1552 1379 1726 2043 
3557 1573 1621 405 1934 
3558 1541 1693 1613 1985 
3559 1438 1531 1364 1782 
3560 829 1606 1407 1752 
3561 598 1598 1589 2002 
3562 1339 1586 1532 1735 
3563 686 1449 614 1453 
3564 1321 1591 1453 1676 
3565 1321 1522 1449 1970 
3566 907 903 1396 1785 
3567 1388 1683 1504 1780 
3568 892 949 1744 1870 
3569 1323 1509 1911 1937 
3570 1397 1583 1750 1852 
3571 1650 1761 1537 1852 
3572 768 787 705 1802 
3573 1480 1664 1359 1757 
3574 1088 1532 1767 1890 
3575 1385 1565 1496 1950 
3576 1513 1544 1377 2032 
3577 1412 1616 1393 1677 
3578 1303 1399 1756 1957 
3579 1307 1560 1446 1842 
3580 1463 1585 1321 1601 
3581 1470 1512 1355 1721 
3582 1442 1680 683 1796 
3583 78 1504 79 1878 
3584 1442 1810 1607 1998 
3585 1459 1814 1579 2011 
3586 1414 1465 1340 1831 
3587 549 510 1396 1785 
3588 1309 1586 1576 1906 
3589 1522 1801 1449 1970 
3590 1658 1682 272 1978 
3591 749 1497 735 1755 
3592 333 519 443 1726 
3593 1345 1647 1448 1982 
3594 983 1425 1522 1850 
3595 268 1233 261 1703 
3596 829 1407 830 1752 
3597 1584 1848 1358 1888 
3598 555 1653 1432 1917 
3599 80 1388 331 1651 
3600 555 1432 401 1674 
3601 1323 1739 1469 1828 
3602 1335 1776 1390 1891 
3603 1514 1640 1315 1679 
3604 1438 1531 1782 2007 
3605 1661 1662 1529 1975 
3606 689 1386 598 1801 
3607 1349 1602 1556 1632 
3608 71 3 63 577 
3609 887 1476 1134 2022 
3610 1410 1532 1676 1973 
3611 730 1742 1390 1805 
3612 1145 1734 1668 1979 
3613 1355 1512 1470 1701 
3614 1544 1976 1377 2032 
3615 950 1502 243 1727 
3616 1386 1801 1522 1970 
3617 1444 1467 1331 1835 
3618 1387 1558 1739 1856 
3619 418 1406 1909 1934 
3620 420 372 421 1815 
3621 1309 1705 1405 1777 
3622 728 1390 1742 1778 
3623 880 1774 1687 1971 
3624 1488 1578 1429 1737 
3625 537 1722 548 1996 
3626 1432 1582 639 1611 
3627 1335 1490 1409 2052 
3628 968 1695 1620 1885 
3629 1412 1465 1341 1639 
3630 243 1583 1502 1734 
3631 602 1490 1624 1697 
3632 361 1452 360 1833 
3633 1324 1692 1562 1736 
3634 1366 1639 1412 1841 
3635 1413 1680 1527 1811 
3636 1306 1612 1976 2032 
3637 1354 1543 1417 1610 
3638 1308 1567 1459 2011 
3639 1413 1527 1456 1811 
3640 1390 1778 728 1805 
3641 540 510 1557 1695 
3642 1173 33 1177 1217 
3643 913 395 937 1813 
3644 1418 2024 1681 2036 
3645 210 208 207 1641 
3646 1436 1743 1454 1827 
3647 468 470 1508 1753 
3648 231 1511 1137 1971 
3649 1415 1576 1309 1730 
3650 1480 1714 1656 1757 
3651 1382 1591 1457 1696 
3652 1370 1872 1894 2026 
3653 1468 1342 1544 1955 
3654 1348 1781 1454 1827 
3655 1479 1862 1614 1877 
3656 1414 1341 1643 1831 
3657 229 1134 1476 2022 
3658 495 1456 1540 2053 
3659 1330 1488 1429 1737 
3660 360 1452 361 1630 
3661 1017 990 1063 1763 
3662 1327 1426 1451 2005 
3663 1577 1784 1757 1800 
3664 1668 1734 244 1956 
3665 80 575 1652 1683 
3666 1418 1732 1681 2024 
3667 1376 1526 1389 1556 
3668 1434 1455 1330 2065 
3669 1308 1706 1579 1792 
3670 1369 1476 1728 1914 
3671 387 1393 351 1791 
3672 1439 1760 1313 1849 
3673 1418 1681 1576 2036 
3674 1336 1634 1517 1908 
3675 1307 1417 1843 1938 
3676 1342 1589 1386 1598 
3677 11 1388 1624 1665 
3678 1364 1608 1438 1658 
3679 1700 1822 1381 2016 
3680 1365 1603 1495 1740 
3681 1377 1607 1501 1911 
3682 1381 1585 1463 1601 
3683 1311 1495 1477 1595 
3684 1414 1341 1621 1643 
3685 1448 1887 1712 1982 
3686 1407 1593 830 1790 
3687 1730 1777 1482 1868 
3688 800 1638 1430 1836 
3689 1480 1757 1656 1886 
3690 1377 1513 1501 1544 
3691 1324 1736 1562 2039 
3692 1844 1848 1592 1862 
3693 1399 1701 1486 1935 
3694 75 1448 1542 1672 
3695 331 1388 11 1651 
3696 1397 1612 1306 1629 
3697 1696 1746 1491 1983 
3698 598 563 1589 1954 
3699 1355 1486 1399 1701 
3700 984 1424 1545 1765 
3701 1441 1533 1406 1934 
3702 974 1424 1649 1834 
3703 1399 1486 1303 1935 
3704 1325 1559 1538 1864 
3705 1601 1838 1457 1873 
3706 983 209 1425 1850 
3707 1338 1487 1486 1766 
3708 1351 1711 1424 1765 
3709 1304 1578 1592 2000 
3710 1331 1567 1467 1791 
3711 1403 1476 924 2022 
3712 1339 1383 1532 1857 
3713 704 1910 1490 2052 
3714 1393 1331 1567 1814 
3715 904 903 1566 1615 
3716 1422 1338 1530 1943 
3717 571 1427 593 1655 
3718 1500 1556 1349 1602 
3719 1556 1632 1500 1663 
3720 1330 1584 1488 1737 
3721 397 1568 1439 1760 
3722 1488 1584 1384 1737 
3723 1701 1721 1486 1935 
3724 1371 1564 1702 2023 
3725 1160 1531 1438 1728 
3726 1720 1898 584 2050 
3727 1382 1793 1840 1986 
3728 1451 1426 1587 2005 
3729 1548 1870 1628 1914 
3730 1376 1504 1491 1983 
3731 1102 209 1101 206 
3732 1101 210 1105 207 
3733 1381 1702 1629 1709 
3734 1428 1315 1579 1792 
3735 1457 1713 1382 1982 
3736 28 1145 1668 1979 
3737 1428 1579 1366 1706 
3738 1310 1550 1421 1719 
3739 1529 1369 1662 1728 
3740 1529 1356 1822 2049 
3741 67 66 583 318 
3742 1484 1668 1356 1822 
3743 1315 1459 1436 1826 
3744 1317 1458 1574 1800 
3745 782 774 1536 1803 
3746 1339 1410 1532 1676 
3747 1332 1769 1411 1826 
3748 1387 1739 1469 1856 
3749 1417 1610 1543 1843 
3750 572 1427 573 1697 
3751 1313 1452 1694 1844 
3752 1489 1563 350 1653 
3753 1039 1913 973 1964 
3754 1445 1306 1601 2016 
3755 1422 1405 1642 1922 
3756 1323 1768 1507 1810 
3757 891 1744 1572 1774 
3758 1532 1735 1586 1868 
3759 1600 1771 1488 1919 
3760 980 978 22 2012 
3761 436 1395 384 1708 
3762 1365 1595 1378 1969 
3763 1339 1532 1586 1676 
3764 1447 1761 1650 1852 
3765 1339 1735 1383 1857 
3766 210 206 209 1641 
3767 207 206 210 1641 
3768 1329 1393 1563 1677 
3769 1424 1711 1545 1765 
3770 775 774 741 1498 
3771 1374 1674 1528 1825 
3772 1406 1533 1724 1817 
3773 1302 1512 1569 1701 
3774 1345 1542 1461 1713 
3775 1158 1433 1570 1851 
3776 1459 1579 1315 1792 
3777 1369 1529 1662 1975 
3778 1501 1377 1955 2003 
3779 1585 1381 1822 2016 
3780 1301 1784 1632 1907 
3781 1376 1389 1526 1746 
3782 1321 1461 1673 1713 
3783 1324 1477 1692 1736 
3784 1362 1678 1685 1951 
3785 507 495 479 1540 
3786 1360 1609 1586 1973 
3787 510 456 1615 1785 
3788 1340 1465 1414 1588 
3789 209 1767 1425 1850 
3790 1445 1622 1306 1807 
3791 1163 1378 1167 1978 
3792 1461 1345 1622 1937 
3793 1403 924 1870 2022 
3794 1340 1401 1692 1839 
3795 1453 1591 1321 1713 
3796 733 1742 1455 2060 
3797 1681 1732 1539 2024 
3798 729 1778 1580 1805 
3799 797 1633 808 2065 
3800 1628 1914 1870 2022 
3801 768 705 878 1802 
3802 469 1508 1507 1738 
3803 1351 1545 1711 1765 
3804 1396 1695 549 1785 
3805 1331 1521 1540 1769 
3806 602 1624 572 1697 
3807 1445 1585 1321 2061 
3808 1378 1365 1547 1731 
3809 594 683 1680 1796 
3810 1529 1554 1320 1690 
3811 1439 1568 397 1821 
3812 1443 1552 1340 1588 
3813 1573 1643 1412 1863 
3814 699 619 1655 2051 
3815 483 1689 1462 1722 
3816 1315 1579 1459 1783 
3817 1137 885 920 1971 
3818 1376 1337 1526 1556 
3819 10 1527 1523 1672 
3820 1567 1689 1644 2027 
3821 1313 1568 1452 1760 
3822 1413 1332 1507 1716 
3823 1445 1733 1386 1807 
3824 523 491 1615 1761 
3825 1355 1701 1470 1721 
3826 1412 1639 1366 1881 
3827 1509 1647 1448 1937 
3828 689 1386 1801 1954 
3829 416 1621 380 1643 
3830 1016 1396 1081 1695 
3831 1482 1669 1503 1994 
3832 231 1531 230 1779 
3833 1872 1905 1588 2043 
3834 1412 1841 1573 1863 
3835 1005 1638 1036 1704 
3836 1341 1414 1621 1831 
3837 469 1507 1508 1716 
3838 1633 1946 1330 1947 
3839 1411 1618 632 1679 
3840 1108 1121 1105 1096 
3841 1097 1091 1120 1102 
3842 1104 1113 1122 1109 
3843 1114 1119 1092 1103 
3844 471 469 1508 1716 
3845 1454 1436 1781 1933 
3846 514 1519 1770 2038 
3847 1333 1418 1576 1721 
3848 1461 1598 1386 1801 
3849 1225 265 1541 1693 
3850 516 1607 1507 1810 
3851 1390 1422 1715 1778 
3852 1477 239 1627 1692 
3853 1529 1668 28 1956 
3854 1456 1527 1411 1948 
3855 1318 1860 1577 2035 
3856 1431 1690 1921 1924 
3857 1383 1590 1532 1857 
3858 1800 1896 1656 1930 
3859 1383 1506 1473 1899 
3860 1740 1928 1474 1969 
3861 1571 1840 1793 1986 
3862 1558 1607 1323 1856 
3863 526 523 1615 1761 
3864 924 1476 1403 1774 
3865 1369 1628 1548 1763 
3866 637 1917 1679 2001 
3867 1400 1668 1734 1773 
3868 1574 1800 1458 1930 
3869 1412 1366 1841 1881 
3870 833 831 1492 1593 
3871 1598 1622 1461 1970 
3872 1436 1459 1315 1792 
3873 1484 1326 1564 1775 
3874 907 1615 456 1785 
3875 1342 1513 1501 2033 
3876 1338 1409 1665 1941 
3877 1638 1704 1005 1723 
3878 1365 1505 1495 1534 
3879 1142 234 833 1492 
3880 553 602 1490 1910 
3881 1533 1441 1724 1848 
3882 1376 1746 1526 1983 
3883 1441 1573 1533 1934 
3884 1412 1639 1341 1841 
3885 1335 1408 1617 1776 
3886 923 830 832 1593 
3887 1465 1872 1588 2043 
3888 683 1442 649 1680 
3889 584 675 82 1720 
3890 1351 1538 1559 1864 
3891 1491 1504 1376 1798 
3892 1316 1471 1699 2007 
3893 1457 1591 1382 1713 
3894 1400 1700 1668 1773 
3895 1483 1607 1558 1856 
3896 506 1462 483 1689 
3897 1508 1324 1753 2026 
3898 418 1934 1621 1987 
3899 1313 1452 1568 1694 
3900 399 1674 415 2040 
3901 1416 1652 1427 1655 
3902 1414 1588 1465 1643 
3903 244 28 1668 1956 
3904 461 1501 1607 1998 
3905 1532 1383 1735 1868 
3906 1329 1587 1451 1923 
3907 1342 1424 1544 1807 
3908 400 430 439 1996 
3909 423 793 711 1968 
3910 1511 1357 1774 1971 
3911 892 1744 1403 1870 
3912 1319 1517 1481 1634 
3913 573 593 571 1427 
3914 1512 1576 1355 1721 
3915 776 769 727 1580 
3916 1323 1607 1507 1856 
3917 634 637 1679 2001 
3918 762 797 808 2065 
3919 1683 1720 1376 1798 
3920 1539 1732 1681 1989 
3921 1306 1513 1622 1709 
3922 758 1723 1503 1879 
3923 350 349 351 1489 
3924 540 549 510 1695 
3925 1225 265 1693 2062 
3926 1438 1575 1531 2007 
3927 1325 1431 1864 2013 
3928 1314 1526 1664 1983 
3929 1390 1335 1580 1776 
3930 1517 1951 1795 2029 
3931 1539 1681 1941 1989 
3932 788 1420 789 1802 
3933 1599 1609 615 1786 
3934 870 1140 235 1561 
3935 1395 1659 754 1718 
3936 514 1936 1519 2038 
3937 1457 1696 1421 1915 
3938 825 1443 956 2042 
3939 1428 1579 1315 1640 
3940 1587 1674 1374 1825 
3941 1488 1592 1848 1862 
3942 387 1616 1393 1791 
3943 1374 1674 1587 2040 
3944 1174 39 37 266 
3945 1386 1788 1522 1801 
3946 1315 1640 1579 1783 
3947 28 1668 1529 1728 
3948 1465 1639 1412 2011 
3949 1454 1860 1419 1988 
3950 1345 1448 1647 1937 
3951 1425 1585 1321 1865 
3952 1521 1540 1456 2053 
3953 1401 1340 1549 1839 
3954 613 1453 612 1609 
3955 1371 1440 1799 1838 
3956 1439 1655 619 2051 
3957 713 1034 969 1836 
3958 1340 1692 1401 1912 
3959 1379 1689 1567 2027 
3960 1336 1715 1634 1908 
3961 602 570 1490 1697 
3962 599 1461 1801 1920 
3963 1452 1625 1384 1844 
3964 460 462 1810 1998 
3965 270 1181 1227 1570 
3966 1166 1143 1378 1969 
3967 1425 1321 1585 2061 
3968 238 1129 862 1516 
3969 357 358 1630 1932 
3970 1346 1458 1317 1845 
3971 1422 1334 1555 1707 
3972 519 1467 408 1869 
3973 1457 1713 1601 1873 
3974 1340 1562 1465 1872 
3975 937 395 347 1813 
3976 1309 1735 1586 1906 
3977 1095 1122 1124 1104 
3978 1095 1125 1119 1103 
3979 1331 1489 1444 1984 
3980 1451 1587 1426 1923 
3981 705 895 878 1802 
3982 1357 1511 1684 1971 
3983 497 1955 1637 2003 
3984 405 412 380 1643 
3985 950 1502 1727 2014 
3986 1331 1540 1521 1835 
3987 1306 1397 1559 1612 
3988 1679 1917 1391 2001 
3989 443 1726 519 2027 
3990 1482 1503 1375 1994 
3991 653 1542 587 1712 
3992 378 1432 1653 2040 
3993 80 1388 1504 1780 
3994 1334 1422 1642 1803 
3995 1562 2026 1872 2043 
3996 1522 1788 1449 1801 
3997 1304 1714 1756 1832 
3998 548 537 502 1722 
3999 1348 1448 1672 1828 
4000 1629 1702 1372 1709 
4001 1316 1423 1575 1699 
4002 1384 1844 1625 1848 
4003 1235 270 1228 1570 
4004 1459 1567 1814 2011 
4005 1371 1505 1564 2023 
4006 969 1638 781 1836 
4007 1477 1740 1603 1751 
4008 1384 1488 1592 1848 
4009 1498 1715 1422 1778 
4010 731 740 766 1596 
4011 1381 1601 1463 1873 
4012 1386 1622 1598 1970 
4013 229 1662 1476 1728 
4014 1421 1719 1550 1775 
4015 1637 1955 1377 2003 
4016 234 1593 1855 2034 
4017 1509 1542 1448 1672 
4018 1081 1695 1396 1785 
4019 1704 1900 1383 1913 
4020 1346 1635 1392 1846 
4021 1408 1756 1535 1893 
4022 1431 2018 1823 2021 
4023 1461 1542 1345 1937 
4024 980 1548 978 2012 
4025 1413 1332 1527 1768 
4026 1306 1478 1629 2016 
4027 1333 1576 1470 1721 
4028 1307 1543 1614 1818 
4029 1539 1941 1681 2024 
4030 532 1510 1042 1867 
4031 1365 1495 1477 1740 
4032 1338 1555 1405 1681 
4033 1688 1813 1414 2054 
4034 1370 1872 1567 1894 
4035 449 526 1615 1992 
4036 205 209 1594 2025 
4037 1406 1621 1573 1934 
4038 608 606 1415 1732 
4039 903 1698 1396 1785 
4040 1911 1937 1680 1940 
4041 1391 1489 1563 1814 
4042 1484 1312 1702 1775 
4043 1735 1857 1471 1899 
4044 1443 1340 1552 1722 
4045 1163 1547 1350 1978 
4046 1540 1644 479 1835 
4047 1487 1665 1338 1943 
4048 1137 920 247 1971 
4049 1567 1644 1467 2027 
4050 1702 1709 1381 1838 
4051 974 984 1545 1834 
4052 1006 1482 1704 2047 
4053 1306 1629 1612 2032 
4054 1340 1562 1462 1692 
4055 334 418 1621 1987 
4056 1316 1506 1473 1964 
4057 613 1599 1453 1609 
4058 686 1453 613 1599 
4059 1344 1659 1694 1999 
4060 833 1492 234 1593 
4061 84 328 10 1672 
4062 766 1596 740 1659 
4063 577 1652 575 1683 
4064 1479 1614 1301 1877 
4065 601 1510 684 1553 
4066 714 1623 671 1646 
4067 483 1462 506 1753 
4068 1339 1532 1410 1767 
4069 1448 1828 1348 1830 
4070 973 1704 1052 1964 
4071 1580 1778 1390 1805 
4072 1588 1872 1465 1905 
4073 1348 1781 1436 2017 
4074 1458 1564 1346 1574 
4075 1340 1401 1549 1912 
4076 1335 1409 1580 2052 
4077 1121 1108 1115 1096 
4078 1120 1116 1091 1097 
4079 1099 1113 1104 1109 
4080 1103 1092 1114 1098 
4081 1584 1737 1330 1947 
4082 1579 1329 1814 1997 
4083 1499 1583 1547 1773 
4084 1475 875 1606 1931 
4085 1555 1707 1518 1903 
4086 1393 1677 1881 2011 
4087 502 1443 1722 2042 
4088 1374 1432 1674 2040 
4089 546 443 519 2027 
4090 78 329 79 1504 
4091 1410 1767 1061 1850 
4092 1356 1575 1438 2007 
4093 733 1691 1742 2060 
4094 1410 1061 1767 1890 
4095 1417 1343 1843 1938 
4096 1611 1640 1514 1679 
4097 1687 1774 1357 1971 
4098 411 1633 1787 1947 
4099 229 1575 1531 1728 
4100 729 727 1580 1778 
4101 1323 1647 1739 1828 
4102 1327 1614 1862 1877 
4103 461 1607 462 1998 
4104 678 1680 1413 1811 
4105 330 1448 75 1672 
4106 686 1449 1599 1993 
4107 1302 1421 1550 1775 
4108 1482 1777 1503 1808 
4109 1230 1236 1237 1378 
4110 1339 1532 1590 1857 
4111 1361 1649 1445 1711 
4112 483 493 1689 1722 
4113 449 1666 526 1992 
4114 541 498 1620 1942 
4115 1361 1424 1711 1834 
4116 1355 1569 1512 1701 
4117 1307 1493 1441 1981 
4118 80 1504 1683 1780 
4119 668 1793 1571 1840 
4120 1595 1740 1166 1969 
4121 535 1695 997 1785 
4122 1332 1856 1507 2064 
4123 675 1720 584 2050 
4124 418 1909 1817 1934 
4125 1461 1712 1673 1713 
4126 1302 1470 1512 1701 
4127 1719 1775 1421 1915 
4128 711 1633 341 1968 
4129 1306 1709 1629 2032 
4130 1137 247 231 1971 
4131 1537 1761 1367 1852 
4132 1579 1640 1329 1997 
4133 1465 1588 1340 2043 
4134 1145 244 28 1668 
4135 1415 1681 1747 1777 
4136 1376 1746 1525 1988 
4137 1316 1471 1515 1699 
4138 1393 1616 1412 2011 
4139 602 572 570 1697 
4140 1600 1614 1479 1862 
4141 1629 1773 1700 1924 
4142 782 774 775 1536 
4143 1428 1784 1543 1907 
4144 230 246 884 1134 
4145 436 1772 1395 1787 
4146 1377 1976 1612 2032 
4147 1341 1465 1412 1643 
4148 1629 1700 1478 1924 
4149 1405 1530 1338 1941 
4150 1496 1627 239 1692 
4151 1465 1616 1412 1643 
4152 1372 1962 1629 2032 
4153 1600 1724 1441 1848 
4154 1342 1468 1424 1671 
4155 1386 1807 1622 1970 
4156 679 601 684 1553 
4157 1425 1594 209 2025 
4158 791 1407 1790 2060 
4159 727 1580 1778 1943 
4160 1231 1236 1233 1703 
4161 1316 1699 1575 2007 
4162 1312 1350 1668 1734 
4163 471 1540 478 1716 
4164 1073 1638 1005 1723 
4165 1342 1733 1424 1807 
4166 1362 1678 1435 1685 
4167 1236 1233 1392 1846 
4168 1496 1565 238 1950 
4169 1515 1735 1471 1899 
4170 1435 1678 787 1802 
4171 974 975 984 1834 
4172 1502 1734 1400 1956 
4173 1629 1709 1372 2032 
4174 1333 1512 1576 1586 
4175 799 1503 758 1669 
4176 1519 1770 1928 2048 
4177 1400 1529 1320 1690 
4178 1435 1678 1536 1755 
4179 907 505 456 1615 
4180 473 1753 1648 1839 
4181 1379 1567 1467 2027 
4182 1307 1347 1466 1493 
4183 904 907 903 1615 
4184 1395 1708 436 1787 
4185 577 1472 1652 1683 
4186 1441 1493 1341 1991 
4187 1526 1683 1376 1944 
4188 1313 1568 1439 1847 
4189 1323 1507 1607 1810 
4190 926 1128 1474 1727 
4191 891 892 1744 1774 
4192 786 1435 768 1687 
4193 523 491 510 1615 
4194 1309 1705 1777 1808 
4195 1315 1679 1640 1783 
4196 1393 1563 1489 1814 
4197 1403 1870 1548 1914 
4198 870 235 1492 1931 
4199 1395 1694 1659 1999 
4200 1509 1527 1348 1768 
4201 571 1655 685 1697 
4202 1421 1470 1302 1701 
4203 1356 1438 1782 2007 
4204 599 598 1598 1801 
4205 1462 1753 473 1839 
4206 1578 1737 1455 1953 
4207 1402 1937 1911 1940 
4208 1329 1602 1579 1923 
4209 81 1720 1683 1798 
4210 1455 1596 733 1961 
4211 242 1474 1128 1727 
4212 735 749 736 1497 
4213 1513 1306 1622 1807 
4214 1433 1570 1464 1866 
4215 209 1594 1425 1641 
4216 656 407 1528 1674 
4217 1329 1451 1587 1729 
4218 1455 1737 1330 1953 
4219 1658 1978 272 1979 
4220 1421 1577 1719 1915 
4221 1402 1920 1622 1937 
4222 1337 1376 1526 1683 
4223 1408 1832 1756 1893 
4224 892 1403 1744 1774 
4225 1518 1555 1334 1707 
4226 521 1620 968 1695 
4227 1441 1406 1573 1934 
4228 547 498 1468 1620 
4229 1330 1475 1450 1606 
4230 1358 1475 1667 1815 
4231 882 1435 878 1802 
4232 1566 1698 903 2014 
4233 1326 1719 1564 1775 
4234 729 728 1778 1805 
4235 635 1679 1523 1948 
4236 1386 1598 1461 1970 
4237 1409 1665 1487 1943 
4238 788 752 789 1420 
4239 1459 1792 1551 1894 
4240 1531 1570 1364 1866 
4241 1377 1544 1501 1955 
4242 331 1388 80 1780 
4243 207 208 22 1590 
4244 832 1593 233 1795 
4245 977 974 1424 1649 
4246 1303 1535 1486 1903 
4247 1508 1519 1387 1738 
4248 1549 1722 1443 2042 
4249 813 1420 923 1802 
4250 1325 1764 1431 2013 
4251 1373 1474 1740 1928 
4252 1443 1722 1552 1996 
4253 653 1542 1461 1920 
4254 685 1697 1655 1853 
4255 1316 1471 1857 1899 
4256 1527 1680 1413 1768 
4257 1454 1830 1318 1988 
4258 689 1801 1788 1954 
4259 874 1475 1606 1967 
4260 635 1411 632 1679 
4261 1331 1644 1540 1835 
4262 78 1571 1491 1878 
4263 1778 1922 1530 1943 
4264 231 230 1511 1779 
4265 754 1659 1395 1787 
4266 1375 1503 1482 1777 
4267 1421 1550 1310 1664 
4268 1376 1389 1746 1988 
4269 408 333 437 1726 
4270 1305 1464 1423 1531 
4271 1436 1394 1551 1792 
4272 1523 1679 677 1898 
4273 823 1460 1048 1725 
4274 1320 1529 1822 2049 
4275 1455 1737 1344 1961 
4276 1579 1814 1640 1997 
4277 1424 1361 1649 1834 
4278 260 1133 244 1661 
4279 1681 1398 1747 1777 
4280 1396 1698 1040 1785 
4281 608 1732 1415 1854 
4282 1393 1412 1677 2011 
4283 791 1752 1407 2060 
4284 745 1718 1659 1960 
4285 1429 1855 1593 1904 
4286 474 497 1637 2003 
4287 733 1596 1455 1742 
4288 1513 1807 1622 2033 
4289 1402 1622 1598 2033 
4290 1456 1811 1527 1948 
4291 11 1388 331 1780 
4292 1481 1517 1319 1904 
4293 670 657 1416 1655 
4294 80 1504 1388 1651 
4295 1434 1787 798 2065 
4296 1450 1475 1330 1946 
4297 1627 1861 1401 1912 
4298 796 754 1718 1772 
4299 740 745 1659 1960 
4300 1312 1702 1564 2023 
4301 1509 1768 1348 1828 
4302 207 1590 1437 1641 
4303 1236 1392 1233 1703 
4304 1323 1469 1739 1856 
4305 460 1810 1442 1998 
4306 1453 1591 1713 1840 
4307 495 1540 1456 1716 
4308 468 472 470 1753 
4309 1330 1488 1584 1888 
4310 1353 1430 1675 1879 
4311 1548 1882 1506 1964 
4312 1305 1423 1464 1804 
4313 1634 1715 1498 1908 
4314 1689 1726 493 2027 
4315 865 1987 1516 1991 
4316 881 1774 880 1971 
4317 1321 1585 1445 1601 
4318 1367 1761 1666 1992 
4319 1498 1707 1422 1715 
4320 776 769 1580 1939 
4321 1412 1643 365 1863 
4322 1312 1700 1484 1702 
4323 355 1412 365 1863 
4324 537 1552 1722 1996 
4325 594 683 649 1680 
4326 984 1044 974 1424 
4327 1435 1536 1362 1684 
4328 791 1407 1752 1790 
4329 1338 1665 1487 1766 
4330 341 1633 438 1968 
4331 808 1633 711 1968 
4332 1314 1664 1421 1983 
4333 1390 1742 1596 1805 
4334 1519 1770 1373 1928 
4335 387 364 353 1616 
4336 230 1476 884 1511 
4337 1307 1417 1543 1843 
4338 259 1130 851 950 
4339 1620 1885 1695 1942 
4340 426 384 1772 1821 
4341 535 549 1695 1785 
4342 1310 1577 1757 1800 
4343 233 1795 1517 1951 
4344 805 717 697 1485 
4345 697 346 434 1485 
4346 1365 1534 1495 1603 
4347 1078 980 1473 1964 
4348 651 562 448 1521 
4349 1088 1061 982 1890 
4350 1304 1481 1756 1806 
4351 1464 1570 1433 1851 
4352 1316 1548 1473 2012 
4353 1457 1345 1601 1713 
4354 1331 1467 1567 1644 
4355 1408 1535 1797 1893 
4356 416 1414 413 1813 
4357 1616 1872 1465 2011 
4358 358 357 356 1932 
4359 1389 1376 1556 1988 
4360 1355 1486 1701 1721 
4361 206 1594 209 1641 
4362 969 1034 1077 1836 
4363 975 1545 984 1834 
4364 1386 1445 1807 1970 
4365 650 635 1523 1948 
4366 635 677 1523 1679 
4367 671 1646 1623 2015 
4368 1554 1823 2018 2021 
4369 1531 1423 1699 2007 
4370 1374 1451 1587 2005 
4371 1316 1660 1471 2007 
4372 1312 1668 1484 1700 
4373 1678 1802 1685 1951 
4374 1428 1784 1632 1860 
4375 656 335 407 1674 
4376 833 234 1141 1593 
4377 1316 1515 1471 1899 
4378 1401 1861 1627 2059 
4379 1010 1725 1460 1823 
4380 1394 1495 1754 2039 
4381 1305 1531 1699 2007 
4382 1318 1454 1860 2035 
4383 1419 1860 1389 1988 
4384 1455 1604 1330 2065 
4385 508 1666 449 1992 
4386 647 1680 678 1811 
4387 1457 1591 1713 1873 
4388 1462 1648 1753 1839 
4389 1453 1321 1673 1713 
4390 1307 1466 1347 1610 
4391 1364 1531 1438 1608 
4392 573 1427 571 1697 
4393 401 1432 415 1674 
4394 639 1582 640 1611 
4395 1031 1064 1510 1589 
4396 1316 1423 1699 1875 
4397 1497 1675 1430 1879 
4398 1405 1338 1681 1941 
4399 233 1517 1795 2029 
4400 1325 1864 1538 2013 
4401 1620 1695 521 1942 
4402 1575 1728 1476 1914 
4403 1140 251 870 235 
4404 1088 982 1532 1890 
4405 1428 1543 1354 1706 
4406 1346 1564 1458 1897 
4407 400 1588 1443 1813 
4408 1084 1403 1870 1882 
4409 1378 1547 1365 1969 
4410 1597 1628 1369 1763 
4411 956 825 937 1443 
4412 615 1609 611 1786 
4413 1434 1330 1737 1947 
4414 1412 1616 1465 2011 
4415 730 1596 1742 1805 
4416 346 697 672 1485 
4417 1327 1625 1844 1848 
4418 1331 1618 1489 1984 
4419 1355 1518 1486 1555 
4420 1372 1709 1702 1838 
4421 1379 1567 1689 1872 
4422 1369 1660 1728 2049 
4423 1511 1779 1684 1971 
4424 1478 1306 1711 2016 
4425 1364 1363 1866 2063 
4426 1337 1388 1683 1944 
4427 1554 1690 1529 1975 
4428 481 1936 514 2038 
4429 1305 1364 1531 1782 
4430 1422 1707 1555 1903 
4431 1354 1784 1577 1800 
4432 1428 1602 1579 1640 
4433 79 1504 1651 1878 
4434 1353 1506 1430 2031 
4435 1376 1525 1491 1798 
4436 1005 1704 1006 1723 
4437 1526 1746 1664 1983 
4438 1388 11 1651 1665 
4439 1690 1864 1478 1924 
4440 1519 1928 1603 2048 
4441 941 1861 1627 1912 
4442 740 1659 1494 1960 
4443 1031 993 1064 1589 
4444 1371 1702 1564 1775 
4445 1108 1107 1115 1096 
4446 1098 1092 1114 1090 
4447 1408 1335 1797 1891 
4448 833 1141 832 1593 
4449 1500 1546 1404 1883 
4450 1324 1603 1495 1980 
4451 752 789 1420 1790 
4452 532 1067 1042 1510 
4453 969 781 713 1836 
4454 668 660 1793 1840 
4455 1309 1705 1515 1906 
4456 694 1028 1599 1819 
4457 884 1511 1476 1774 
4458 830 1752 1407 1790 
4459 1409 1487 1580 1943 
4460 1422 1390 1891 1943 
4461 615 1599 1786 1819 
4462 1419 1830 1454 1988 
4463 1304 1592 1488 1862 
4464 207 1554 206 1641 
4465 1301 1602 1500 1877 
4466 423 711 341 1968 
4467 1455 1336 1691 1742 
4468 502 1722 1549 2042 
4469 594 1796 1680 1940 
4470 980 1548 1473 1964 
4471 1330 1953 1429 2045 
4472 870 1561 235 1931 
4473 1361 1711 1545 1834 
4474 1314 1486 1721 1935 
4475 1429 1488 1330 1888 
4476 1321 1463 1591 1676 
4477 620 1655 699 2006 
4478 233 832 1141 1593 
4479 1457 1601 1345 1838 
4480 1459 1769 1436 1826 
4481 1515 1705 1675 1875 
4482 970 1532 1636 1900 
4483 1599 1819 1028 1993 
4484 1006 1704 1482 1723 
4485 960 938 1443 1688 
4486 600 598 1589 2002 
4487 237 863 1129 1516 
4488 351 353 352 1563 
4489 555 687 1432 1674 
4490 861 860 1132 1496 
4491 669 1673 660 1840 
4492 1426 1327 1614 2030 
4493 453 997 535 1695 
4494 1335 1889 1427 1990 
4495 1125 1119 1118 1095 
4496 1124 1118 1122 1095 
4497 1634 1707 1498 1715 
4498 1573 1621 1341 1643 
4499 230 1531 229 1575 
4500 1348 1828 1768 2017 
4501 1048 1074 1460 1698 
4502 489 490 475 1761 
4503 239 1565 1477 1595 
4504 1507 1768 1323 1856 
4505 960 1443 938 2042 
4506 874 1475 875 1606 
4507 1486 1518 1355 1925 
4508 1415 1732 606 1747 
4509 979 1594 1554 2018 
4510 1548 1882 1403 1914 
4511 800 781 1638 1836 
4512 1492 1606 875 1931 
4513 1374 1528 1760 1825 
4514 1584 1815 1358 1848 
4515 1362 1536 1435 1678 
4516 651 448 503 1521 
4517 1406 1341 1621 1991 
4518 368 1760 414 1825 
4519 1554 2018 1594 2021 
4520 1404 1663 1500 1945 
4521 1384 1815 1584 1848 
4522 608 1415 606 1747 
4523 950 1727 1566 2014 
4524 1116 1089 1091 1097 
4525 1113 1099 1106 1109 
4526 1539 1665 1409 1941 
4527 1413 1680 678 1837 
4528 673 1442 513 1837 
4529 960 1688 1443 2042 
4530 1323 1680 1442 1911 
4531 415 401 378 1432 
4532 1337 1797 1388 1893 
4533 612 1453 669 1840 
4534 514 1770 515 2038 
4535 923 1420 813 1790 
4536 1307 1479 1417 1938 
4537 598 563 600 1589 
4538 910 1597 1661 1725 
4539 481 1519 514 1936 
4540 1336 1517 1481 1904 
4541 1048 1460 823 1698 
4542 1639 1818 1466 1950 
4543 1572 1687 880 1774 
4544 378 1653 1563 2040 
4545 1321 1410 1850 1865 
4546 239 238 1496 1565 
4547 1357 1684 1435 1971 
4548 471 478 469 1716 
4549 1403 1748 1357 1774 
4550 1158 1570 1464 1851 
4551 1338 1681 2024 2036 
4552 941 1627 1861 2059 
4553 704 1490 777 2052 
4554 743 1455 744 2060 
4555 1525 1830 1524 1988 
4556 1365 1499 1670 1928 
4557 1629 1962 1612 2032 
4558 1036 1704 1638 2031 
4559 1522 1733 999 1788 
4560 509 516 1507 1810 
4561 1384 1625 1452 1833 
4562 1321 1449 1801 1970 
4563 1388 1780 1624 1797 
4564 1346 1317 2004 2009 
4565 378 415 1432 2040 
4566 572 574 573 1780 
4567 731 1494 1596 1805 
4568 1349 1514 1472 2050 
4569 1484 1775 1381 1873 
4570 1307 1842 1446 1843 
4571 1305 1531 1423 1699 
4572 1167 1163 1547 1734 
4573 209 20 983 2025 
4574 1360 1609 1599 1786 
4575 1539 1409 1880 1910 
4576 22 1473 1590 1913 
4577 1400 1690 1320 1700 
4578 1440 1828 1448 1830 
4579 454 1510 499 1553 
4580 237 863 1516 1991 
4581 916 813 923 1802 
4582 1309 1405 1681 1777 
4583 1388 11 1624 1780 
4584 1381 1463 1585 1822 
4585 1300 1505 1495 1654 
4586 1314 1421 1701 1983 
4587 1348 1436 1827 2017 
4588 662 652 1686 1910 
4589 1399 1486 1355 1925 
4590 1360 1586 1532 1973 
4591 1416 1652 657 1741 
4592 1016 1040 1396 1698 
4593 1085 1649 1522 2025 
4594 1353 1430 1506 1675 
4595 596 599 1598 1920 
4596 1351 1545 1538 1864 
4597 1425 1463 1585 1865 
4598 1342 1671 1424 1733 
4599 1320 1554 1529 2049 
4600 805 424 794 2041 
4601 1447 1351 1637 1942 
4602 550 1510 532 1867 
4603 1387 1754 1534 1980 
4604 76 1887 1525 1986 
4605 349 1489 1653 1858 
4606 1327 1614 1600 1862 
4607 1337 1683 1388 1780 
4608 1470 1512 1333 1591 
4609 1358 1584 1475 1815 
4610 1059 1819 1636 1890 
4611 1455 744 2060 2065 
4612 1301 1417 1479 1945 
4613 1562 1894 1872 2026 
4614 1309 1808 1777 1868 
4615 416 1414 1813 1918 
4616 352 1563 353 1677 
4617 733 1691 737 1742 
4618 1384 1737 1584 1947 
4619 265 1208 1541 1693 
4620 693 993 1589 1954 
4621 1529 1668 1400 1700 
4622 1518 1355 1699 1906 
4623 728 1742 1498 1778 
4624 1356 1438 1575 1728 
4625 1448 1542 1345 1712 
4626 389 429 1791 1869 
4627 774 1498 728 1742 
4628 1142 833 853 1492 
4629 1554 1641 1437 2057 
4630 1891 1903 1422 1943 
4631 1523 1524 1348 1781 
4632 807 1669 758 1723 
4633 553 602 645 1490 
4634 1313 1760 1452 1849 
4635 1362 1498 1634 1707 
4636 1088 1532 23 1767 
4637 805 717 1485 2041 
4638 434 1485 346 2041 
4639 619 1655 1439 1853 
4640 1316 1748 1403 1914 
4641 1377 1483 1607 2056 
4642 1503 1777 1705 1808 
4643 589 653 587 1712 
4644 1302 1775 1484 1873 
4645 1817 1909 1406 1934 
4646 1484 1700 1668 1822 
4647 66 583 318 580 
4648 1160 1438 1180 1728 
4649 718 671 603 1646 
4650 1404 1844 1313 2000 
4651 786 787 768 1435 
4652 1441 1724 1600 1981 
4653 1465 1340 1872 2043 
4654 1362 1634 1498 1908 
4655 1375 1482 1730 1777 
4656 1346 1845 1392 1897 
4657 1339 1767 1410 1865 
4658 1434 1344 1737 1961 
4659 1316 1575 1660 2007 
4660 799 1503 1669 1994 
4661 1302 1484 1822 1873 
4662 882 878 1435 1971 
4663 28 1180 1145 1979 
4664 1453 1591 1333 1676 
4665 1411 1948 632 1958 
4666 562 448 1521 2053 
4667 866 1820 1987 1991 
4668 675 1472 82 1720 
4669 766 733 1596 1961 
4670 780 411 1633 1787 
4671 542 1067 532 1510 
4672 1344 1578 1455 1895 
4673 1384 1592 1694 1844 
4674 1333 1415 1576 1854 
4675 1310 1656 1757 1886 
4676 1534 1558 1387 2048 
4677 437 1467 1726 1876 
4678 1443 1688 938 1813 
4679 853 870 909 1492 
4680 687 1582 1432 1674 
4681 1788 1801 1386 1954 
4682 777 1490 645 1745 
4683 638 1514 636 1611 
4684 744 1455 743 2065 
4685 1491 1571 78 1986 
4686 1337 1683 1526 1944 
4687 235 1561 1492 1931 
4688 1415 1681 1732 1989 
4689 1320 1425 1585 2021 
4690 907 948 505 1615 
4691 454 499 458 1553 
4692 1405 1681 1777 1812 
4693 1621 1918 334 1987 
4694 858 1132 860 1496 
4695 1579 1602 1329 1640 
4696 1301 1602 1877 1907 
4697 881 1511 1774 1971 
4698 1370 1459 1769 1894 
4699 661 656 1528 1674 
4700 1486 1535 1487 1903 
4701 736 735 1497 1642 
4702 1325 1538 1764 2013 
4703 636 1611 1514 1679 
4704 572 1624 574 1780 
4705 1482 1636 1375 1730 
4706 573 1652 1427 1780 
4707 1321 1801 1461 1970 
4708 851 950 1130 1727 
4709 1348 1768 1527 2017 
4710 1371 1702 1457 1838 
4711 1471 1512 1355 1569 
4712 1307 1441 1493 1818 
4713 1321 1522 1445 2061 
4714 1611 1679 637 1917 
4715 375 397 1568 1821 
4716 1328 1724 235 1981 
4717 1632 1784 1428 1907 
4718 480 1644 1540 1927 
4719 1675 1705 1497 1875 
4720 1756 1832 1359 1893 
4721 817 336 1475 1967 
4722 1545 1711 1424 1834 
4723 1300 1743 1454 1759 
4724 1424 977 1649 1733 
4725 1455 1691 1336 1953 
4726 1417 1656 1714 1757 
4727 480 1540 479 1927 
4728 1678 1420 1802 1951 
4729 1333 1576 1418 1854 
4730 486 1501 459 1749 
4731 1370 1567 1459 1894 
4732 1209 261 1223 1703 
4733 1520 1560 1347 1842 
4734 1343 1417 1714 1938 
4735 1445 1649 1424 1711 
4736 1324 1603 1519 1751 
4737 349 1653 337 1858 
4738 467 516 464 1507 
4739 28 1661 1529 1956 
4740 1514 677 1679 1898 
4741 608 1415 1609 1854 
4742 1424 1671 1044 1733 
4743 1351 1447 1637 1976 
4744 862 1129 238 254 
4745 1525 1746 1318 1988 
4746 1445 1522 1386 1733 
4747 533 435 425 1996 
4748 1501 1607 1377 2003 
4749 412 1643 1573 1863 
4750 1616 1791 387 1876 
4751 1379 1905 1872 2043 
4752 1316 1699 1515 1875 
4753 632 1411 635 1948 
4754 623 614 1449 1801 
4755 1531 1575 1438 1728 
4756 453 535 549 1695 
4757 665 1673 614 1801 
4758 747 1879 1503 1972 
4759 1444 1791 1467 1869 
4760 1006 1482 1669 1723 
4761 966 532 1042 1867 
4762 968 1620 1072 1885 
4763 1397 1773 1629 1924 
4764 1303 1535 1756 1935 
4765 1381 1484 1700 1702 
4766 1391 1640 1611 1679 
4767 1033 997 453 1695 
4768 737 1691 733 2060 
4769 1431 1823 1690 2021 
4770 1563 1653 1432 2040 
4771 1389 1556 1419 1988 
4772 1084 1744 1403 1882 
4773 1706 1792 1308 1965 
4774 1433 1693 1319 2034 
4775 780 798 1787 2065 
4776 1344 1455 1578 1737 
4777 1486 1518 1303 1903 
4778 1209 1520 1216 1703 
4779 866 1987 865 1991 
4780 242 1583 1499 1727 
4781 481 514 515 2038 
4782 615 1599 611 1609 
4783 1519 1373 1603 1928 
4784 1040 1016 1396 1785 
4785 884 1476 924 1774 
4786 1301 1543 1784 1907 
4787 1510 1589 1064 1671 
4788 1481 1408 1715 1895 
4789 990 978 1548 1763 
4790 1334 1642 1405 1705 
4791 1085 999 1522 1649 
4792 1304 1488 1600 1862 
4793 1373 1770 1519 2038 
4794 1445 1649 1522 1733 
4795 1353 1675 1515 1705 
4796 650 635 677 1523 
4797 1531 1575 1423 2007 
4798 1025 1636 1059 1819 
4799 1473 1506 1316 1899 
4800 1078 980 22 1473 
4801 714 671 718 1646 
4802 693 1589 563 1954 
4803 1371 1799 1702 1838 
4804 1324 1477 1736 2039 
4805 743 1455 733 1961 
4806 1025 1059 1027 1819 
4807 1537 1373 1770 1928 
4808 1491 78 1798 1986 
4809 1419 1632 1389 1860 
4810 1356 1668 1484 1782 
4811 1361 1585 1478 2016 
4812 62 61 578 580 
4813 1327 1932 1533 2030 
4814 1366 1881 1579 1923 
4815 639 1432 687 1582 
4816 547 541 498 1620 
4817 1341 1818 1639 1950 
4818 1410 1453 1449 1993 
4819 1468 1765 1671 1867 
4820 423 341 438 1968 
4821 808 711 793 1968 
4822 1461 1622 1598 1920 
4823 1671 1765 1004 1867 
4824 1322 1603 1534 1928 
4825 1441 1600 1848 2030 
4826 361 1630 1452 1825 
4827 1374 1587 1451 1729 
4828 1358 1533 1724 1848 
4829 1447 1559 1397 1612 
4830 597 1796 1598 2002 
4831 1390 1715 1498 1778 
4832 1346 1392 1595 1897 
4833 960 1549 1688 2042 
4834 1309 1576 1415 1681 
4835 1318 1696 1525 1887 
4836 1633 1434 1787 1947 
4837 1347 1493 1307 1981 
4838 1334 1707 1422 1803 
4839 595 1598 1796 1920 
4840 1501 459 1749 1998 
4841 1303 1487 1535 1903 
4842 473 482 1462 1839 
4843 1310 1458 1800 1930 
4844 1313 1404 1546 1883 
4845 1771 1855 1429 1919 
4846 1579 1706 1428 1792 
4847 1599 1360 1786 1819 
4848 1381 1709 1601 1838 
4849 1408 1546 1617 2000 
4850 1528 1655 1439 2051 
4851 1420 1790 1593 2029 
4852 1081 997 1033 1695 
4853 1321 1850 1522 1865 
4854 1321 1463 1676 1865 
4855 1081 997 1695 1785 
4856 1313 1694 1592 1844 
4857 1408 1797 1535 1891 
4858 1323 1739 1558 1856 
4859 510 456 505 1615 
4860 1353 1430 1638 2031 
4861 1430 1794 800 1836 
4862 1548 1763 978 2012 
4863 966 450 532 1867 
4864 1567 1872 1616 2011 
4865 827 1698 903 1785 
4866 1357 1511 1423 1684 
4867 1486 1535 1303 1935 
4868 1323 1647 1558 1739 
4869 1506 1353 1704 2031 
4870 1345 1622 1601 1713 
4871 325 62 579 580 
4872 469 1507 467 1738 
4873 554 1449 686 1993 
4874 1306 1559 1478 1711 
4875 1440 1828 1647 1982 
4876 1601 1713 1622 1970 
4877 1766 1935 1314 1944 
4878 1446 1541 1656 1896 
4879 1306 1709 1601 2016 
4880 1398 1646 1747 1777 
4881 523 449 526 1615 
4882 1415 1747 1730 1777 
4883 466 464 1483 1738 
4884 1398 1777 1681 1812 
4885 479 1540 480 1644 
4886 758 1503 747 1879 
4887 1426 1630 1587 2005 
4888 800 1794 770 1836 
4889 662 1880 654 1910 
4890 84 1523 1524 1672 
4891 1313 1844 1592 2000 
4892 1044 1424 984 1765 
4893 1656 1800 1317 1896 
4894 1315 1781 1436 1933 
4895 486 1501 1749 1955 
4896 538 493 1726 2027 
4897 669 1453 1673 1840 
4898 805 794 717 2041 
4899 434 346 424 2041 
4900 384 1708 1568 1833 
4901 1329 1997 1729 2040 
4902 1354 1458 1654 1845 
4903 670 1655 1416 2006 
4904 495 478 1540 1716 
4905 1329 1729 1587 2040 
4906 1321 1425 1522 2061 
4907 379 381 1588 1905 
4908 1537 1666 1367 1761 
4909 1564 1574 1458 1719 
4910 1363 1658 1364 1816 
4911 1381 1709 1629 2016 
4912 787 1435 786 1755 
4913 1327 1625 1533 1630 
4914 1408 1578 1832 2000 
4915 675 1472 1720 2050 
4916 1339 1463 1512 1871 
4917 1450 1633 808 1968 
4918 438 1633 1450 1968 
4919 1208 30 1225 1541 
4920 397 369 1568 1760 
4921 475 1761 1650 1902 
4922 1383 1704 1506 1899 
4923 654 1880 602 1910 
4924 1323 1810 1607 1911 
4925 1043 1510 1064 1671 
4926 244 1734 1502 1956 
4927 1557 1396 1615 1750 
4928 1514 1611 638 2050 
4929 1453 1713 1673 1840 
4930 1361 1585 1445 2061 
4931 1468 1749 1342 1955 
4932 688 1416 657 1741 
4933 788 1678 1420 1802 
4934 1332 1436 1769 1826 
4935 1305 1699 1423 1804 
4936 1424 1733 1445 1807 
4937 1313 1710 1404 1883 
4938 1384 1625 1815 1848 
4939 1339 1471 1512 1735 
4940 1427 1624 1335 1990 
4941 1447 1557 1351 1942 
4942 1436 1551 1394 1754 
4943 1546 1832 1408 1893 
4944 1002 1431 981 1764 
4945 1550 1664 1421 1701 
4946 349 1489 350 1653 
4947 679 447 558 1553 
4948 349 1489 389 1791 
4949 1308 1639 1706 1965 
4950 1335 1408 1776 1891 
4951 636 637 1611 1679 
4952 1638 1704 1353 2031 
4953 1228 1235 1570 1789 
4954 1321 1522 1425 1865 
4955 996 1002 981 1764 
4956 349 351 1489 1791 
4957 1363 1574 1658 1930 
4958 1335 1617 1889 1990 
4959 1524 1448 1830 1887 
4960 1358 1724 1533 1817 
4961 1441 1724 1981 1991 
4962 1455 1742 1691 2060 
4963 1562 1462 2026 2043 
4964 1474 1666 906 1992 
4965 1438 1350 1658 1979 
4966 865 1516 863 1991 
4967 1478 1361 1711 1864 
4968 1332 1540 1456 1769 
4969 999 1522 1649 1733 
4970 1488 1592 1578 1737 
4971 979 1554 1823 2018 
4972 1447 1637 1902 1942 
4973 1388 1337 1893 1944 
4974 1393 1616 1567 1876 
4975 1327 1630 1932 2030 
4976 1396 1557 1538 1750 
4977 608 609 1732 1854 
4978 1318 1525 1830 1887 
4979 1624 1780 1427 1797 
4980 1356 1631 1471 1871 
4981 1505 1534 1365 1670 
4982 920 1137 247 885 
4983 369 1760 361 1833 
4984 1146 1531 1158 1570 
4985 1300 1654 1743 1759 
4986 1455 1961 743 2065 
4987 1128 258 242 1727 
4988 698 1067 542 1510 
4989 229 1531 1160 1728 
4990 524 525 1716 1916 
4991 1366 1543 1614 1907 
4992 1339 1631 1471 1857 
4993 386 1708 373 1947 
4994 272 1978 1238 1979 
4995 1525 1696 1491 1887 
4996 1302 1822 1484 1871 
4997 1443 1549 1340 1722 
4998 745 754 1659 1718 
4999 1388 1487 1535 1797 
5000 669 660 668 1840 
5001 233 1795 1593 2029 
5002 1355 1471 1569 1699 
5003 21 1594 979 2018 
5004 1454 1743 1436 1933 
5005 446 822 914 1549 
5006 1327 1625 1452 1844 
5007 623 1449 1788 1801 
5008 1482 1503 1353 1808 
5009 732 774 728 1742 
5010 1371 1505 1458 1564 
5011 1354 1428 1743 1860 
5012 640 1611 1582 1741 
5013 908 1572 765 1687 
5014 1329 1426 1587 1923 
5015 1388 1665 1487 1797 
5016 1418 1576 1415 1854 
5017 1329 1587 1426 1677 
5018 1337 1556 1376 1683 
5019 1427 1652 1337 1780 
5020 634 1679 1618 2001 
5021 1355 1471 1699 1906 
5022 1040 1081 1016 1785 
5023 766 743 733 1961 
5024 750 735 1536 1755 
5025 1434 1737 1455 1961 
5026 875 1492 831 1606 
5027 1364 1570 1531 1608 
5028 1422 1530 1405 1922 
5029 1474 1537 1373 2038 
5030 1320 1859 1425 2057 
5031 81 82 1720 1798 
5032 1039 973 1052 1964 
5033 335 656 655 1674 
5034 649 683 673 1442 
5035 926 1128 854 1474 
5036 825 956 455 2042 
5037 1375 1747 1646 1777 
5038 1504 1376 1683 1944 
5039 1400 1583 1502 1924 
5040 1315 1640 1514 1829 
5041 1350 1547 1163 1734 
5042 1618 1783 1331 1814 
5043 863 237 866 1991 
5044 1670 1731 1505 2023 
5045 815 419 334 1987 
5046 1335 1624 1427 1797 
5047 1397 1629 1478 1924 
5048 1536 1642 735 1803 
5049 728 729 730 1805 
5050 1327 1844 1452 2005 
5051 486 461 459 1501 
5052 1402 1513 1622 2033 
5053 1323 1442 1810 1911 
5054 977 974 1044 1424 
5055 1358 1475 1584 1888 
5056 379 365 366 1643 
5057 1327 1630 1533 1932 
5058 1659 1960 1718 1999 
5059 1452 361 1760 1833 
5060 1331 1411 1769 1783 
5061 1346 2004 1392 2009 
5062 741 737 1691 1742 
5063 1367 1615 1761 1992 
5064 1389 1419 1556 1632 
5065 1441 1848 1533 2030 
5066 1225 2062 1693 2063 
5067 1428 1706 1354 1743 
5068 1655 1853 1697 1889 
5069 1455 1336 1742 1895 
5070 1392 1703 1605 2004 
5071 1074 996 1460 1764 
5072 805 434 424 2041 
5073 1061 1410 1850 1993 
5074 1328 235 1724 1771 
5075 509 1507 469 1716 
5076 1452 1625 1327 2005 
5077 1393 1567 1791 1876 
5078 373 1625 363 1815 
5079 80 1504 329 1683 
5080 1491 1746 1376 1983 
5081 1695 1885 1557 1942 
5082 1414 1340 1588 1688 
5083 1320 1425 2021 2057 
5084 1681 1398 1941 1989 
5085 369 1568 1760 1833 
5086 479 1644 485 1835 
5087 242 1499 1547 1969 
5088 970 1532 1059 1636 
5089 1307 1446 1560 1938 
5090 1436 1743 1792 1933 
5091 522 490 1537 1650 
5092 1300 1827 1440 2035 
5093 1408 1797 1546 1893 
5094 558 1796 1553 1998 
5095 1324 1562 1462 2026 
5096 892 924 1403 1774 
5097 1430 1572 1357 1794 
5098 370 384 1568 1833 
5099 1383 1532 1590 1913 
5100 1522 1850 1425 1865 
5101 230 229 1476 1575 
5102 1551 1792 1394 1894 
5103 597 682 1796 2002 
5104 1411 1331 1618 1783 
5105 474 1637 1902 2003 
5106 941 1861 940 2059 
5107 1083 1698 1016 1764 
5108 770 1794 1572 1836 
5109 1345 1461 1622 1713 
5110 1333 1840 1609 1854 
5111 1350 1564 1326 1682 
5112 1391 1783 1618 1814 
5113 1310 1664 1550 1886 
5114 1430 1836 1638 2031 
5115 728 1498 774 1778 
5116 1498 1536 1362 1678 
5117 1554 1975 1529 2049 
5118 1339 1471 1631 1871 
5119 736 1497 749 1794 
5120 1158 1433 1147 1570 
5121 1681 1906 1576 2036 
5122 1489 1618 1391 2001 
5123 81 326 82 1798 
5124 1416 1849 1655 1883 
5125 1084 1870 1075 1882 
5126 1332 1507 1716 2064 
5127 817 1475 336 1667 
5128 1339 1437 1631 1857 
5129 447 679 458 1553 
5130 1553 1796 682 2002 
5131 638 1611 1741 2050 
5132 1308 1881 1639 2011 
5133 207 1049 1554 1763 
5134 651 1521 503 2044 
5135 1141 233 249 832 
5136 899 1502 950 2014 
5137 1399 1664 1550 1701 
5138 783 1687 1572 1794 
5139 1518 1707 1303 1903 
5140 1477 1595 1365 1740 
5141 875 1475 873 1931 
5142 663 652 771 1686 
5143 1429 1771 1488 1888 
5144 400 1443 347 1813 
5145 608 1609 1415 1786 
5146 411 1787 428 1947 
5147 1568 1694 1452 1833 
5148 1235 1608 1570 1789 
5149 1351 1557 1538 1885 
5150 1346 1846 1392 2004 
5151 1327 1848 1844 1862 
5152 1302 1822 1871 1873 
5153 1389 1757 1577 1784 
5154 1362 1536 1707 1804 
5155 1087 702 1638 1723 
5156 1484 1381 1822 1873 
5157 673 649 1442 1837 
5158 1580 1776 1335 1805 
5159 1513 1622 1709 1937 
5160 1655 1849 1313 1883 
5161 1084 1744 964 1870 
5162 960 1688 1549 1912 
5163 1690 1823 1554 2021 
5164 724 776 727 1530 
5165 882 879 878 1971 
5166 555 641 1653 1917 
5167 80 1683 1652 1780 
5168 1321 1449 1522 1850 
5169 334 1621 417 1918 
5170 473 482 483 1462 
5171 880 1572 908 1687 
5172 1392 1233 1703 2004 
5173 335 655 401 1674 
5174 1422 1922 1778 1943 
5175 747 1503 758 1972 
5176 497 463 1955 2003 
5177 1532 1590 23 1767 
5178 555 401 655 1674 
5179 1312 1547 1670 1731 
5180 1366 1614 1543 1818 
5181 563 598 689 1954 
5182 1477 1565 1311 1595 
5183 749 1497 1755 1794 
5184 1507 1607 1483 1856 
5185 989 1010 996 1823 
5186 1303 1707 1634 1715 
5187 1362 1685 1435 1779 
5188 914 501 446 1549 
5189 773 663 771 1686 
5190 614 686 623 1449 
5191 1430 1353 1638 1879 
5192 1350 1312 1547 1734 
5193 1484 1702 1381 1775 
5194 1315 1523 1514 1679 
5195 1555 1906 1681 2036 
5196 1481 1715 1408 1891 
5197 638 642 636 1514 
5198 1373 1537 1770 2038 
5199 1323 1680 1509 1768 
5200 634 632 1618 1679 
5201 426 384 436 1772 
5202 754 796 806 1772 
5203 645 560 708 1745 
5204 1441 1406 1724 1991 
5205 1074 996 1010 1460 
5206 1490 1910 1409 2052 
5207 1626 1901 1518 1925 
5208 569 1745 1697 1853 
5209 1445 1306 1711 1807 
5210 1361 1424 1649 1711 
5211 1442 1911 1680 1940 
5212 1340 1588 1552 2043 
5213 1593 1795 1420 2029 
5214 1345 1713 1457 1982 
5215 1497 1794 736 1879 
5216 1604 2060 744 2065 
5217 1481 1578 1408 1895 
5218 1375 1636 1619 1730 
5219 1388 1504 1683 1944 
5220 1342 1807 1513 2033 
5221 1441 1981 1493 1991 
5222 1313 1592 1694 2000 
5223 1579 1783 1640 1814 
5224 821 1918 1414 2054 
5225 1312 1731 1670 2023 
5226 768 878 816 1687 
5227 1439 1313 1655 1849 
5228 1557 1695 1538 1885 
5229 1480 1359 1714 1757 
5230 1439 1821 397 1959 
5231 854 1128 241 1474 
5232 1353 1675 1497 1879 
5233 577 81 1472 1683 
5234 334 418 417 1621 
5235 1512 1586 1333 1676 
5236 473 1648 482 1839 
5237 1505 1670 1365 1731 
5238 1350 1326 1658 1682 
5239 1339 1410 1676 1865 
5240 1464 1570 1531 1866 
5241 676 632 1948 1958 
5242 980 990 978 1548 
5243 509 525 516 1810 
5244 1084 1403 1744 1870 
5245 536 1644 1467 1835 
5246 1442 1402 1911 1940 
5247 22 1590 208 1913 
5248 1333 1591 1453 1840 
5249 1588 1905 1552 2043 
5250 1642 1705 1497 1972 
5251 1438 1658 1326 1782 
5252 1458 1654 1505 1759 
5253 791 1752 706 1790 
5254 1362 1435 1684 1779 
5255 1356 1438 1668 1782 
5256 1396 1750 1538 2020 
5257 1307 1543 1466 1610 
5258 1456 1411 1769 1958 
5259 536 1467 1644 2027 
5260 379 366 381 1905 
5261 1349 1611 1582 1729 
5262 1344 1578 1408 2000 
5263 736 1794 751 1879 
5264 759 1623 1646 1994 
5265 1429 1888 1330 2045 
5266 420 1584 1475 1946 
5267 1436 1792 1315 1933 
5268 435 533 543 1996 
5269 543 533 455 1996 
5270 981 1002 1079 1431 
5271 638 1611 640 1741 
5272 1498 1678 1362 1908 
5273 1474 1373 1537 1928 
5274 1072 968 1086 1620 
5275 1311 1565 1477 1736 
5276 1509 1542 9 1940 
5277 1019 1057 1004 1867 
5278 940 1861 1581 2059 
5279 977 1424 1044 1733 
5280 1474 1666 1537 2038 
5281 486 461 1501 1955 
5282 1315 1523 1783 1826 
5283 1436 1754 2017 2064 
5284 1508 1716 1507 2064 
5285 416 1813 339 1918 
5286 1457 1440 1982 2035 
5287 1344 1455 1596 1895 
5288 31 1215 1223 1446 
5289 447 558 1553 1998 
5290 1330 1604 1455 2045 
5291 1388 1535 1766 1944 
5292 874 1606 934 1967 
5293 1338 1486 1487 1903 
5294 245 1139 888 1662 
5295 375 397 369 1568 
5296 1315 1783 1459 1826 
5297 334 417 398 1918 
5298 1705 1879 1497 1972 
5299 1307 1347 1842 1843 
5300 1355 1701 1399 1925 
5301 1476 1369 1662 2022 
5302 1622 1713 1461 1970 
5303 689 1788 622 1954 
5304 1519 1603 1373 1751 
5305 1368 1529 1690 1975 
5306 709 768 816 1687 
5307 1422 1642 1803 1922 
5308 642 1514 638 2050 
5309 1383 1900 1532 1913 
5310 924 892 1403 1870 
5311 686 614 613 1453 
5312 1317 1574 1346 2004 
5313 821 1813 1414 1918 
5314 777 645 708 1745 
5315 1413 1507 1768 1810 
5316 1394 1894 1792 1965 
5317 483 1722 1462 1839 
5318 1329 1677 1426 1881 
5319 1599 1890 1819 1993 
5320 229 1139 245 1662 
5321 1311 1477 1495 1736 
5322 1396 1698 1566 2020 
5323 1349 1611 1640 1829 
5324 1428 1640 1315 1829 
5325 1497 1430 1794 1879 
5326 1391 1563 1489 1653 
5327 783 765 1572 1687 
5328 1327 1848 1600 2030 
5329 1610 1800 1354 1845 
5330 1408 1578 1344 1776 
5331 1006 1482 1046 1669 
5332 1524 1720 1525 1988 
5333 1421 1302 1550 1701 
5334 589 660 1673 1712 
5335 1631 1660 1471 1857 
5336 1048 1460 1010 1725 
5337 1455 2060 1604 2065 
5338 1230 1236 1378 1846 
5339 508 951 1666 1992 
5340 1330 1946 1584 1947 
5341 891 1572 1744 1926 
5342 1655 1883 1313 1889 
5343 349 389 376 1791 
5344 1025 1619 1636 1819 
5345 540 1695 1557 1942 
5346 699 1655 619 1853 
5347 1513 1709 1647 1937 
5348 1535 1935 1766 1944 
5349 1390 1776 1580 1805 
5350 242 1474 1499 1969 
5351 934 1606 1450 1967 
5352 1502 1566 1325 1583 
5353 526 490 489 1761 
5354 31 1541 1208 1613 
5355 1328 1771 1600 1919 
5356 608 609 606 1732 
5357 1365 1740 1595 1969 
5358 1636 1730 1482 1868 
5359 336 1475 420 1667 
5360 1402 1796 1598 1920 
5361 362 1625 1533 1815 
5362 229 1476 1575 1728 
5363 1411 632 1618 1958 
5364 1492 1888 1606 1931 
5365 1486 1555 1518 1903 
5366 933 1127 243 1502 
5367 638 1741 674 2050 
5368 233 1593 1517 2029 
5369 1138 240 855 1645 
5370 1332 1716 1508 2064 
5371 1324 1495 1477 2039 
5372 1302 1871 1484 1977 
5373 391 1475 336 1967 
5374 240 1477 1627 2059 
5375 414 1674 399 1825 
5376 1448 1828 1440 1982 
5377 1443 1588 1340 1688 
5378 1424 1649 1445 1733 
5379 697 717 566 1485 
5380 389 1444 440 1869 
5381 1212 1150 1214 1213 
5382 345 440 1444 1949 
5383 780 703 332 1787 
5384 364 366 365 1616 
5385 1339 1512 1586 1735 
5386 555 641 690 1653 
5387 1338 1681 1941 2024 
5388 265 1208 30 1225 
5389 1600 1919 1304 1938 
5390 853 870 1492 1931 
5391 1465 1872 1616 1905 
5392 1332 1540 1508 1716 
5393 83 1525 1524 1720 
5394 1415 1333 1609 1854 
5395 1357 1435 1687 1971 
5396 1622 1807 1445 1970 
5397 1335 1874 1490 2052 
5398 1374 1582 1432 1729 
5399 780 753 798 2065 
5400 830 820 1752 1790 
5401 75 330 76 1448 
5402 1313 1439 1655 1889 
5403 1339 1512 1471 1871 
5404 1377 1902 1637 2003 
5405 1659 1494 1960 1999 
5406 1417 1343 1656 1843 
5407 1471 1631 1356 1660 
5408 1400 1773 1583 1924 
5409 1362 1684 1536 1804 
5410 360 1625 1630 1932 
5411 635 1411 1679 1948 
5412 577 1472 588 1652 
5413 1216 262 267 263 
5414 385 1528 414 1760 
5415 1514 1720 1472 2050 
5416 1435 1687 786 1755 
5417 1598 1622 1402 1920 
5418 1349 1632 1556 1829 
5419 1494 1335 1776 1805 
5420 807 799 758 1669 
5421 1301 1543 1417 1784 
5422 1335 1580 1874 2052 
5423 347 425 435 1996 
5424 1459 1783 1579 1814 
5425 1302 1569 1512 1871 
5426 242 1499 1474 1727 
5427 896 823 1048 1725 
5428 1590 1857 1383 1913 
5429 1399 1626 1480 1957 
5430 1458 1719 1574 1930 
5431 1484 1822 1356 1871 
5432 1514 1679 1523 1898 
5433 1418 1333 1571 2028 
5434 947 906 1474 1666 
5435 1304 1756 1481 1832 
5436 392 438 1450 1967 
5437 927 923 832 1795 
5438 466 467 464 1738 
5439 1606 1888 1475 1931 
5440 1315 1523 1679 1783 
5441 1347 1560 1520 1981 
5442 1472 1683 81 1720 
5443 465 1483 1650 1770 
5444 522 1650 1537 1770 
5445 1702 1775 1457 1873 
5446 1432 1611 639 1917 
5447 242 1130 243 1727 
5448 1042 1510 1043 1867 
5449 799 746 1503 1994 
5450 1337 1652 1427 1883 
5451 391 420 1475 1967 
5452 1475 1584 1330 1946 
5453 1514 1640 1611 1829 
5454 450 550 532 1867 
5455 1474 241 1740 1969 
5456 1391 1640 1679 1783 
5457 1552 1588 430 1905 
5458 988 1599 1028 1993 
5459 467 469 509 1507 
5460 1304 1429 1578 1904 
5461 1084 1075 1008 1882 
5462 416 413 339 1813 
5463 1353 1497 1675 1705 
5464 1215 31 1208 1613 
5465 1363 1658 1816 1930 
5466 800 713 781 1836 
5467 1446 1613 1560 1938 
5468 623 1449 622 1788 
5469 1361 1445 1649 2061 
5470 83 327 1525 1720 
5471 1427 1883 1655 1889 
5472 886 884 246 1134 
5473 747 734 1879 1972 
5474 1499 1474 1928 1969 
5475 1176 1350 1734 1979 
5476 1356 1728 1660 2049 
5477 408 1467 429 1869 
5478 1334 1515 1699 1875 
5479 1353 1503 1482 1723 
5480 1439 397 1760 2051 
5481 1693 1985 1541 2063 
5482 1304 1429 1904 1919 
5483 898 823 1460 1698 
5484 336 391 420 1475 
5485 1487 1797 1335 1891 
5486 488 513 460 1442 
5487 231 1464 1158 1531 
5488 207 1049 206 1554 
5489 1351 1557 1885 1942 
5490 1469 2017 1754 2064 
5491 1508 1551 1370 2064 
5492 1506 1882 1430 2031 
5493 472 1648 1519 1936 
5494 1305 1804 1464 1901 
5495 1007 1083 1016 1764 
5496 459 1501 461 1998 
5497 240 239 1477 1595 
5498 1430 1403 1744 1882 
5499 1374 1452 1760 1849 
5500 1458 1505 1371 1759 
5501 999 1788 1733 1954 
5502 1680 1937 1509 1940 
5503 1017 1063 1060 1597 
5504 671 624 1646 2015 
5505 622 1449 554 1788 
5506 1021 1061 1767 1850 
5507 1320 1690 1478 1700 
5508 378 350 1563 1653 
5509 361 359 1630 1825 
5510 1513 1544 1306 1807 
5511 771 1686 652 1910 
5512 865 945 1516 1918 
5513 1623 1809 1026 2015 
5514 861 1496 238 2054 
5515 530 1549 502 1722 
5516 676 632 635 1948 
5517 1512 1333 1591 1676 
5518 386 396 373 1833 
5519 334 398 917 1918 
5520 1350 1547 1312 1731 
5521 1557 1750 1615 1761 
5522 1370 1689 1462 1927 
5523 1328 1600 1724 1981 
5524 1381 1775 1702 1873 
5525 1354 1743 1706 1995 
5526 343 410 451 1552 
5527 645 1490 570 1745 
5528 1604 1953 1455 2045 
5529 1682 1978 1658 1979 
5530 1447 1902 1557 1942 
5531 1367 1537 1474 1666 
5532 1417 1543 1354 1784 
5533 79 1878 1651 2055 
5534 1143 1167 1378 1547 
5535 1375 1636 1482 1809 
5536 1028 1819 1029 1993 
5537 499 1553 1510 1749 
5538 1364 1363 1816 1866 
5539 1052 1704 1506 1964 
5540 1631 1822 1356 2049 
5541 525 1810 1413 1837 
5542 1339 1512 1463 1676 
5543 1327 1862 1844 1877 
5544 1423 1531 1464 1779 
5545 1764 1823 1460 1921 
5546 488 1442 460 1810 
5547 1315 1436 1781 1826 
5548 1420 1678 1908 1951 
5549 1362 1908 1678 1951 
5550 1357 1423 1511 1748 
5551 483 473 1462 1753 
5552 1318 1830 1525 1988 
5553 1533 1630 1625 1932 
5554 536 1467 519 1869 
5555 1543 1354 1706 1995 
5556 1330 1455 1953 2045 
5557 236 235 1724 1981 
5558 741 732 737 1742 
5559 1466 1706 1543 1818 
5560 1336 1904 1578 1953 
5561 1557 1761 476 1902 
5562 1463 1425 1859 1865 
5563 1416 1655 1427 1883 
5564 1481 1578 1336 1904 
5565 1561 1724 235 1771 
5566 1516 1918 945 2054 
5567 863 866 865 1991 
5568 1370 1644 1567 1689 
5569 1440 1371 1799 2035 
5570 1045 1482 1006 2047 
5571 1340 1549 1443 1688 
5572 1118 1123 1125 1095 
5573 1123 1118 1124 1095 
5574 1415 1747 608 1786 
5575 1389 1556 1526 1663 
5576 596 599 598 1598 
5577 1505 1654 1458 1897 
5578 1368 1690 1554 1975 
5579 1458 1564 1505 1897 
5580 1384 1434 1737 1947 
5581 1215 1446 31 1613 
5582 235 1758 1328 1981 
5583 37 1175 1177 1224 
5584 1313 1546 1404 2000 
5585 1582 1674 661 2006 
5586 438 392 1450 1946 
5587 1466 1565 1311 1736 
5588 1301 1877 1614 1907 
5589 1501 1342 1749 1955 
5590 1428 1602 1640 1829 
5591 1300 1440 1799 2035 
5592 758 801 1723 1879 
5593 1500 1602 1451 1877 
5594 488 513 1442 1837 
5595 1535 1756 1408 1891 
5596 1619 1026 1809 2015 
5597 1158 1147 1433 1851 
5598 1377 1637 1544 1955 
5599 84 10 1523 1672 
5600 1082 1449 1022 1788 
5601 1474 1645 1373 1740 
5602 1405 1705 1503 1777 
5603 1309 1681 1415 1730 
5604 1310 1800 1656 1930 
5605 360 362 1625 1932 
5606 1427 1697 1624 1990 
5607 1453 1599 1449 1993 
5608 1391 1679 1611 1917 
5609 1225 1693 1541 2063 
5610 1366 1543 1706 1818 
5611 246 230 884 1511 
5612 1426 1677 1412 1881 
5613 1429 1578 1904 1953 
5614 11 1665 1624 1880 
5615 1374 1710 1452 1849 
5616 1349 1514 1611 1829 
5617 1351 1620 1468 1637 
5618 536 1644 494 2027 
5619 1313 1847 1439 1889 
5620 1326 1484 1782 1977 
5621 1484 1326 1775 1977 
5622 657 1652 588 1741 
5623 1664 1701 1399 1935 
5624 1365 1495 1505 1897 
5625 355 1677 1412 1863 
5626 1582 1611 1432 1729 
5627 1400 1690 1921 1956 
5628 246 884 885 1511 
5629 240 1169 239 1595 
5630 243 950 933 1502 
5631 1339 1590 1437 1857 
5632 1059 1636 1532 1890 
5633 1334 1536 1707 1803 
5634 1044 1671 1424 1765 
5635 1362 1517 1634 1908 
5636 1509 1672 1448 1828 
5637 1408 1578 1776 1895 
5638 1433 1319 1693 2063 
5639 525 1837 1413 1916 
5640 1426 1614 1451 1923 
5641 1405 1503 1762 1777 
5642 816 908 709 1687 
5643 1309 1515 1705 1808 
5644 1607 1810 1442 1911 
5645 11 574 1624 1780 
5646 209 1641 1425 1767 
5647 1402 1442 1796 1940 
5648 1216 1170 262 1703 
5649 812 911 512 1581 
5650 698 542 454 1510 
5651 81 1504 329 1798 
5652 1639 1881 1412 2011 
5653 1474 1717 1666 2038 
5654 1629 1700 1312 1702 
5655 421 1667 1815 1817 
5656 693 600 563 1589 
5657 1334 1497 1705 1875 
5658 1351 1711 1545 1864 
5659 1535 1797 1487 1891 
5660 1412 1841 1426 1881 
5661 1340 1462 1562 2043 
5662 1474 1499 1367 1727 
5663 1479 1714 1417 1938 
5664 1344 1596 1455 1961 
5665 1061 1890 1410 1993 
5666 1654 1845 1458 1897 
5667 1012 1044 1671 1733 
5668 1339 1590 1532 1767 
5669 1549 1861 942 1912 
5670 1128 926 258 1727 
5671 1781 1826 1436 2017 
5672 1341 1493 1441 1818 
5673 891 1744 824 1926 
5674 1484 1871 1356 1977 
5675 1400 1921 1502 1956 
5676 472 1519 1648 1753 
5677 1514 1523 1315 1781 
5678 1659 1787 798 1961 
5679 1357 1497 1684 1875 
5680 1580 1939 1409 1943 
5681 80 1652 575 1780 
5682 1355 1699 1569 1925 
5683 1339 1631 1463 1871 
5684 709 908 765 1687 
5685 792 710 1037 1623 
5686 1522 1425 2025 2061 
5687 1467 1644 1331 1835 
5688 1343 1446 1541 1656 
5689 1518 1555 1355 1906 
5690 1085 971 999 1649 
5691 765 908 936 1572 
5692 1374 1674 1582 2006 
5693 1457 1982 1915 2035 
5694 678 1811 1413 1916 
5695 529 812 512 1581 
5696 1448 1348 1672 1830 
5697 429 408 437 1467 
5698 1215 1211 1213 1560 
5699 1494 1335 1805 1874 
5700 720 1812 1762 1974 
5701 1414 1643 1465 1831 
5702 1316 1914 1548 2012 
5703 799 746 758 1503 
5704 1410 1767 1532 1890 
5705 1319 1985 1693 2063 
5706 1312 1547 1734 1773 
5707 1336 1904 1953 2029 
5708 941 942 1861 1912 
5709 1512 1591 1463 1676 
5710 1636 1809 1055 2047 
5711 1431 1823 1764 1921 
5712 597 595 1598 1796 
5713 1032 1597 1725 2037 
5714 243 1502 244 1734 
5715 1499 1397 1583 1773 
5716 1541 1613 1343 1985 
5717 1309 1777 1730 1868 
5718 1439 1655 1528 1849 
5719 1457 1702 1371 1775 
5720 678 1413 1837 1916 
5721 1534 1670 1505 2023 
5722 1349 1602 1632 1829 
5723 1394 1894 1965 2039 
5724 1580 1939 769 2052 
5725 1339 1631 1437 1859 
5726 951 508 1666 1717 
5727 1636 1819 1360 1890 
5728 605 662 1686 1989 
5729 1351 1559 1711 1864 
5730 66 67 58 318 
5731 1351 1559 1447 1976 
5732 1492 1561 235 1771 
5733 698 454 684 1510 
5734 1378 1595 1365 1731 
5735 688 670 657 1416 
5736 1006 1005 985 1704 
5737 1375 1747 1786 2015 
5738 1314 1701 1470 1983 
5739 1017 1763 1597 2037 
5740 1715 1408 1891 1895 
5741 1016 1076 1538 1695 
5742 1348 1527 1523 1826 
5743 561 337 1653 1858 
5744 1342 1589 1671 1733 
5745 1169 1565 239 1595 
5746 1432 415 1674 2040 
5747 1467 1567 1379 1876 
5748 1571 1793 78 1986 
5749 1429 1953 1904 2029 
5750 1051 1671 1004 1867 
5751 1023 554 1449 1788 
5752 240 1740 1477 2059 
5753 602 627 1624 1880 
5754 1322 1558 1534 2048 
5755 380 379 416 1643 
5756 1467 1791 1567 1876 
5757 1369 1728 1529 2049 
5758 1489 1391 1653 2001 
5759 981 1431 1079 2018 
5760 809 800 770 1836 
5761 440 389 345 1444 
5762 1477 1565 1385 1736 
5763 81 329 1504 1683 
5764 1503 1669 1482 1723 
5765 1456 1540 1332 1716 
5766 1568 1708 1694 1833 
5767 1619 1636 1375 1809 
5768 361 1452 1760 1825 
5769 1018 1073 1005 1723 
5770 1618 1679 1391 2001 
5771 1502 1921 1400 1924 
5772 1417 1784 1757 1945 
5773 1495 1603 1534 1980 
5774 1539 1686 662 1989 
5775 572 573 571 1697 
5776 830 831 832 1593 
5777 428 1787 1708 1947 
5778 438 1450 344 1968 
5779 1576 1681 1309 1906 
5780 1423 1684 1511 1779 
5781 1508 1540 1370 1927 
5782 389 1489 349 1858 
5783 1308 1792 1894 1965 
5784 1234 1181 270 1570 
5785 1386 1733 1522 1788 
5786 1411 1783 1523 1826 
5787 815 334 1918 1987 
5788 1423 1316 1575 1748 
5789 1323 1513 1647 1937 
5790 524 525 509 1716 
5791 1327 1630 1426 2005 
5792 874 873 875 1475 
5793 344 1450 438 1967 
5794 661 655 656 1674 
5795 1341 1493 1818 1950 
5796 438 1450 1633 1946 
5797 349 376 351 1791 
5798 1392 1845 1311 1897 
5799 1398 1762 1646 1777 
5800 75 1542 1448 1712 
5801 759 1623 714 1646 
5802 1379 1616 1567 1872 
5803 747 734 736 1879 
5804 900 1566 903 2014 
5805 1729 1997 1432 2040 
5806 1451 1877 1602 1907 
5807 1475 1667 817 1931 
5808 1518 1634 1303 1707 
5809 1327 1451 1614 1877 
5810 1313 1452 1710 1849 
5811 1486 1766 1535 1935 
5812 231 1464 1531 1779 
5813 1399 1550 1664 1886 
5814 446 822 1549 1861 
5815 961 1661 260 1963 
5816 1474 1373 1717 2038 
5817 1365 1670 1547 1731 
5818 853 831 875 1492 
5819 1410 1890 1532 1973 
5820 612 669 668 1840 
5821 1348 1527 1826 2017 
5822 1355 1518 1699 1925 
5823 1023 1449 1082 1788 
5824 630 1456 680 2053 
5825 237 253 863 866 
5826 1306 1629 1709 2016 
5827 1319 1851 1634 1901 
5828 1528 661 1674 2006 
5829 853 1492 875 1931 
5830 566 672 697 1485 
5831 750 1536 775 1678 
5832 1463 1871 1822 1873 
5833 1324 1519 1648 1751 
5834 362 363 1625 1815 
5835 1360 1619 1636 1730 
5836 1016 1538 1015 1764 
5837 1517 1634 1319 1851 
5838 966 1042 1043 1867 
5839 1006 1704 985 2047 
5840 1374 1432 1582 1674 
5841 774 1778 1498 1803 
5842 1344 1592 1578 2000 
5843 782 1536 735 1803 
5844 1356 1575 1660 1728 
5845 1458 1354 1800 1845 
5846 638 640 674 1741 
5847 1334 1684 1497 1875 
5848 1562 1965 1894 2039 
5849 1458 1354 1654 1759 
5850 1684 1779 1435 1971 
5851 1426 1863 356 1932 
5852 1312 1564 1505 2023 
5853 629 1456 680 1916 
5854 1795 1802 1420 1951 
5855 1523 1679 1411 1948 
5856 1393 1791 1616 1876 
5857 1032 1725 1062 2037 
5858 1437 1660 1631 1857 
5859 76 1712 1448 1887 
5860 1333 1453 1676 1973 
5861 1314 1470 1701 1721 
5862 630 680 1456 1958 
5863 1233 1392 1846 2004 
5864 1379 1872 1689 2043 
5865 1420 1691 752 1790 
5866 1470 1696 1591 2028 
5867 354 1677 1587 2040 
5868 874 875 934 1606 
5869 1514 1898 1720 2050 
5870 1503 1723 1353 1879 
5871 1819 1890 1029 1993 
5872 373 396 363 1625 
5873 1446 1656 1317 1896 
5874 384 375 1568 1821 
5875 1389 1663 1526 1757 
5876 1582 1611 1349 1741 
5877 670 593 657 1655 
5878 959 938 1688 1813 
5879 483 1462 482 1839 
5880 636 1514 677 1679 
5881 1374 1528 1674 2006 
5882 1510 1553 601 2002 
5883 1594 1641 206 2057 
5884 1349 1640 1611 1729 
5885 748 1812 1686 1939 
5886 1391 1814 1563 1997 
5887 1405 1762 1503 1972 
5888 495 1456 524 1716 
5889 1625 1630 1327 2005 
5890 1436 2017 1332 2064 
5891 1450 1946 392 1967 
5892 483 484 1722 1839 
5893 1362 1634 1517 1851 
5894 607 1786 1747 2015 
5895 1526 1556 1337 1663 
5896 1478 1711 1559 1864 
5897 1499 1547 1365 1670 
5898 513 460 1442 1998 
5899 1415 1609 1360 1786 
5900 910 814 1597 1725 
5901 1357 1684 1497 1755 
5902 1333 1453 1609 1840 
5903 390 1726 1552 1905 
5904 1697 1853 1380 1889 
5905 476 1557 491 1761 
5906 1300 1799 1759 2035 
5907 521 1695 540 1942 
5908 1505 1371 1799 2023 
5909 926 1474 906 1992 
5910 1405 1681 1812 1941 
5911 555 1432 639 1917 
5912 973 1704 1900 2047 
5913 240 1477 239 1627 
5914 1524 1672 1348 1830 
5915 1231 1635 1236 1703 
5916 1694 1708 1384 1833 
5917 1045 1055 1809 2047 
5918 1450 1604 1330 1606 
5919 951 445 508 1717 
5920 1300 1759 1827 2035 
5921 1466 1347 2010 2019 
5922 1419 1781 1514 1829 
5923 245 1662 888 2022 
5924 1469 1332 1768 2017 
5925 1538 1695 1076 1885 
5926 1336 1578 1481 1895 
5927 1374 1760 1452 1825 
5928 634 635 632 1679 
5929 1351 1468 1544 1637 
5930 1304 1479 1714 1832 
5931 229 1662 245 2022 
5932 471 479 1540 1927 
5933 865 1918 1516 1987 
5934 1324 1648 1519 1753 
5935 476 1557 1902 1942 
5936 1308 1579 1459 1792 
5937 1147 1570 1433 1952 
5938 233 1517 1593 2034 
5939 1073 1036 1005 1638 
5940 649 1680 1442 1837 
5941 698 567 1067 1510 
5942 1437 1590 1339 1859 
5943 1481 1319 1806 1904 
5944 1354 1577 1458 1800 
5945 1026 1619 992 2015 
5946 1006 1045 1046 1482 
5947 1445 1601 1585 2016 
5948 1500 1301 1877 1945 
5949 1613 1693 1352 1985 
5950 1559 1612 1447 1976 
5951 663 662 652 1686 
5952 522 475 490 1650 
5953 1313 1694 1568 1847 
5954 1462 1722 1689 2043 
5955 1460 1698 1074 1764 
5956 1389 1664 1526 1746 
5957 206 1554 979 1594 
5958 1327 1426 1630 2030 
5959 1362 1536 1498 1707 
5960 1009 1548 995 1870 
5961 1350 1312 1564 1731 
5962 688 670 1416 2006 
5963 429 1791 1467 1876 
5964 241 1645 1474 1740 
5965 1481 1756 1408 1832 
5966 1324 1462 1648 1753 
5967 1447 1612 1397 1852 
5968 577 81 82 1472 
5969 742 743 744 2060 
5970 722 1812 748 1939 
5971 260 961 946 1133 
5972 1409 1530 1939 1941 
5973 1005 1036 986 1704 
5974 82 1472 81 1720 
5975 1532 1890 1360 1973 
5976 629 680 1456 2053 
5977 1426 1329 1881 1923 
5978 1367 1750 1583 1852 
5979 1374 1587 1825 2005 
5980 1303 1535 1487 1891 
5981 623 1788 622 1801 
5982 1430 1882 1744 2031 
5983 1405 1777 1762 1812 
5984 595 596 1598 1920 
5985 1376 1556 1472 1683 
5986 481 472 1519 1936 
5987 1321 1445 1522 1970 
5988 762 1604 1450 2058 
5989 1620 1637 1351 1942 
5990 1697 1745 1380 1853 
5991 1343 1613 1446 1938 
5992 1478 1585 1361 2021 
5993 582 66 65 580 
5994 1499 1322 1670 1928 
5995 947 1666 1474 1717 
5996 891 892 824 1744 
5997 898 1698 1460 2014 
5998 1516 1621 1414 1831 
5999 1725 1823 1368 1921 
6000 1500 1404 1710 1883 
6001 1466 1543 1307 1818 
6002 1460 1823 1725 1921 
6003 606 1747 1732 1989 
6004 1533 1625 362 1932 
6005 1305 1364 1782 1816 
6006 1618 1489 1984 2001 
6007 1311 1565 1466 2010 
6008 685 569 1697 1853 
6009 1000 1597 1063 1628 
6010 369 370 1568 1833 
6011 1143 1547 1378 1969 
6012 817 391 336 1967 
6013 1331 1444 1835 1984 
6014 1079 1431 1002 2013 
6015 862 1129 863 1516 
6016 1858 1984 1489 2001 
6017 345 1444 389 1858 
6018 740 745 754 1659 
6019 429 1467 437 1876 
6020 1466 1706 1965 1995 
6021 860 1688 1912 2054 
6022 1334 1642 1536 1803 
6023 1406 1724 1561 1817 
6024 1393 1567 1616 2011 
6025 1430 1357 1675 1794 
6026 1549 1839 530 1861 
6027 630 1958 1456 2053 
6028 1330 1475 1606 1888 
6029 1016 1015 1007 1764 
6030 1365 1603 1740 1928 
6031 1492 1593 1429 1855 
6032 1719 1775 1326 1977 
6033 1478 1864 1690 2021 
6034 1418 1571 1333 1854 
6035 1343 1656 1480 1714 
6036 1025 1055 1636 1809 
6037 1012 977 1044 1733 
6038 329 1504 78 1798 
6039 820 706 1752 1790 
6040 1370 1551 1508 2026 
6041 1563 1917 1391 1997 
6042 465 1902 1650 2003 
6043 1344 1434 1659 1961 
6044 429 388 1791 1876 
6045 507 1521 1835 2044 
6046 1030 1623 1026 2015 
6047 1455 1895 1578 1953 
6048 495 1521 507 2053 
6049 1340 1552 1722 2043 
6050 1375 1730 1747 1777 
6051 1376 1720 1525 1798 
6052 817 954 391 1967 
6053 760 751 1794 1879 
6054 1494 1596 1344 1659 
6055 881 1511 884 1774 
6056 1300 1436 1754 1827 
6057 1308 1459 1567 1894 
6058 38 1846 1574 2004 
6059 705 787 1678 1802 
6060 1587 1630 357 1825 
6061 1076 1015 1538 1885 
6062 1530 1409 1939 1943 
6063 1500 1663 1301 1945 
6064 8 1651 11 1665 
6065 1605 1842 1703 2009 
6066 1546 1883 1427 1889 
6067 429 437 388 1876 
6068 465 466 1483 1770 
6069 530 1549 1722 1839 
6070 1359 1526 1664 1935 
6071 1458 1310 1719 1930 
6072 1526 1664 1389 1757 
6073 1532 1586 1360 1868 
6074 1377 1607 1483 2003 
6075 663 605 662 1686 
6076 575 1652 573 1780 
6077 253 237 1136 866 
6078 1375 1747 1730 1786 
6079 1340 1496 1692 1912 
6080 1399 1550 1816 1925 
6081 1409 1939 1539 1941 
6082 1442 1402 1796 1911 
6083 1444 1489 1858 1984 
6084 1343 1417 1656 1714 
6085 812 1581 529 1717 
6086 1341 1621 1516 1831 
6087 430 1588 381 1905 
6088 31 1541 1446 1605 
6089 1304 1862 1600 1938 
6090 1580 1805 1335 1874 
6091 420 1946 1475 1967 
6092 1412 1677 1426 1863 
6093 1048 1074 1010 1460 
6094 900 904 903 1566 
6095 1353 1515 1675 1899 
6096 392 344 438 1967 
6097 1334 1699 1518 1804 
6098 1357 1687 1572 1774 
6099 1466 1965 1736 1995 
6100 1535 1359 1756 1935 
6101 1404 1710 1313 1844 
6102 910 1597 943 1661 
6103 1450 1967 344 1968 
6104 1375 1646 1762 1777 
6105 780 332 411 1787 
6106 1450 1606 1475 1967 
6107 1496 1912 1688 2054 
6108 1385 1565 1466 1736 
6109 339 395 913 1813 
6110 1499 1583 1367 1727 
6111 1415 1730 1681 1777 
6112 1452 1630 1625 2005 
6113 1554 1594 206 2057 
6114 1311 1595 1392 1897 
6115 619 699 620 2051 
6116 1314 1504 1878 1944 
6117 1333 1571 1840 1854 
6118 990 1548 1009 1628 
6119 693 563 993 1954 
6120 1464 1851 1433 1866 
6121 687 639 555 1432 
6122 480 506 1689 1927 
6123 665 1461 653 1673 
6124 577 82 675 1472 
6125 680 1811 1456 1958 
6126 590 9 1542 1940 
6127 1456 1948 1411 1958 
6128 1354 1845 1654 1995 
6129 1325 1566 1502 2014 
6130 1373 1519 1751 1936 
6131 1354 1743 1759 1860 
6132 687 661 1582 1674 
6133 1314 1664 1526 1935 
6134 1400 1478 1690 1700 
6135 688 657 588 1741 
6136 938 937 825 1443 
6137 518 1019 442 1620 
6138 1585 2021 1425 2061 
6139 1021 1767 209 1850 
6140 616 554 686 1993 
6141 483 506 473 1753 
6142 1160 1180 229 1728 
6143 1572 1794 1430 1836 
6144 722 1530 1812 1939 
6145 755 1490 777 1745 
6146 995 1009 990 1548 
6147 935 1968 1450 2058 
6148 74 73 78 2055 
6149 78 79 74 2055 
6150 783 1755 1687 1794 
6151 1562 1692 1385 1736 
6152 1023 1449 554 1993 
6153 1208 1210 1211 1693 
6154 31 1446 1541 1613 
6155 1515 1699 1471 1906 
6156 765 936 716 1572 
6157 1410 1599 1453 1993 
6158 462 460 461 1998 
6159 371 1533 1932 1934 
6160 238 1516 1496 1950 
6161 1066 896 1048 1725 
6162 1411 1679 1523 1783 
6163 76 1712 1887 1986 
6164 686 1599 616 1993 
6165 567 1031 1067 1510 
6166 1348 1826 1781 2017 
6167 1680 1796 1442 1940 
6168 976 1636 1055 2047 
6169 1451 1614 1877 1907 
6170 1575 1699 1423 2007 
6171 368 385 414 1760 
6172 1466 1493 1347 2019 
6173 1423 1357 1684 1875 
6174 1421 1746 1577 1915 
6175 1429 1492 1771 1888 
6176 1377 1447 1650 2056 
6177 860 1912 1496 2054 
6178 1578 1344 1776 1895 
6179 83 327 76 1525 
6180 1060 1017 1597 2037 
6181 989 1725 1010 1823 
6182 904 1615 1566 1992 
6183 613 612 611 1609 
6184 1427 1652 1416 1883 
6185 1336 1481 1715 1895 
6186 1305 1531 1364 1866 
6187 551 1444 1835 1869 
6188 1333 1609 1453 1973 
6189 1334 1705 1515 1875 
6190 360 361 359 1630 
6191 707 603 556 1974 
6192 1318 1577 1746 1915 
6193 410 520 451 1552 
6194 1514 1419 1720 1898 
6195 480 1689 1644 1927 
6196 548 1443 502 2042 
6197 1469 1332 2017 2064 
6198 1438 1531 1160 1608 
6199 1378 1635 1346 1846 
6200 809 1836 1572 1926 
6201 555 655 687 1674 
6202 63 62 579 325 
6203 613 611 1599 1609 
6204 1325 1502 1921 2014 
6205 999 1649 971 1733 
6206 1344 1659 1596 1961 
6207 416 417 380 1621 
6208 1455 1336 1895 1953 
6209 1664 1746 1421 1983 
6210 1311 1466 1736 1995 
6211 1621 1934 1406 1987 
6212 858 1496 860 1627 
6213 892 949 824 1744 
6214 895 789 813 1802 
6215 1417 1301 1784 1945 
6216 1569 1816 1550 1925 
6217 1341 1441 1573 1841 
6218 1685 1802 1795 1951 
6219 1379 1552 1905 2043 
6220 1648 1751 1519 1936 
6221 707 718 603 1974 
6222 1596 1659 766 1961 
6223 507 479 485 1835 
6224 1405 1812 1762 1972 
6225 812 529 921 1717 
6226 649 678 1680 1837 
6227 731 1494 1805 1874 
6228 1300 1534 1505 1799 
6229 718 1646 603 1974 
6230 1459 1567 1331 1814 
6231 1334 1699 1804 1875 
6232 827 1040 1698 1785 
6233 61 59 73 317 
6234 1320 1585 1478 2021 
6235 1301 1663 1632 1784 
6236 959 913 938 1813 
6237 647 678 648 1811 
6238 1495 1654 1505 1897 
6239 488 460 462 1810 
6240 705 789 895 1802 
6241 995 1870 1548 1882 
6242 1453 1410 1676 1973 
6243 1127 933 901 1502 
6244 1462 1722 1340 1839 
6245 910 1725 1661 1963 
6246 1375 1503 1777 1994 
6247 233 1593 234 2034 
6248 444 552 681 1916 
6249 986 1506 1052 1704 
6250 569 1745 1853 1966 
6251 1651 1766 1504 1944 
6252 31 30 1541 1605 
6253 1424 1445 1711 1807 
6254 891 1572 880 1774 
6255 1448 1345 1542 1937 
6256 1060 1597 1032 2037 
6257 1327 1451 1877 2005 
6258 823 897 898 1460 
6259 510 491 540 1557 
6260 1325 1538 1750 2020 
6261 345 1444 1858 1949 
6262 1507 1387 1738 2064 
6263 1395 1694 1568 1708 
6264 1439 1847 1853 1889 
6265 1022 1082 1023 1449 
6266 1514 1781 1315 1829 
6267 1500 1602 1349 2008 
6268 1352 1319 1693 2034 
6269 681 511 444 1916 
6270 808 762 1450 2058 
6271 1390 1778 1580 1943 
6272 10 328 9 1672 
6273 614 669 612 1453 
6274 507 503 1521 2044 
6275 1373 1519 1936 2038 
6276 1359 1526 1663 1757 
6277 1397 1499 1670 1773 
6278 1458 1577 1354 1759 
6279 832 831 833 1593 
6280 739 740 1494 1960 
6281 1498 1422 1707 1803 
6282 571 685 569 1697 
6283 857 1627 941 2059 
6284 485 1644 536 1835 
6285 1567 1616 1379 1876 
6286 1384 1694 1592 1737 
6287 1415 1360 1730 1786 
6288 1310 1757 1664 1886 
6289 1612 1629 1397 1962 
6290 1359 1535 1526 1935 
6291 1525 1720 82 1798 
6292 645 570 560 1745 
6293 232 1464 1779 1951 
6294 791 790 1752 2060 
6295 967 1037 710 1623 
6296 483 482 484 1839 
6297 681 1837 511 1916 
6298 1412 1426 1841 1863 
6299 584 3 82 675 
6300 461 497 463 1955 
6301 473 477 482 1648 
6302 1307 1493 1466 1818 
6303 1380 1853 1847 1889 
6304 1359 1664 1526 1757 
6305 1455 1742 1596 1895 
6306 490 527 1537 1666 
6307 1387 1856 1469 2064 
6308 242 243 1583 1727 
6309 236 235 1561 1724 
6310 1381 1700 1629 1702 
6311 699 619 685 1853 
6312 1419 1524 1830 1988 
6313 720 1762 719 1974 
6314 400 381 430 1588 
6315 600 1589 693 2002 
6316 421 1815 367 1817 
6317 1341 1639 1818 1841 
6318 933 950 899 1502 
6319 1360 1636 1619 1819 
6320 736 749 751 1794 
6321 1434 1787 1659 1961 
6322 1302 1550 1701 1977 
6323 1444 1949 551 2044 
6324 1435 1684 1357 1755 
6325 926 1727 1474 1992 
6326 336 420 421 1667 
6327 1443 1688 1549 2042 
6328 1352 1693 1319 1985 
6329 471 480 479 1927 
6330 532 454 542 1510 
6331 272 1608 1658 1979 
6332 1434 798 1787 1961 
6333 1418 1571 1878 2028 
6334 83 76 1524 1525 
6335 1357 1423 1748 1875 
6336 699 685 1655 1853 
6337 1565 1595 1169 1892 
6338 809 770 1572 1836 
6339 1432 1917 1563 1997 
6340 1323 1469 1768 1828 
6341 1487 1903 1891 1943 
6342 1316 1857 1473 1899 
6343 731 739 1494 1874 
6344 1324 1692 1477 1751 
6345 688 1416 1741 2006 
6346 1740 1751 1477 2059 
6347 1417 1784 1354 1800 
6348 1317 1656 1446 1843 
6349 1362 1464 1634 1851 
6350 669 1453 614 1673 
6351 1025 1636 1619 1809 
6352 721 1762 1812 1972 
6353 1408 1776 1344 2000 
6354 897 898 1460 2014 
6355 921 445 951 1717 
6356 495 478 479 1540 
6357 1036 986 1704 2031 
6358 1538 1557 1396 1695 
6359 1554 206 1641 2057 
6360 1335 1617 1494 1776 
6361 1514 1781 1419 1898 
6362 271 1238 1162 272 
6363 1348 1454 1781 1830 
6364 1317 1346 1845 2009 
6365 1820 1981 1724 1991 
6366 760 736 751 1879 
6367 640 639 687 1582 
6368 369 361 370 1833 
6369 1314 1470 1878 1983 
6370 1605 1703 1392 2009 
6371 860 1496 861 2054 
6372 1448 1542 1509 1937 
6373 407 414 1528 1674 
6374 595 1920 1796 1940 
6375 481 1648 472 1936 
6376 1423 1316 1748 1875 
6377 413 379 381 1588 
6378 1457 1775 1371 1915 
6379 1303 1481 1756 1891 
6380 1347 1981 1520 2019 
6381 74 581 73 2055 
6382 240 1138 855 256 
6383 1456 1716 1413 1916 
6384 1318 1915 1982 2035 
6385 1553 1749 459 1998 
6386 1446 1656 1343 1843 
6387 1319 1634 1481 1957 
6388 1325 1559 1864 1924 
6389 362 1533 367 1815 
6390 1472 1556 1376 1720 
6391 1601 1709 1381 2016 
6392 1429 1492 1888 2045 
6393 1023 994 622 1788 
6394 1343 1480 1656 1985 
6395 1327 1877 1844 2005 
6396 1369 1914 1628 2022 
6397 1358 1561 1724 1817 
6398 1392 2004 1605 2009 
6399 1714 1832 1479 1945 
6400 1161 1438 1160 1608 
6401 1386 1522 1445 1970 
6402 772 813 789 1790 
6403 1507 1738 1508 2064 
6404 873 1475 817 1931 
6405 561 1858 1653 2001 
6406 1314 1470 1721 1878 
6407 1539 1939 1686 1941 
6408 1796 1920 1402 1940 
6409 1300 1739 1469 1754 
6410 882 1685 1435 1802 
6411 1392 1635 1595 1892 
6412 417 405 380 1621 
6413 1524 1419 1720 1988 
6414 1087 1018 702 1723 
6415 1462 1753 1324 2026 
6416 1312 1505 1564 1731 
6417 229 1134 230 1476 
6418 1529 1956 1661 1975 
6419 346 1485 672 1959 
6420 868 1140 1561 1820 
6421 496 480 506 1689 
6422 1326 1574 1564 1719 
6423 1345 1709 1622 1937 
6424 1079 1431 2013 2018 
6425 588 1652 1472 1741 
6426 772 706 915 1790 
6427 1394 1654 1495 1736 
6428 272 1162 271 1608 
6429 76 1525 327 1986 
6430 787 786 750 1755 
6431 1367 1583 1499 1852 
6432 238 1132 861 254 
6433 1406 1533 1817 1934 
6434 921 529 445 1717 
6435 76 1793 1712 1986 
6436 465 1650 522 1770 
6437 1435 1357 1687 1755 
6438 551 504 1444 2044 
6439 1018 778 702 1723 
6440 1349 1611 1514 2050 
6441 967 1623 710 1669 
6442 1365 1928 1740 1969 
6443 1329 1451 1729 1923 
6444 1366 1818 1639 1841 
6445 724 1778 726 1922 
6446 1478 1864 1559 1924 
6447 536 1835 1467 1869 
6448 1452 1313 1710 1844 
6449 1624 1665 1409 1880 
6450 521 1086 968 1620 
6451 751 800 760 1794 
6452 1510 1671 1043 1867 
6453 1654 1736 1394 1995 
6454 682 1553 558 1796 
6455 1343 1714 1304 1938 
6456 1447 1377 1650 1902 
6457 1348 1523 1781 1826 
6458 1349 1741 1611 2050 
6459 420 374 1584 1946 
6460 1435 1685 1678 1802 
6461 475 1650 465 1902 
6462 84 1524 330 1672 
6463 1313 1694 1617 2000 
6464 229 1476 1662 2022 
6465 629 630 680 2053 
6466 469 468 1508 1738 
6467 231 230 1137 1511 
6468 1230 272 38 1682 
6469 1430 1675 1497 1794 
6470 1348 1672 1509 1828 
6471 1216 1520 1156 1703 
6472 917 815 334 1918 
6473 1670 1852 1397 1962 
6474 961 260 901 1963 
6475 1524 1720 1419 1898 
6476 1088 982 23 1532 
6477 1483 1607 464 2003 
6478 1353 1705 1503 1879 
6479 465 1650 1483 2003 
6480 1341 1818 1441 1841 
6481 1359 1480 1714 1756 
6482 1237 1238 1230 1978 
6483 633 1618 632 1984 
6484 1322 1650 1537 1852 
6485 1320 1554 2049 2057 
6486 1305 1699 1804 1901 
6487 1382 1673 1712 1713 
6488 474 1902 465 2003 
6489 646 1949 1444 2044 
6490 970 982 1059 1532 
6491 833 831 853 1492 
6492 1068 695 802 1623 
6493 1567 1308 1872 2011 
6494 772 915 813 1790 
6495 1048 823 965 1698 
6496 855 256 857 2059 
6497 1311 1495 1654 1736 
6498 1333 1676 1586 1973 
6499 1344 1592 1694 1737 
6500 1313 1883 1546 1889 
6501 769 729 727 1580 
6502 1757 1784 1663 1945 
6503 504 551 1444 1835 
6504 1481 1408 1756 1891 
6505 964 1041 949 1744 
6506 935 1450 934 2058 
6507 238 1516 862 2054 
6508 1467 1791 429 1869 
6509 501 1549 914 2042 
6510 1520 1929 1148 1981 
6511 1549 1401 1861 1912 
6512 1358 1600 1771 1848 
6513 1357 1675 1497 1875 
6514 1503 1762 757 1972 
6515 1404 1592 1844 2000 
6516 820 915 706 1790 
6517 1310 1577 1458 1719 
6518 1344 1596 1494 1776 
6519 1303 1756 1535 1891 
6520 1331 1835 1521 1984 
6521 1594 2021 1425 2057 
6522 1372 1739 1534 1962 
6523 35 1541 30 1605 
6524 571 593 685 1655 
6525 562 651 631 1521 
6526 1483 1856 1558 2048 
6527 1372 1558 1647 1739 
6528 1407 1953 1604 2045 
6529 1452 1710 1374 2005 
6530 1395 1659 1434 1787 
6531 343 1552 451 1996 
6532 1458 1577 1310 1800 
6533 522 1537 515 1770 
6534 1068 1030 695 1623 
6535 21 206 979 1594 
6536 603 671 624 1646 
6537 898 903 1698 2014 
6538 1547 1670 1499 1773 
6539 1593 1790 1407 2029 
6540 1324 1519 1603 1980 
6541 739 740 731 1494 
6542 860 1688 864 1912 
6543 779 1772 409 1787 
6544 468 514 1519 1738 
6545 1176 1734 1145 1979 
6546 948 449 505 1615 
6547 1487 1338 1903 1943 
6548 1060 1032 1062 2037 
6549 1323 1911 1513 1937 
6550 461 463 462 1607 
6551 1503 1879 1705 1972 
6552 1521 1618 1331 1984 
6553 622 1788 689 1801 
6554 1519 1738 514 1770 
6555 1498 1707 1536 1803 
6556 1428 1829 1315 1933 
6557 1323 1647 1513 2032 
6558 1824 1855 1352 2034 
6559 1456 1916 629 2053 
6560 1023 1082 994 1788 
6561 1311 1736 1654 1995 
6562 1632 1663 1389 1784 
6563 1502 1583 1325 1924 
6564 754 798 1659 1787 
6565 1353 1704 1638 1723 
6566 76 330 83 1524 
6567 1382 1591 1696 2028 
6568 1020 622 994 1954 
6569 1331 1769 1459 1783 
6570 1611 1729 1640 1997 
6571 1418 1415 1732 1854 
6572 1398 1812 1681 1941 
6573 512 1581 911 1861 
6574 1387 1558 1856 2048 
6575 361 1760 368 1825 
6576 1425 2021 1594 2061 
6577 1166 1595 240 1740 
6578 1394 1754 1551 2039 
6579 271 1234 272 1608 
6580 1161 1180 1160 1438 
6581 1368 1921 1690 1956 
6582 904 1566 905 1992 
6583 1056 1788 999 1954 
6584 935 934 1450 1967 
6585 1346 1595 1378 1897 
6586 406 354 1587 2040 
6587 1058 1522 999 1788 
6588 756 1659 798 1961 
6589 917 815 1918 1987 
6590 1700 1773 1400 1924 
6591 940 857 941 2059 
6592 1369 1548 1628 1914 
6593 779 409 332 1787 
6594 1032 1597 814 1725 
6595 1012 1671 1589 1733 
6596 879 880 1687 1971 
6597 783 1572 770 1794 
6598 550 1749 1510 1867 
6599 665 1461 1673 1801 
6600 396 360 1625 1833 
6601 1009 1628 1548 1870 
6602 973 986 1052 1704 
6603 1512 1569 1471 1871 
6604 1305 1782 1531 2007 
6605 1046 1669 1482 1809 
6606 1563 1653 1391 1917 
6607 1363 1626 1866 2063 
6608 1322 1928 1770 2048 
6609 705 1678 788 1802 
6610 536 485 494 1644 
6611 549 456 510 1785 
6612 619 1853 1439 1959 
6613 1337 1556 1500 1663 
6614 1651 1878 1418 2055 
6615 1404 1844 1862 1877 
6616 1030 1026 992 2015 
6617 1592 1344 1694 2000 
6618 241 1166 1740 1969 
6619 1377 1976 1447 2056 
6620 1346 1574 1564 1682 
6621 1464 1319 1866 1901 
6622 1155 33 1173 1221 
6623 1459 1783 1769 1826 
6624 934 1450 1606 2058 
6625 1312 1505 1731 2023 
6626 1424 1671 1468 1765 
6627 1334 1497 1642 1705 
6628 229 230 1160 1531 
6629 1450 1968 808 2058 
6630 1045 976 1055 2047 
6631 1346 1731 1564 1897 
6632 563 689 622 1954 
6633 1690 1864 1431 2021 
6634 1507 1856 1387 2064 
6635 1215 1211 1560 1613 
6636 1375 1786 1619 2015 
6637 1595 1635 1169 1892 
6638 1685 1779 1362 1951 
6639 1692 1751 1401 2059 
6640 860 864 1688 2054 
6641 577 82 3 675 
6642 1394 1436 1743 1792 
6643 861 238 862 2054 
6644 1422 1530 1922 1943 
6645 1023 622 554 1788 
6646 1569 1701 1550 1977 
6647 1686 1974 605 1989 
6648 1404 1479 1832 1945 
6649 1161 1180 1438 1979 
6650 626 1786 1619 1819 
6651 6 572 627 1624 
6652 821 945 1918 2054 
6653 339 1813 821 1918 
6654 1566 1615 1396 1750 
6655 911 1581 940 1861 
6656 897 1460 1725 1963 
6657 1394 1551 1894 2039 
6658 1308 1792 1459 1894 
6659 517 629 1916 2053 
6660 633 632 631 1984 
6661 496 1644 480 1689 
6662 1504 1798 1491 1878 
6663 750 775 787 1678 
6664 622 1788 994 1954 
6665 988 1028 1029 1993 
6666 1503 1705 1353 1808 
6667 884 924 883 1774 
6668 1369 1763 1548 2012 
6669 945 862 1516 2054 
6670 977 971 974 1649 
6671 1447 1367 1761 1852 
6672 1466 1818 1493 1950 
6673 337 692 348 1858 
6674 530 1839 531 1861 
6675 605 1686 663 1974 
6676 1502 1921 1368 1956 
6677 1340 1722 1549 1839 
6678 627 572 602 1624 
6679 1356 1668 1438 1728 
6680 389 440 429 1869 
6681 935 1967 1450 1968 
6682 860 1496 859 1627 
6683 1348 1827 1454 1830 
6684 1341 1493 1950 1991 
6685 371 1932 404 1934 
6686 359 357 1630 1825 
6687 638 636 637 1611 
6688 35 1225 30 1541 
6689 455 1443 548 2042 
6690 1587 1677 1329 2040 
6691 1076 1035 1015 1885 
6692 250 234 1141 833 
6693 1374 1760 1528 1849 
6694 1358 1600 1724 1771 
6695 1383 1482 1868 2047 
6696 1466 1347 1610 2010 
6697 528 529 1581 1717 
6698 720 1686 748 1812 
6699 1304 1578 1481 1904 
6700 240 1595 1477 1740 
6701 1231 1170 262 267 
6702 488 1442 1810 1837 
6703 1322 1852 1670 1962 
6704 1045 1809 1482 2047 
6705 1467 1835 1444 1869 
6706 1453 1599 1410 1973 
6707 960 1549 942 1912 
6708 494 1644 496 1689 
6709 646 643 1444 1858 
6710 417 1621 418 1934 
6711 548 1443 455 1996 
6712 1468 1620 1351 1765 
6713 1529 1690 1400 1956 
6714 390 410 1552 1726 
6715 974 1649 962 1834 
6716 1614 1907 1451 1923 
6717 597 595 596 1598 
6718 1452 1760 1568 1833 
6719 1439 1847 1485 1853 
6720 619 1959 1439 2051 
6721 1354 1577 1784 1860 
6722 1366 1428 1706 1907 
6723 470 469 468 1508 
6724 1447 1612 1852 2056 
6725 1465 1643 1341 1831 
6726 210 1088 23 1767 
6727 522 490 515 1537 
6728 1446 1843 1343 1938 
6729 244 260 1661 1963 
6730 374 372 420 1584 
6731 1550 1399 1701 1925 
6732 1454 1759 1743 1860 
6733 1370 1508 1927 2026 
6734 792 1037 1068 1623 
6735 1698 2014 1566 2020 
6736 755 1490 1745 1874 
6737 1616 1872 1379 1905 
6738 1400 1734 1668 1956 
6739 1404 1500 1877 1945 
6740 1602 1729 1349 2008 
6741 238 861 862 254 
6742 680 1456 1811 1916 
6743 1322 1537 1770 1928 
6744 1425 1850 1767 1865 
6745 1390 1422 1778 1943 
6746 1611 1432 1729 1997 
6747 811 1718 1485 2041 
6748 389 429 376 1791 
6749 1304 1479 1832 1862 
6750 1328 1919 1600 1938 
6751 1766 1878 1504 1944 
6752 1480 1756 1481 1806 
6753 1006 1669 1054 1723 
6754 493 1552 520 1726 
6755 1544 1711 1306 1807 
6756 1538 1545 1351 1885 
6757 1439 1959 397 2051 
6758 858 860 859 1627 
6759 475 489 1761 1902 
6760 1528 1374 1849 2006 
6761 1392 1892 1595 2010 
6762 656 1528 407 2051 
6763 1330 1584 1475 1888 
6764 646 1444 643 2044 
6765 746 757 1503 1762 
6766 758 801 807 1723 
6767 1778 1803 726 1922 
6768 1439 1821 1485 1847 
6769 651 631 1521 1984 
6770 723 1812 1922 1972 
6771 1613 1806 1343 1985 
6772 1440 1300 1739 1827 
6773 1486 1314 1766 1935 
6774 471 479 478 1540 
6775 1303 1715 1481 1891 
6776 1302 1701 1569 1977 
6777 608 1609 610 1854 
6778 643 1444 1858 1984 
6779 1054 1669 778 1723 
6780 498 1468 1637 1955 
6781 1528 1849 1655 2006 
6782 1516 1831 1496 1950 
6783 337 561 692 1858 
6784 235 236 1758 1981 
6785 1510 1553 1342 1749 
6786 419 402 382 1909 
6787 402 1667 382 1909 
6788 736 734 735 1642 
6789 537 1552 493 1722 
6790 1617 1694 1344 2000 
6791 472 468 514 1519 
6792 827 1040 902 1698 
6793 1015 1016 1076 1538 
6794 1762 1812 1398 1974 
6795 1326 1816 1658 1930 
6796 935 826 1968 2058 
6797 1499 1583 1397 1852 
6798 1308 1579 1881 2011 
6799 818 449 948 1615 
6800 1668 1734 1350 1979 
6801 759 714 718 1646 
6802 1374 1849 1582 2008 
6803 239 238 1132 1496 
6804 1733 1788 1386 1954 
6805 1046 1482 1045 1809 
6806 644 1984 1858 2001 
6807 711 411 341 1633 
6808 1480 1626 1399 1886 
6809 1000 894 1597 1628 
6810 622 623 554 1449 
6811 1335 1494 1617 1990 
6812 1550 1701 1569 1925 
6813 1626 1816 1363 1866 
6814 494 480 496 1644 
6815 1372 1558 1739 1962 
6816 1630 1825 1587 2005 
6817 404 1932 1573 1934 
6818 1223 31 1446 1605 
6819 446 1549 530 1861 
6820 870 868 1140 1561 
6821 1533 1573 1441 2030 
6822 626 615 1786 1819 
6823 905 1566 1727 1992 
6824 1532 1360 1636 1868 
6825 642 1898 1514 2050 
6826 420 392 1946 1967 
6827 1474 1645 947 1717 
6828 79 329 80 1504 
6829 272 1235 1239 1789 
6830 1319 1851 1464 1866 
6831 1320 1822 1631 2049 
6832 234 1593 1492 1855 
6833 233 1131 249 1795 
6834 1496 859 1627 1912 
6835 412 365 1643 1863 
6836 339 913 821 1813 
6837 651 1984 1521 2044 
6838 232 1158 1464 1851 
6839 1399 1816 1626 1925 
6840 1520 1981 1148 2019 
6841 1039 1078 1473 1964 
6842 394 397 1821 1959 
6843 581 617 1571 2055 
6844 1509 9 1680 1940 
6845 904 948 907 1615 
6846 1351 1544 1711 1976 
6847 1437 1590 1473 1857 
6848 1342 1589 1510 1671 
6849 1440 1838 1457 1982 
6850 1432 1653 1563 1917 
6851 1434 1384 1708 1947 
6852 539 1749 1468 1955 
6853 1435 1685 882 1971 
6854 824 949 1041 1744 
6855 1490 1697 570 1745 
6856 1354 1743 1654 1759 
6857 1753 1927 1508 2026 
6858 1048 965 1074 1698 
6859 1342 1671 1510 1749 
6860 705 788 789 1802 
6861 1375 1730 1619 1786 
6862 1571 1986 1491 2028 
6863 1757 1784 1417 1800 
6864 1368 1690 1529 1956 
6865 1478 1559 1397 1924 
6866 1428 1632 1602 1829 
6867 721 757 1762 1972 
6868 1167 1547 243 1734 
6869 1485 1718 1380 1847 
6870 440 1869 1444 1949 
6871 1604 1953 1407 2060 
6872 1429 1593 1492 2045 
6873 1131 927 249 1795 
6874 1655 1697 1427 1889 
6875 616 988 554 1993 
6876 1325 1921 1502 1924 
6877 1146 1531 1570 1608 
6878 1027 1819 1059 1890 
6879 1501 1749 1553 1998 
6880 1527 1768 1332 2017 
6881 960 864 1688 1912 
6882 243 259 933 950 
6883 1535 1756 1359 1893 
6884 951 1666 947 1717 
6885 1354 1610 1845 1995 
6886 431 1876 1726 1905 
6887 779 332 703 1787 
6888 1352 1806 1319 1904 
6889 1340 1562 1872 2043 
6890 604 1974 1747 1989 
6891 1811 1948 1456 1958 
6892 1359 1756 1714 1832 
6893 1368 1661 1597 1725 
6894 1485 1847 1380 1853 
6895 528 1717 1581 1936 
6896 476 500 1557 1942 
6897 517 524 1456 1916 
6898 705 787 788 1678 
6899 1525 1887 1491 1986 
6900 1301 1632 1602 1907 
6901 1317 1800 1610 1845 
6902 1318 1440 1830 2035 
6903 524 495 517 1456 
6904 1455 1953 1604 2060 
6905 498 539 1468 1955 
6906 8 1539 1732 2024 
6907 1597 1662 1661 1975 
6908 1319 1626 1985 2063 
6909 35 1541 1605 1896 
6910 1023 554 988 1993 
6911 527 1537 1666 2038 
6912 1342 1553 1510 2002 
6913 1667 1817 382 1909 
6914 474 475 465 1902 
6915 1300 1505 1654 1759 
6916 1365 1547 1499 1969 
6917 885 1511 881 1971 
6918 750 735 782 1536 
6919 1610 1800 1317 1843 
6920 1406 1820 1724 1991 
6921 1644 1689 494 2027 
6922 1362 1851 1517 1951 
6923 770 783 765 1572 
6924 240 256 855 2059 
6925 1067 1031 1042 1510 
6926 1104 1122 1124 1109 
6927 1092 1119 1125 1103 
6928 453 968 1033 1695 
6929 1488 1771 1600 1848 
6930 1337 1652 1683 1780 
6931 1482 1704 1383 1808 
6932 1656 1757 1417 1800 
6933 1014 1077 1836 2031 
6934 1300 1754 1469 1827 
6935 1439 1853 1655 1889 
6936 1140 236 235 1561 
6937 1433 1319 1851 2034 
6938 1322 1499 1670 1852 
6939 1447 1377 1902 1976 
6940 1311 1392 1595 2010 
6941 504 1835 1444 2044 
6942 1448 1672 1524 1830 
6943 666 581 74 2055 
6944 723 721 1812 1972 
6945 1627 1692 1401 2059 
6946 636 642 677 1514 
6947 722 720 748 1812 
6948 1438 1658 1608 1979 
6949 676 1811 680 1958 
6950 821 918 945 2054 
6951 1304 1714 1343 1806 
6952 1146 231 1158 1531 
6953 882 878 895 1802 
6954 666 73 74 581 
6955 689 598 599 1801 
6956 1516 1621 1341 1991 
6957 979 1823 981 2018 
6958 1363 1985 1626 2063 
6959 622 1020 563 1954 
6960 1392 1845 1346 2009 
6961 352 1677 354 2040 
6962 1691 1742 1336 1908 
6963 33 1155 1172 1219 
6964 1464 1851 1319 1901 
6965 1455 1434 1961 2065 
6966 1326 1658 1574 1930 
6967 1588 1688 1443 1813 
6968 1563 1329 1677 2040 
6969 1234 1235 272 1608 
6970 444 629 552 1916 
6971 495 524 478 1716 
6972 35 1225 1541 1657 
6973 1383 1868 1636 2047 
6974 1544 1306 1711 1976 
6975 1573 1932 1533 1934 
6976 1484 1356 1782 1977 
6977 1744 1882 1014 2031 
6978 1578 1895 1336 1953 
6979 1702 1799 1371 2023 
6980 1686 1812 720 1974 
6981 1578 1592 1344 1737 
6982 625 1786 607 2015 
6983 878 879 816 1687 
6984 612 613 614 1453 
6985 1408 1617 1776 2000 
6986 764 1485 811 1718 
6987 1391 1640 1814 1997 
6988 1477 1385 1692 1736 
6989 1636 1868 1482 2047 
6990 482 1648 477 1839 
6991 409 1772 436 1787 
6992 1447 1976 1612 2056 
6993 1346 1458 1845 1897 
6994 653 1461 599 1920 
6995 1382 1713 1591 1840 
6996 1032 1000 814 1597 
6997 1567 1393 1814 2011 
6998 570 645 602 1490 
6999 351 352 350 1563 
7000 1466 1610 1543 1995 
7001 1444 1869 551 1949 
7002 1371 1564 1458 1719 
7003 1534 1739 1558 1962 
7004 1351 1711 1559 1976 
7005 1358 1815 1667 1817 
7006 1312 1700 1629 1773 
7007 1387 1519 1980 2048 
7008 1167 1176 1163 1734 
7009 1397 1852 1612 1962 
7010 1161 1438 1608 1979 
7011 1318 1830 1440 1982 
7012 563 1020 993 1954 
7013 1473 1383 1857 1913 
7014 1436 1551 1754 2064 
7015 936 716 1572 1926 
7016 1389 1784 1577 1860 
7017 1306 1612 1559 1976 
7018 1016 1083 1040 1698 
7019 1582 1849 1374 2006 
7020 1302 1457 1775 1873 
7021 1464 1634 1851 1901 
7022 1603 1980 1519 2048 
7023 1008 1014 1084 1882 
7024 642 584 1898 2050 
7025 1514 1523 1781 1898 
7026 1454 1419 1781 1830 
7027 1044 1004 1671 1765 
7028 238 1496 1516 2054 
7029 452 519 340 1869 
7030 1498 1742 1390 1778 
7031 1058 1522 1788 1850 
7032 1439 1528 1760 1849 
7033 1349 1472 1556 1884 
7034 38 1239 1657 1658 
7035 1417 1757 1714 1945 
7036 1404 1832 1479 1862 
7037 1464 1362 1634 1901 
7038 1344 1776 1617 2000 
7039 1339 1859 1767 1865 
7040 1506 1704 986 2031 
7041 1310 1757 1656 1800 
7042 1075 1870 995 1882 
7043 1365 1499 1928 1969 
7044 1347 1392 1703 2009 
7045 1312 1629 1670 1773 
7046 1371 1775 1719 1915 
7047 1495 1311 1654 1897 
7048 385 1760 397 2051 
7049 645 704 157 553 
7050 1066 1048 1010 1725 
7051 1223 1218 1209 1842 
7052 350 352 378 1563 
7053 242 243 1167 1547 
7054 999 1058 1085 1522 
7055 704 777 784 2052 
7056 1369 1476 1914 2022 
7057 517 1456 495 2053 
7058 1618 1984 633 2001 
7059 503 448 507 1521 
7060 528 1717 1936 2038 
7061 491 476 500 1557 
7062 1647 1709 1513 2032 
7063 887 245 888 2022 
7064 1012 1064 1589 1671 
7065 1495 1736 1477 2039 
7066 1550 1719 1326 1977 
7067 1762 1777 1398 1812 
7068 1060 1063 1000 1597 
7069 755 1874 1745 1960 
7070 1465 1639 1385 1831 
7071 1316 1471 1660 1857 
7072 672 1485 621 1959 
7073 1329 1579 1881 1923 
7074 825 938 1443 2042 
7075 396 361 360 1833 
7076 1314 1878 1766 1944 
7077 497 474 463 2003 
7078 1561 1771 1492 1931 
7079 1236 1392 1635 1846 
7080 1377 1558 2032 2056 
7081 1447 1852 1650 2056 
7082 471 1508 470 1927 
7083 236 1561 1140 1820 
7084 444 517 629 1916 
7085 367 1533 371 1817 
7086 1572 1687 1357 1794 
7087 644 633 1984 2001 
7088 1440 1647 1739 1838 
7089 1617 1694 1313 1847 
7090 1617 1990 1494 1999 
7091 390 1552 430 1905 
7092 1039 1078 22 1473 
7093 1322 2048 1650 2056 
7094 1726 1876 1467 2027 
7095 802 792 1068 1623 
7096 1307 1843 1446 1938 
7097 1369 1628 1597 1662 
7098 1427 1889 1697 1990 
7099 880 891 908 1572 
7100 1325 1431 1764 1921 
7101 35 1896 1605 2004 
7102 652 771 159 663 
7103 502 1549 530 2042 
7104 1356 1822 1631 1871 
7105 771 773 159 663 
7106 8 1665 1880 2024 
7107 1343 1656 1541 1985 
7108 1341 1950 1516 1991 
7109 1569 1550 1816 1977 
7110 346 394 441 1485 
7111 764 717 811 1485 
7112 681 678 1837 1916 
7113 1357 1755 1497 1794 
7114 1342 1468 1671 1749 
7115 77 1793 76 1986 
7116 1399 1816 1550 1886 
7117 1043 1031 1064 1510 
7118 904 900 905 1566 
7119 1163 1350 1176 1979 
7120 817 1475 874 1967 
7121 868 252 1140 1820 
7122 547 1468 539 1867 
7123 1496 1688 1414 2054 
7124 1059 1532 982 1890 
7125 1371 1564 1719 1775 
7126 809 1572 716 1926 
7127 1402 1622 1513 1937 
7128 472 1648 473 1753 
7129 210 23 208 1590 
7130 738 729 1580 1805 
7131 1069 1026 1623 1809 
7132 822 942 1549 1861 
7133 1447 1902 1637 1976 
7134 791 1790 1691 2060 
7135 1054 778 1018 1723 
7136 708 645 156 560 
7137 583 318 580 1793 
7138 801 1638 702 1723 
7139 506 483 496 1689 
7140 1559 1711 1306 1976 
7141 1405 1922 1812 1972 
7142 626 615 611 1786 
7143 72 71 576 577 
7144 1602 1729 1451 1923 
7145 1349 1556 1500 1884 
7146 1165 1166 1378 1595 
7147 1350 1682 1658 1979 
7148 1358 1771 1561 1931 
7149 1367 1615 1566 1750 
7150 709 183 908 816 
7151 82 1525 327 1720 
7152 210 23 1590 1767 
7153 363 362 367 1815 
7154 1339 1586 1512 1676 
7155 1343 1304 1919 1938 
7156 812 939 1581 1717 
7157 1483 1377 2003 2056 
7158 924 884 887 1476 
7159 481 477 472 1648 
7160 970 1636 976 1900 
7161 1844 1877 1710 2005 
7162 1496 1340 1688 1912 
7163 1328 1758 1771 1855 
7164 1139 890 888 1662 
7165 1361 1864 1478 2021 
7166 626 1619 559 1819 
7167 974 971 962 1649 
7168 1307 1610 1347 1843 
7169 8 1665 11 1880 
7170 1463 1822 1381 1873 
7171 1355 1555 1486 2036 
7172 530 502 484 1722 
7173 470 471 469 1508 
7174 704 645 157 777 
7175 507 1835 504 2044 
7176 1342 2002 1598 2033 
7177 444 629 146 552 
7178 1304 1714 1479 1938 
7179 647 649 678 1680 
7180 1331 1783 1459 1814 
7181 244 243 1127 1502 
7182 709 786 768 1687 
7183 1560 1929 1520 1981 
7184 524 1716 1456 1916 
7185 726 1778 774 1803 
7186 1336 1517 1904 2029 
7187 1466 1385 1736 1965 
7188 1318 1915 1457 1982 
7189 530 1549 501 2042 
7190 1696 1746 1421 1915 
7191 534 452 422 1869 
7192 817 873 874 1475 
7193 1339 1463 1631 1859 
7194 481 472 514 1519 
7195 1497 1675 1357 1794 
7196 1440 1830 1448 1982 
7197 1300 1440 1739 1799 
7198 603 556 161 707 
7199 1365 1731 1595 1897 
7200 527 490 1537 2038 
7201 1400 1921 1690 1924 
7202 1301 1663 1784 1945 
7203 1503 746 1762 1994 
7204 1563 1677 352 2040 
7205 642 677 1514 1898 
7206 784 1490 1874 2052 
7207 768 878 182 816 
7208 1349 1729 1582 2008 
7209 182 709 768 816 
7210 558 513 149 673 
7211 577 588 575 1652 
7212 1457 1696 1318 1982 
7213 1832 1862 1404 2000 
7214 337 348 349 1858 
7215 1369 1763 2012 2049 
7216 698 684 567 1510 
7217 1322 1852 1537 1928 
7218 662 654 652 1910 
7219 621 1853 1485 1966 
7220 1371 1458 1577 1719 
7221 826 935 934 2058 
7222 147 681 444 552 
7223 1423 1804 1699 1875 
7224 1732 1747 1415 1989 
7225 1372 1647 1558 2032 
7226 1376 1720 1556 1988 
7227 1388 1893 1535 1944 
7228 1374 1451 1710 2008 
7229 1526 1893 1337 1944 
7230 789 180 895 813 
7231 878 895 705 181 
7232 462 464 516 1607 
7233 1466 1639 1385 1965 
7234 575 72 576 577 
7235 887 924 1476 2022 
7236 373 1584 374 1947 
7237 1326 1574 1719 1930 
7238 465 522 466 1770 
7239 895 705 180 789 
7240 466 514 1738 1770 
7241 730 1596 733 1742 
7242 911 127 812 512 
7243 807 778 1669 1723 
7244 709 183 765 908 
7245 1359 1526 1535 1893 
7246 513 558 149 447 
7247 127 529 812 512 
7248 81 1683 1504 1798 
7249 681 511 147 444 
7250 1380 1990 1617 1999 
7251 1372 1739 1647 1838 
7252 467 509 516 1507 
7253 1342 1553 2002 2033 
7254 1451 1374 1710 2005 
7255 483 493 496 1689 
7256 500 540 1557 1942 
7257 1339 1471 1735 1857 
7258 772 789 813 179 
7259 676 1948 1811 1958 
7260 181 705 878 768 
7261 624 1747 1646 2015 
7262 645 708 156 777 
7263 1379 1726 1689 2027 
7264 411 332 428 1787 
7265 1325 1566 2014 2020 
7266 813 915 772 179 
7267 84 1524 1523 1898 
7268 1493 1950 1991 2019 
7269 441 1485 394 1821 
7270 855 1645 240 2059 
7271 1132 858 860 861 
7272 1328 1758 235 1771 
7273 449 1615 818 1992 
7274 1419 1860 1454 1933 
7275 386 373 383 1947 
7276 640 1582 701 1741 
7277 517 1916 1456 2053 
7278 1321 1601 1445 1970 
7279 399 406 1587 2040 
7280 574 575 573 1780 
7281 604 1646 1747 1974 
7282 1758 1929 1560 1981 
7283 654 602 553 1910 
7284 1367 1566 1583 1750 
7285 1849 2006 1582 2008 
7286 459 447 1553 1998 
7287 629 444 146 517 
7288 971 1649 977 1733 
7289 1300 1759 1454 1827 
7290 1361 1431 1864 2021 
7291 1358 1724 1600 1848 
7292 1032 1060 1000 1597 
7293 1421 1696 1470 1983 
7294 83 1720 1524 1898 
7295 1419 1781 1524 1898 
7296 777 1490 784 2052 
7297 1383 1704 1482 2047 
7298 1309 1681 1730 1777 
7299 1012 1589 1011 1733 
7300 862 865 945 1516 
7301 547 518 442 1620 
7302 1384 1592 1488 1737 
7303 1390 1498 1715 1742 
7304 708 560 568 1745 
7305 1795 1951 1420 2029 
7306 1325 1583 1566 1750 
7307 1422 1498 1778 1803 
7308 717 566 1485 1966 
7309 679 558 682 1553 
7310 1367 1615 1750 1761 
7311 500 521 540 1942 
7312 272 1608 1235 1789 
7313 1383 1473 1857 1899 
7314 1347 1493 1981 2019 
7315 763 708 568 1745 
7316 1483 1650 2048 2056 
7317 367 1815 1533 1817 
7318 1426 1881 1841 1923 
7319 1538 1864 1545 2013 
7320 1312 1670 1547 1773 
7321 1353 1704 1482 1808 
7322 953 1628 1065 1870 
7323 1144 1565 1169 1892 
7324 466 464 465 1483 
7325 464 465 1483 2003 
7326 519 408 340 1869 
7327 1743 1860 1428 1933 
7328 1515 1675 1316 1875 
7329 1349 1602 1640 1729 
7330 557 100 338 656 
7331 718 603 161 707 
7332 1581 1936 1751 2046 
7333 738 729 769 1580 
7334 381 400 413 1588 
7335 507 504 503 2044 
7336 1073 1087 969 1638 
7337 338 557 656 2051 
7338 239 1126 240 1627 
7339 755 784 1490 1874 
7340 1321 1461 1713 1970 
7341 1040 965 902 1698 
7342 1316 1675 1515 1899 
7343 384 375 370 1568 
7344 1368 1921 1502 1963 
7345 1659 1718 1395 1999 
7346 499 1510 550 1749 
7347 414 415 399 1674 
7348 727 726 724 1778 
7349 947 951 906 1666 
7350 1014 1836 1744 2031 
7351 1554 1320 1690 2021 
7352 1534 1603 1322 2048 
7353 1522 2025 1649 2061 
7354 1383 1868 1532 1900 
7355 1894 2026 1562 2039 
7356 1394 1792 1706 1965 
7357 1710 1883 1849 2008 
7358 755 777 708 1745 
7359 178 915 772 706 
7360 892 883 924 1774 
7361 1231 262 1170 1703 
7362 1311 1595 1565 2010 
7363 494 1689 496 2027 
7364 442 1086 521 1620 
7365 1494 1617 1344 1776 
7366 1431 1361 2018 2021 
7367 1376 1683 1472 1720 
7368 1339 1590 1767 1859 
7369 35 1657 1896 2004 
7370 910 814 943 1597 
7371 144 651 562 448 
7372 1362 1779 1464 1951 
7373 621 700 1853 1966 
7374 516 462 1607 1810 
7375 1434 1708 1395 1787 
7376 1388 1651 1504 1944 
7377 621 672 566 1485 
7378 1537 1650 1322 1770 
7379 1306 1513 1709 2032 
7380 1452 1374 1825 2005 
7381 501 530 446 1549 
7382 599 653 665 1461 
7383 791 790 706 1752 
7384 1035 968 1072 1885 
7385 394 1485 346 1959 
7386 981 1823 1431 2018 
7387 1389 1632 1556 1663 
7388 1170 1635 1231 1703 
7389 902 965 823 1698 
7390 883 881 884 1774 
7391 1532 1868 1636 1900 
7392 1335 1624 1490 1990 
7393 1323 1509 1647 1828 
7394 1062 1725 989 1823 
7395 1518 1804 1699 1901 
7396 1478 1700 1400 1924 
7397 1496 1831 1385 1950 
7398 1604 1606 1450 2058 
7399 371 1533 362 1932 
7400 1841 1881 1366 1923 
7401 646 1858 1444 1949 
7402 395 913 114 339 
7403 493 483 484 1722 
7404 1401 1581 1751 2046 
7405 1516 1918 1621 1987 
7406 1428 1315 1792 1933 
7407 1358 1888 1771 1931 
7408 717 1485 764 1966 
7409 354 1677 355 1863 
7410 458 459 447 1553 
7411 646 565 1949 2044 
7412 1469 1739 1300 1827 
7413 1504 1766 1651 1878 
7414 1140 252 236 1820 
7415 1449 1022 1788 1850 
7416 232 1464 231 1779 
7417 1356 1871 1471 2007 
7418 1426 1841 1614 1923 
7419 771 1686 1910 1939 
7420 1176 244 1145 1734 
7421 1354 1759 1577 1860 
7422 755 784 777 1490 
7423 1080 1014 1077 1836 
7424 1834 2013 1864 2018 
7425 600 693 567 2002 
7426 75 1448 76 1712 
7427 1318 1696 1457 1915 
7428 346 1485 441 2041 
7429 811 1485 717 2041 
7430 253 863 1129 237 
7431 656 407 338 2051 
7432 1339 1463 1859 1865 
7433 1483 1387 1738 1856 
7434 1617 1847 1313 1889 
7435 810 710 1623 1669 
7436 656 100 338 407 
7437 466 1738 1483 1770 
7438 691 564 992 2015 
7439 452 340 422 1869 
7440 1374 1729 1451 2008 
7441 8 1651 1665 2024 
7442 695 1030 564 1623 
7443 407 656 99 335 
7444 1569 1356 1871 1977 
7445 1356 1529 1668 1728 
7446 1696 1887 1318 1982 
7447 1346 1378 1731 1897 
7448 1380 1494 1990 1999 
7449 1373 1603 1740 1751 
7450 1686 1812 1530 1939 
7451 1564 1682 1350 1731 
7452 681 552 678 1916 
7453 1632 1428 1860 1933 
7454 357 406 354 1587 
7455 1069 1623 967 1669 
7456 1339 1676 1463 1865 
7457 716 809 770 1572 
7458 976 970 1059 1636 
7459 671 695 564 1623 
7460 1338 1555 1681 2036 
7461 1323 1558 1647 2032 
7462 1223 1446 1215 1842 
7463 417 1621 416 1918 
7464 1517 1951 1851 2034 
7465 762 1752 1604 2058 
7466 757 758 1503 1972 
7467 1564 1574 1326 1682 
7468 413 1588 400 1813 
7469 1369 1975 1763 2049 
7470 1486 1338 1766 2036 
7471 1626 1816 1399 1886 
7472 638 639 640 1611 
7473 750 749 735 1755 
7474 1405 1812 1530 1941 
7475 1385 1639 1466 1950 
7476 1544 1637 1468 1955 
7477 988 616 1599 1993 
7478 1304 1479 1862 1938 
7479 1356 1471 1660 2007 
7480 653 587 1542 1920 
7481 1176 1350 1163 1734 
7482 1052 986 1013 1506 
7483 617 581 666 2055 
7484 1327 1600 1848 1862 
7485 665 599 1461 1801 
7486 1638 1723 801 1879 
7487 1371 1577 1458 1759 
7488 372 1584 373 1815 
7489 590 1542 592 1940 
7490 395 400 347 1813 
7491 441 1485 1821 2041 
7492 1511 1748 1476 1774 
7493 757 747 758 1972 
7494 502 530 501 2042 
7495 621 1485 566 1966 
7496 1139 229 28 1662 
7497 1062 1823 989 2037 
7498 1653 1858 1489 2001 
7499 1342 1501 1749 2033 
7500 1389 1663 1757 1784 
7501 399 415 406 2040 
7502 764 1485 1718 1966 
7503 1534 1322 1670 1962 
7504 953 1065 1047 1870 
7505 1329 1640 1602 1729 
7506 1030 1069 1026 1623 
7507 738 1874 1580 2052 
7508 1470 1701 1421 1983 
7509 1376 1504 1683 1798 
7510 1383 1482 1808 1868 
7511 568 763 1745 1966 
7512 1353 1482 1704 1723 
7513 915 178 820 706 
7514 756 754 798 1659 
7515 1451 1710 1877 2005 
7516 236 1724 1820 1981 
7517 1369 1597 1763 1975 
7518 859 1496 860 1912 
7519 679 150 558 447 
7520 1606 1888 1492 2045 
7521 1147 1433 1851 2034 
7522 1150 1929 1758 1981 
7523 1582 1741 1349 2008 
7524 1502 244 1956 1963 
7525 769 738 1580 2052 
7526 665 653 589 1673 
7527 38 1657 1574 1658 
7528 1336 1715 1498 1742 
7529 232 1851 1464 1951 
7530 944 1909 872 1987 
7531 1208 1211 1613 1693 
7532 940 1581 939 1645 
7533 1736 1965 1394 1995 
7534 1718 1772 1485 2041 
7535 1473 1857 1590 1913 
7536 1371 1719 1577 1915 
7537 811 1772 1718 2041 
7538 1491 1878 1470 1983 
7539 378 403 350 1653 
7540 515 1770 1537 2038 
7541 783 749 1755 1794 
7542 1368 1502 1956 1963 
7543 1162 272 1238 1979 
7544 144 651 448 503 
7545 1471 1735 1515 1906 
7546 725 735 1642 1803 
7547 237 1991 1950 2019 
7548 1361 1834 1864 2018 
7549 1447 1761 1557 1902 
7550 1319 1866 1626 2063 
7551 1453 1609 1599 1973 
7552 1446 1317 1605 1896 
7553 1002 1431 1764 2013 
7554 1595 1731 1378 1897 
7555 378 1563 352 2040 
7556 1554 1690 1368 1823 
7557 1521 1958 1618 1984 
7558 1569 1816 1782 1977 
7559 1418 1878 1571 2055 
7560 1322 1650 1852 2056 
7561 35 1657 1541 1896 
7562 1691 1953 1455 2060 
7563 1766 2024 1418 2036 
7564 952 336 402 1667 
7565 1209 1520 1703 1842 
7566 1052 1506 1013 1964 
7567 1534 1558 1322 1962 
7568 1003 1072 1620 1885 
7569 1536 1684 1435 1755 
7570 1392 1311 1845 2010 
7571 1772 1821 1485 2041 
7572 758 746 757 1503 
7573 1510 1749 1671 1867 
7574 1629 1670 1397 1962 
7575 1619 1730 1360 1786 
7576 1437 2012 1763 2049 
7577 615 694 1599 1819 
7578 691 1024 559 1619 
7579 1379 1467 1876 2027 
7580 325 579 65 580 
7581 1369 1529 1975 2049 
7582 669 589 660 1673 
7583 1540 1644 1370 1927 
7584 10 1523 1527 1948 
7585 1397 1670 1629 1773 
7586 1216 262 1209 1703 
7587 1532 1636 1360 1890 
7588 231 1135 232 1685 
7589 1069 1623 1669 1809 
7590 1305 1518 1699 1901 
7591 1601 1709 1345 1838 
7592 390 431 1726 1905 
7593 430 390 410 1552 
7594 561 644 1858 2001 
7595 1237 1378 1236 1635 
7596 407 414 385 1528 
7597 854 1474 241 1645 
7598 1460 1921 1502 2014 
7599 1483 1738 1507 1856 
7600 454 550 499 1510 
7601 1687 1755 1357 1794 
7602 1343 1714 1480 1806 
7603 477 473 472 1648 
7604 511 1837 525 1916 
7605 1446 1605 1541 1896 
7606 238 237 1129 1516 
7607 764 1718 1960 1966 
7608 711 780 411 1633 
7609 1387 1856 1483 2048 
7610 1329 1729 1602 1923 
7611 1364 1866 1570 2062 
7612 885 884 881 1511 
7613 691 992 1024 1619 
7614 611 1609 608 1786 
7615 1218 1215 1213 1560 
7616 939 1645 1581 1717 
7617 1311 1610 1466 1995 
7618 1469 1768 1828 2017 
7619 530 1722 484 1839 
7620 1233 269 261 2004 
7621 592 1542 587 1920 
7622 1352 1806 1613 1985 
7623 952 1667 402 1909 
7624 1385 1562 1736 1965 
7625 1018 1005 1006 1723 
7626 1661 1956 1368 1975 
7627 719 1762 1646 1974 
7628 1218 1223 1215 1842 
7629 521 968 453 1695 
7630 1013 1506 986 2031 
7631 1341 1639 1465 1831 
7632 1380 1853 1745 1966 
7633 671 1623 564 2015 
7634 952 817 336 1667 
7635 1414 1621 1516 1918 
7636 1401 1692 1627 1912 
7637 1322 1770 1650 2048 
7638 621 566 700 1966 
7639 405 404 412 1573 
7640 1500 1710 1451 2008 
7641 377 1616 387 1876 
7642 1466 1543 1706 1995 
7643 800 781 760 1638 
7644 1703 1842 1347 2009 
7645 1569 1782 1356 1977 
7646 1604 1752 1606 2058 
7647 1308 1894 1562 1965 
7648 631 1521 1958 2053 
7649 447 679 150 458 
7650 634 637 636 1679 
7651 1367 1666 1474 1992 
7652 1318 1982 1440 2035 
7653 9 328 75 1672 
7654 1337 1500 1556 1884 
7655 577 675 588 1472 
7656 822 942 914 1549 
7657 625 1619 1786 2015 
7658 205 20 209 2025 
7659 1637 1902 1377 1976 
7660 1355 1576 1906 2036 
7661 1367 1583 1566 1727 
7662 587 592 590 1542 
7663 607 608 1747 1786 
7664 1361 1864 1431 2018 
7665 1538 1885 1015 2013 
7666 82 77 1525 1798 
7667 1464 1804 1362 1901 
7668 394 1821 1485 1959 
7669 1226 1227 1153 1570 
7670 417 405 1621 1934 
7671 964 1075 1084 1870 
7672 827 902 903 1698 
7673 1323 1768 1509 1828 
7674 477 1839 1648 2046 
7675 790 1604 762 1752 
7676 1650 1902 1377 2003 
7677 1447 1750 1367 1852 
7678 1382 1673 1713 1840 
7679 1466 2010 1565 2019 
7680 1337 1683 1652 1884 
7681 1318 1746 1696 1915 
7682 739 745 740 1960 
7683 1332 1436 1826 2017 
7684 810 710 792 1623 
7685 1345 1647 1709 1937 
7686 785 769 1939 2052 
7687 1485 1821 1718 1847 
7688 1650 1761 1447 1902 
7689 1361 1594 2021 2061 
7690 1386 1461 1801 1970 
7691 1322 1612 1852 1962 
7692 752 1691 791 1790 
7693 1581 1401 1751 2059 
7694 1592 1404 1862 2000 
7695 1300 1739 1534 1799 
7696 947 1474 854 1645 
7697 1483 1650 1770 2048 
7698 38 1574 1657 2004 
7699 38 1682 1574 1846 
7700 1356 1529 1728 2049 
7701 1388 1665 1651 1766 
7702 231 1779 1511 1971 
7703 857 1126 858 1627 
7704 1521 631 1958 1984 
7705 235 1771 1758 1855 
7706 722 776 1530 1939 
7707 1546 1617 1313 1889 
7708 1303 1634 1481 1715 
7709 499 459 1553 1749 
7710 234 1855 1824 2034 
7711 1353 1705 1515 1808 
7712 1409 1939 1580 2052 
7713 604 1646 624 1747 
7714 829 1752 828 2058 
7715 1550 1775 1719 1977 
7716 1710 1844 1404 1877 
7717 1475 1358 1667 1931 
7718 640 701 688 1741 
7719 452 422 91 534 
7720 1473 1437 1857 2012 
7721 1311 1466 1610 2010 
7722 477 1648 481 1936 
7723 1039 1473 1913 1964 
7724 983 1522 1058 1850 
7725 634 659 637 2001 
7726 1330 1888 1606 2045 
7727 723 1922 1642 1972 
7728 1397 1670 1499 1852 
7729 385 1528 1760 2051 
7730 1751 1936 1648 2046 
7731 341 711 106 411 
7732 894 1000 1065 1628 
7733 1342 1510 1589 2002 
7734 727 729 728 1778 
7735 1726 1876 1379 1905 
7736 1344 1617 1494 1999 
7737 1143 1167 1547 1969 
7738 1305 1464 1531 1866 
7739 1062 1725 1823 2037 
7740 1437 2049 1554 2057 
7741 410 520 1552 1726 
7742 1318 1577 1915 2035 
7743 1451 1710 1500 1877 
7744 1496 1414 1831 2054 
7745 23 1532 970 1900 
7746 1353 1808 1515 1899 
7747 1647 1838 1440 1982 
7748 1451 1907 1602 1923 
7749 232 1158 231 1464 
7750 1646 1747 1375 2015 
7751 1325 1764 1538 2020 
7752 1025 1055 976 1636 
7753 1230 1682 38 1846 
7754 107 780 703 332 
7755 775 750 782 1536 
7756 8 331 11 1651 
7757 660 1712 583 1793 
7758 656 620 1528 2051 
7759 1661 1956 244 1963 
7760 407 335 414 1674 
7761 691 992 1619 2015 
7762 360 1630 358 1932 
7763 720 721 1762 1812 
7764 1377 1612 1976 2056 
7765 1553 1749 1501 2033 
7766 399 1587 357 1825 
7767 631 562 1521 2053 
7768 947 906 926 1474 
7769 382 418 1817 1934 
7770 1022 1850 1449 1993 
7771 77 327 1525 1986 
7772 725 1642 723 1922 
7773 983 1021 209 1850 
7774 1350 1978 1682 1979 
7775 1358 1667 1561 1817 
7776 1402 1598 1796 2033 
7777 939 947 1645 1717 
7778 349 350 337 1653 
7779 1444 1984 643 2044 
7780 1483 2048 1558 2056 
7781 608 611 610 1609 
7782 1322 1852 1612 2056 
7783 1419 1556 1720 1988 
7784 1530 1812 1686 1941 
7785 816 880 908 1687 
7786 1001 995 980 1548 
7787 829 830 820 1752 
7788 1433 1570 1866 2062 
7789 1335 1490 1874 1990 
7790 1526 1663 1337 1893 
7791 1579 1814 1393 2011 
7792 1485 1772 1718 1821 
7793 1388 1766 1651 1944 
7794 588 1741 1472 2050 
7795 940 1581 1645 2059 
7796 778 967 710 1669 
7797 490 526 527 1666 
7798 1362 1804 1634 1901 
7799 407 1528 385 2051 
7800 550 454 532 1510 
7801 941 911 940 1861 
7802 738 1805 1580 1874 
7803 1549 1688 1340 1912 
7804 1403 1476 1748 1774 
7805 1144 1169 1635 1892 
7806 1208 1613 1541 1693 
7807 1454 1827 1759 2035 
7808 1327 1533 1625 1848 
7809 783 709 765 1687 
7810 498 539 547 1468 
7811 1545 1864 1834 2013 
7812 701 1582 661 2006 
7813 232 1779 1685 1951 
7814 1564 1731 1505 1897 
7815 1340 1722 1462 2043 
7816 1762 1777 1503 1994 
7817 8 2024 1732 2055 
7818 1307 1543 1610 1843 
7819 1131 1795 233 1951 
7820 987 1015 1885 2013 
7821 605 1974 604 1989 
7822 1135 920 928 1685 
7823 210 1590 1641 1767 
7824 1486 1314 1721 1766 
7825 730 732 728 1742 
7826 1567 1872 1308 1894 
7827 670 699 1655 2006 
7828 1422 1803 1778 1922 
7829 125 446 822 914 
7830 367 362 371 1533 
7831 1706 1394 1965 1995 
7832 1236 1635 1392 1703 
7833 1409 1665 1539 1880 
7834 1353 1675 1506 1899 
7835 534 1869 422 1949 
7836 3 69 584 82 
7837 1333 1470 1591 2028 
7838 513 148 673 1837 
7839 1656 1896 1363 1930 
7840 335 401 415 1674 
7841 87 451 343 410 
7842 722 1812 1530 1922 
7843 920 885 881 1971 
7844 1534 1739 1372 1799 
7845 526 489 523 1761 
7846 1313 1849 1710 1883 
7847 1552 1726 1379 1905 
7848 1388 1797 1535 1893 
7849 1380 1718 1485 1966 
7850 684 601 567 1510 
7851 8 1880 1539 2024 
7852 1318 1830 1454 2035 
7853 1000 1063 1065 1628 
7854 1744 1836 1430 2031 
7855 465 475 522 1650 
7856 82 326 77 1798 
7857 1855 1904 1429 1919 
7858 722 1530 724 1922 
7859 1362 1779 1684 1804 
7860 1305 1816 1569 1925 
7861 1424 1711 1544 1807 
7862 242 1547 1167 1969 
7863 702 781 1087 1638 
7864 80 79 1504 1651 
7865 767 764 1960 1966 
7866 898 900 903 2014 
7867 702 778 807 1723 
7868 1482 1809 1636 2047 
7869 1475 1888 1358 1931 
7870 1776 1891 1408 1895 
7871 687 655 661 1674 
7872 941 1627 859 1912 
7873 205 206 21 1594 
7874 1533 371 1817 1934 
7875 742 737 733 2060 
7876 1236 1635 1378 1846 
7877 1438 1668 1350 1979 
7878 1524 1781 1419 1830 
7879 893 1870 924 2022 
7880 1300 1505 1759 1799 
7881 1516 1950 237 1991 
7882 620 661 656 1528 
7883 879 881 880 1971 
7884 1021 1061 1088 1767 
7885 1602 1632 1428 1907 
7886 492 528 1581 1936 
7887 1541 1656 1363 1985 
7888 731 738 739 1874 
7889 1344 1494 1659 1999 
7890 1329 1563 1997 2040 
7891 1730 1747 1415 1786 
7892 723 1642 734 1972 
7893 1491 1798 1525 1986 
7894 1428 1632 1829 1933 
7895 1022 1449 1023 1993 
7896 1539 1880 1665 2024 
7897 1500 1710 1404 1877 
7898 412 1573 404 1863 
7899 1636 1900 1383 2047 
7900 450 532 140 966 
7901 422 452 91 340 
7902 630 676 680 1958 
7903 1508 1738 1387 2064 
7904 479 480 485 1644 
7905 1080 1836 998 1926 
7906 1367 1474 1727 1992 
7907 1058 1788 1022 1850 
7908 1398 1812 1686 1974 
7909 1026 1025 1619 1809 
7910 1561 1406 1817 1909 
7911 1215 1560 1446 1613 
7912 1303 1481 1634 1957 
7913 1381 1585 1601 2016 
7914 1373 1751 1581 1936 
7915 1469 1323 1768 1856 
7916 1656 1886 1363 1985 
7917 398 116 334 917 
7918 1640 1783 1391 1814 
7919 786 1687 783 1755 
7920 1025 1027 1024 1819 
7921 1543 1610 1354 1995 
7922 332 409 436 1787 
7923 1338 1486 1903 2036 
7924 446 125 501 914 
7925 551 1835 536 1869 
7926 734 723 725 1642 
7927 1014 1744 1084 1882 
7928 492 528 529 1581 
7929 1551 2026 1894 2039 
7930 564 1030 992 2015 
7931 662 1539 628 1880 
7932 1341 1639 1831 1950 
7933 722 776 724 1530 
7934 646 643 565 2044 
7935 966 532 140 1042 
7936 888 1662 889 2022 
7937 731 1596 730 1805 
7938 1371 1759 1505 1799 
7939 1350 1731 1682 1978 
7940 1383 1900 1704 2047 
7941 1322 1558 2048 2056 
7942 1147 1952 1433 2034 
7943 1414 1688 1588 1813 
7944 236 1820 1136 1991 
7945 781 969 1087 1638 
7946 1498 1336 1742 1908 
7947 1561 1724 1406 1820 
7948 23 982 970 1532 
7949 449 508 526 1666 
7950 1080 1744 1836 1926 
7951 1012 1043 1064 1671 
7952 607 1747 624 2015 
7953 1053 1545 975 1834 
7954 1313 1617 1546 2000 
7955 570 1697 569 1745 
7956 1302 1775 1550 1977 
7957 1375 1762 1646 1994 
7958 1476 1403 1748 1914 
7959 612 610 611 1609 
7960 1581 1861 512 2046 
7961 979 981 21 2018 
7962 1163 1143 1167 1378 
7963 1631 1859 1320 2057 
7964 1601 1622 1345 1709 
7965 457 551 1949 2044 
7966 192 1037 792 710 
7967 1305 1364 1816 1866 
7968 335 656 99 655 
7969 1051 1044 1004 1671 
7970 1335 1874 1494 1990 
7971 529 921 128 812 
7972 1533 1848 1327 2030 
7973 711 423 105 793 
7974 934 829 828 2058 
7975 476 1761 489 1902 
7976 1367 1750 1447 1761 
7977 1468 1749 539 1867 
7978 991 1554 1049 2037 
7979 1373 1581 1751 2059 
7980 1634 1707 1518 1901 
7981 528 445 529 1717 
7982 1410 1449 1850 1993 
7983 445 921 128 529 
7984 853 875 873 1931 
7985 1360 1586 1730 1868 
7986 1560 1613 1328 1938 
7987 999 971 977 1733 
7988 1373 1740 1603 1928 
7989 339 913 114 821 
7990 1566 1615 1367 1992 
7991 1543 1706 1428 1907 
7992 611 615 613 1599 
7993 1570 1608 1364 1789 
7994 991 979 1049 1554 
7995 1652 1683 1472 1884 
7996 1736 1965 1562 2039 
7997 1387 1469 1754 2064 
7998 1209 1222 1216 1520 
7999 455 548 502 2042 
8000 1396 1566 1750 2020 
8001 682 601 1553 2002 
8002 951 947 921 1717 
8003 681 673 148 1837 
8004 979 1554 991 2037 
8005 513 511 148 1837 
8006 1363 1364 1657 2063 
8007 1506 1882 1013 1964 
8008 1032 814 1066 1725 
8009 995 1548 1001 1882 
8010 1402 1513 1911 1937 
8011 623 665 614 1801 
8012 914 1549 960 2042 
8013 1061 1850 1050 1993 
8014 1485 1821 1439 1959 
8015 1369 1662 1597 1975 
8016 1394 1743 1706 1792 
8017 626 559 615 1819 
8018 1495 1980 1754 2039 
8019 1013 1014 1882 2031 
8020 1349 1640 1602 1829 
8021 1357 1748 1675 1875 
8022 907 827 903 1785 
8023 940 1645 855 2059 
8024 1416 2006 1849 2008 
8025 1366 1614 1841 1923 
8026 620 661 1528 2006 
8027 1413 1811 1456 1916 
8028 759 1646 1762 1994 
8029 77 327 82 1525 
8030 1348 1827 1828 2017 
8031 752 741 737 1691 
8032 1419 1556 1632 1829 
8033 1604 1752 790 2060 
8034 1360 1599 1609 1973 
8035 1336 1498 1715 1908 
8036 756 766 1659 1961 
8037 618 101 393 2051 
8038 914 942 960 1549 
8039 1349 1472 1741 2050 
8040 719 759 1646 1762 
8041 1417 1714 1479 1945 
8042 1342 1589 1598 2002 
8043 894 814 1000 1597 
8044 1057 1051 1004 1867 
8045 653 592 587 1920 
8046 1323 1647 1509 1937 
8047 507 1521 448 2053 
8048 330 1524 84 1898 
8049 519 340 90 452 
8050 1401 1839 1549 1861 
8051 22 1039 1473 1913 
8052 731 1805 738 1874 
8053 892 819 949 1870 
8054 520 493 537 1552 
8055 1507 1738 1387 1856 
8056 1037 967 1069 1623 
8057 981 989 996 1823 
8058 1001 1548 980 1964 
8059 940 855 857 2059 
8060 35 269 1657 2004 
8061 1400 1668 1529 1956 
8062 730 731 766 1596 
8063 345 1858 646 1949 
8064 1581 1861 1401 2059 
8065 1320 2049 1631 2057 
8066 1706 1743 1428 1792 
8067 995 990 980 1548 
8068 1056 1058 999 1788 
8069 959 821 913 1813 
8070 1227 1234 1175 1181 
8071 1628 1662 1369 2022 
8072 1359 1714 1757 1945 
8073 403 690 337 1653 
8074 419 872 402 1909 
8075 65 579 582 580 
8076 1595 1892 1565 2010 
8077 1342 1749 1553 2033 
8078 937 913 113 395 
8079 1375 1777 1762 1994 
8080 1162 1238 1978 1979 
8081 515 1537 490 2038 
8082 238 237 1516 1950 
8083 8 1651 2024 2055 
8084 1644 1689 1370 1927 
8085 1454 1781 1419 1933 
8086 647 594 1680 1940 
8087 1383 1636 1868 1900 
8088 1631 1822 1463 1871 
8089 1418 1576 1721 2036 
8090 1363 1656 1541 1896 
8091 1225 1541 1657 2063 
8092 1134 886 887 245 
8093 1015 1764 1538 2013 
8094 1362 1517 1908 1951 
8095 482 1839 477 2046 
8096 83 1524 330 1898 
8097 1474 1373 1645 1717 
8098 1157 1144 1635 1892 
8099 377 1876 431 1905 
8100 1490 1745 1874 1990 
8101 1042 1031 1043 1510 
8102 531 1861 1839 2046 
8103 1343 1304 1806 1919 
8104 1691 1790 1407 2060 
8105 555 639 641 1917 
8106 1381 1700 1484 1822 
8107 38 1658 1574 1682 
8108 588 1472 675 2050 
8109 405 404 1573 1934 
8110 951 906 1666 1992 
8111 597 682 595 1796 
8112 663 1686 773 1974 
8113 1317 1458 1800 1845 
8114 771 748 1686 1939 
8115 377 364 387 1616 
8116 361 369 368 1760 
8117 1309 1730 1586 1868 
8118 1593 1953 1429 2029 
8119 162 603 718 671 
8120 1464 1851 1362 1951 
8121 1627 1692 1496 1912 
8122 1449 1788 1522 1850 
8123 1390 1742 1715 1895 
8124 722 723 1812 1922 
8125 1375 1646 1623 1994 
8126 412 355 365 1863 
8127 1582 1741 1416 2006 
8128 1181 1146 1570 1608 
8129 1542 1509 1937 1940 
8130 529 512 492 1581 
8131 360 358 362 1932 
8132 952 402 872 1909 
8133 1346 1682 1564 1731 
8134 569 1853 700 1966 
8135 631 1958 630 2053 
8136 446 530 531 1861 
8137 854 1138 855 1645 
8138 1613 1758 1328 1919 
8139 1470 1696 1491 1983 
8140 1745 1960 1874 1990 
8141 1623 1646 1375 2015 
8142 1316 1506 1675 1899 
8143 184 936 765 908 
8144 1686 1939 1530 1941 
8145 1308 1872 1562 1894 
8146 812 940 911 1581 
8147 1866 2062 1364 2063 
8148 694 1024 1028 1819 
8149 720 721 719 1762 
8150 1488 1848 1600 1862 
8151 1661 1725 1368 1963 
8152 659 634 1618 2001 
8153 1358 1724 1561 1771 
8154 1338 2024 1766 2036 
8155 458 499 459 1553 
8156 236 1724 1561 1820 
8157 575 657 573 1652 
8158 796 754 745 1718 
8159 1351 1637 1544 1976 
8160 633 659 634 1618 
8161 1478 1700 1629 2016 
8162 744 762 1604 2065 
8163 1429 1771 1492 1855 
8164 871 1667 1561 1931 
8165 1442 1998 1911 2033 
8166 1008 1075 995 1882 
8167 1416 1582 2006 2008 
8168 860 861 862 2054 
8169 1387 1483 1738 2048 
8170 758 747 801 1879 
8171 564 1623 1030 2015 
8172 661 701 687 1582 
8173 796 1718 811 1772 
8174 155 568 708 560 
8175 725 782 735 1803 
8176 915 820 830 1790 
8177 944 872 815 1987 
8178 1548 1870 1403 1882 
8179 1401 1751 1648 2046 
8180 77 1798 78 1986 
8181 898 902 823 1698 
8182 1478 1690 1320 2021 
8183 1347 1843 1610 2009 
8184 1575 1748 1316 1914 
8185 659 1618 633 2001 
8186 492 1581 512 2046 
8187 1321 1713 1601 1970 
8188 1237 1164 1238 1978 
8189 383 373 374 1947 
8190 1747 1974 1398 1989 
8191 1302 1484 1775 1977 
8192 943 1661 1597 1662 
8193 421 382 1667 1817 
8194 1054 1006 1046 1669 
8195 384 426 375 1821 
8196 1410 1767 1850 1865 
8197 679 684 151 458 
8198 1419 1632 1860 1933 
8199 1554 1763 1049 2037 
8200 1305 1782 1569 1816 
8201 1392 1845 2009 2010 
8202 746 721 757 1762 
8203 372 374 373 1584 
8204 1671 1749 1468 1867 
8205 77 1525 1798 1986 
8206 901 1502 899 1963 
8207 1522 1649 1445 2061 
8208 1076 1016 1081 1695 
8209 1497 1705 1353 1879 
8210 1495 1394 1736 2039 
8211 81 80 329 1683 
8212 806 1772 779 1787 
8213 430 410 343 1552 
8214 810 1669 1623 1994 
8215 1368 1725 1597 2037 
8216 1361 2021 1585 2061 
8217 1506 1704 1353 1899 
8218 778 799 807 1669 
8219 1613 1855 1758 1919 
8220 1395 1718 1821 1847 
8221 1334 1804 1684 1875 
8222 618 557 101 2051 
8223 1377 2032 1612 2056 
8224 1849 1883 1416 2008 
8225 1330 1606 1604 2045 
8226 1491 1470 1878 2028 
8227 940 812 939 1581 
8228 1407 1790 1691 2029 
8229 1065 1628 1009 1870 
8230 436 1708 428 1787 
8231 272 1658 38 1682 
8232 1312 1670 1629 2023 
8233 567 1510 601 2002 
8234 899 1963 1502 2014 
8235 1237 1230 1378 1978 
8236 237 1950 238 2019 
8237 1569 1699 1305 1925 
8238 733 737 732 1742 
8239 430 1552 343 1996 
8240 1222 1213 1214 1929 
8241 1481 1806 1304 1904 
8242 1718 1772 1395 1821 
8243 1352 1319 1806 1985 
8244 1385 1466 1565 1950 
8245 1170 1216 1156 1703 
8246 1379 1876 1726 2027 
8247 730 766 733 1596 
8248 1534 1505 1799 2023 
8249 979 1823 1554 2037 
8250 1418 1721 1766 2036 
8251 1544 1637 1377 1976 
8252 250 1142 234 833 
8253 406 352 354 2040 
8254 715 808 1968 2058 
8255 1708 1787 1434 1947 
8256 488 1810 525 1837 
8257 1355 1569 1701 1925 
8258 897 1460 1963 2014 
8259 1157 1144 1169 1635 
8260 681 148 511 1837 
8261 231 1685 1779 1971 
8262 1038 1834 205 2018 
8263 155 568 763 708 
8264 597 1598 598 2002 
8265 1372 1534 1799 2023 
8266 340 519 90 408 
8267 791 706 772 1790 
8268 987 984 1545 1765 
8269 862 863 865 1516 
8270 987 1885 1545 2013 
8271 1480 1886 1656 1985 
8272 356 354 355 1863 
8273 237 1148 1981 2019 
8274 332 779 108 409 
8275 1492 1771 235 1855 
8276 1600 1862 1479 1938 
8277 11 331 80 1780 
8278 1466 1706 1639 1965 
8279 1475 1946 1450 1967 
8280 1373 1740 1645 1751 
8281 1380 1847 1617 1889 
8282 893 1628 953 1870 
8283 1372 1702 1799 1838 
8284 1324 1980 1495 2039 
8285 258 851 1130 1727 
8286 663 773 160 1974 
8287 960 864 938 1688 
8288 780 107 411 332 
8289 962 1649 971 2025 
8290 1407 1604 1606 2045 
8291 1634 1804 1707 1901 
8292 1356 1660 1575 2007 
8293 752 772 789 1790 
8294 960 942 864 1912 
8295 1400 1690 1478 1924 
8296 642 584 677 1898 
8297 975 987 984 1545 
8298 219 1106 1107 1096 
8299 482 531 1839 2046 
8300 1660 1857 1437 2012 
8301 257 1138 854 1645 
8302 1631 2049 1437 2057 
8303 1319 1481 1806 1957 
8304 1433 2062 1866 2063 
8305 860 918 864 2054 
8306 1315 1781 1523 1826 
8307 1317 1800 1656 1843 
8308 915 923 813 1790 
8309 1718 1380 1960 1966 
8310 694 559 1024 1819 
8311 1617 1847 1380 1999 
8312 790 744 1604 2060 
8313 468 466 514 1738 
8314 1385 1831 1639 1950 
8315 135 535 453 997 
8316 1064 1011 1012 1589 
8317 754 806 798 1787 
8318 1387 1738 1519 2048 
8319 369 370 375 1568 
8320 1581 1717 1373 1936 
8321 421 367 382 1817 
8322 1439 1760 1528 2051 
8323 647 590 594 1940 
8324 1325 1921 1764 2020 
8325 985 1704 973 2047 
8326 6 627 572 574 
8327 664 628 7 667 
8328 87 451 410 520 
8329 908 891 936 1572 
8330 1472 1741 1652 1884 
8331 880 881 883 1774 
8332 1080 1744 1014 1836 
8333 608 606 607 1747 
8334 1554 1320 2021 2057 
8335 411 711 106 780 
8336 518 547 539 1867 
8337 1764 1921 1460 2020 
8338 739 1494 1874 1960 
8339 476 1902 487 1942 
8340 1383 1808 1704 1899 
8341 1001 1882 1548 1964 
8342 766 740 756 1659 
8343 1359 1757 1663 1945 
8344 1348 1781 1524 1830 
8345 527 1666 1717 2038 
8346 1629 1700 1381 2016 
8347 814 896 1066 1725 
8348 272 1239 1658 1789 
8349 1058 1082 1022 1788 
8350 371 362 404 1932 
8351 1405 1503 1705 1972 
8352 360 362 363 1625 
8353 924 819 892 1870 
8354 1412 1881 1677 2011 
8355 1429 1953 1593 2045 
8356 475 476 489 1902 
8357 1398 1747 1646 1974 
8358 474 497 487 1637 
8359 1414 1918 1516 2054 
8360 1316 1660 1914 2012 
8361 237 236 1136 1991 
8362 1366 1706 1543 1907 
8363 1133 1661 28 1956 
8364 1426 1614 1841 2030 
8365 1115 1107 225 1106 
8366 1089 212 1098 1090 
8367 1517 233 1951 2034 
8368 973 1900 972 2047 
8369 537 451 1552 1996 
8370 623 686 554 1449 
8371 1317 1446 1605 2009 
8372 1480 1343 1806 1985 
8373 631 630 562 2053 
8374 1338 1665 1766 2024 
8375 1360 1730 1636 1868 
8376 822 941 942 1861 
8377 638 1611 637 1917 
8378 1419 1781 1829 1933 
8379 987 1765 1545 1885 
8380 726 774 782 1803 
8381 482 477 531 2046 
8382 690 561 337 1653 
8383 964 949 819 1870 
8384 767 1960 1745 1966 
8385 579 62 578 580 
8386 1566 1367 1727 1992 
8387 445 527 1717 2038 
8388 210 1641 209 1767 
8389 1380 1485 1853 1966 
8390 1769 1783 1411 1826 
8391 1518 1305 1699 1925 
8392 646 348 692 1858 
8393 1155 1172 1219 1156 
8394 347 937 113 395 
8395 80 331 79 1651 
8396 359 357 358 1630 
8397 890 1133 961 1661 
8398 519 89 408 333 
8399 423 711 105 341 
8400 664 1539 662 1989 
8401 513 447 460 1998 
8402 1069 1669 1046 1809 
8403 1442 1796 1998 2033 
8404 390 430 381 1905 
8405 1763 1975 1597 2037 
8406 1065 1009 1047 1870 
8407 1491 1696 1470 2028 
8408 1397 1583 1773 1924 
8409 445 1717 528 2038 
8410 1715 1742 1336 1895 
8411 236 1981 1820 1991 
8412 386 383 1708 1947 
8413 489 476 491 1761 
8414 101 338 393 2051 
8415 387 351 376 1791 
8416 1053 1545 1834 2013 
8417 950 905 1566 1727 
8418 463 464 1607 2003 
8419 875 831 829 1606 
8420 1040 827 902 195 
8421 1392 1347 1703 1892 
8422 131 505 948 449 
8423 1423 1779 1464 1804 
8424 623 622 689 1801 
8425 1476 1748 1575 1914 
8426 1014 1008 1013 1882 
8427 1437 1859 1631 2057 
8428 404 1863 1573 1932 
8429 1423 1684 1804 1875 
8430 258 1130 242 1727 
8431 1165 1166 1143 1378 
8432 487 1902 1637 1942 
8433 628 662 664 1539 
8434 1165 1595 1378 1635 
8435 1704 1808 1353 1899 
8436 1099 1106 219 1096 
8437 366 1616 377 1905 
8438 1481 1756 1480 1957 
8439 1407 1606 1604 1752 
8440 1446 1560 1215 1842 
8441 639 1611 638 1917 
8442 680 1811 678 1916 
8443 1378 1682 1731 1978 
8444 403 690 96 337 
8445 269 1605 261 2004 
8446 894 1628 893 2022 
8447 1369 2012 1660 2049 
8448 1098 212 1089 1097 
8449 1113 1115 225 1106 
8450 894 1065 953 1628 
8451 1457 1838 1345 1982 
8452 883 892 891 1774 
8453 1131 232 1795 1951 
8454 1624 1697 1490 1990 
8455 1033 453 136 968 
8456 969 713 188 1034 
8457 1404 1546 1832 2000 
8458 1428 1792 1743 1933 
8459 1043 1671 1051 1867 
8460 1645 1751 1740 2059 
8461 936 1572 891 1926 
8462 778 1054 967 1669 
8463 1480 1806 1481 1957 
8464 660 589 583 1712 
8465 976 1059 1025 1636 
8466 1675 1748 1316 1875 
8467 1036 1638 969 2031 
8468 511 525 444 1916 
8469 1033 135 453 997 
8470 635 636 677 1679 
8471 963 1900 973 1913 
8472 714 162 718 671 
8473 1338 1903 1555 2036 
8474 1146 1160 1531 1608 
8475 679 682 601 1553 
8476 1349 1741 1472 1884 
8477 1356 1569 1871 2007 
8478 703 779 108 332 
8479 1618 1679 1411 1783 
8480 1391 1679 1618 1783 
8481 1037 192 967 710 
8482 1502 1921 1460 1963 
8483 1343 1541 1446 1613 
8484 1596 1776 1344 1895 
8485 1442 1911 1796 2033 
8486 858 1126 255 1627 
8487 1156 1216 1222 1520 
8488 95 337 692 348 
8489 1310 1886 1550 1930 
8490 184 936 716 765 
8491 1421 1746 1696 1983 
8492 1142 909 853 833 
8493 445 528 527 2038 
8494 1561 1667 871 1909 
8495 393 1959 618 2051 
8496 441 1821 1772 2041 
8497 1601 1622 1445 1970 
8498 594 595 1796 1940 
8499 776 785 769 1939 
8500 1508 1753 470 1927 
8501 1019 1003 1072 1620 
8502 469 467 468 1738 
8503 1345 1838 1647 1982 
8504 333 519 89 443 
8505 812 921 939 1717 
8506 1317 1843 1446 2009 
8507 427 1633 411 1947 
8508 1032 198 1066 814 
8509 377 366 364 1616 
8510 629 680 552 1916 
8511 229 28 1662 1728 
8512 462 463 464 1607 
8513 621 1485 1853 1959 
8514 1513 1911 1501 2033 
8515 1911 1998 1501 2033 
8516 399 357 359 1825 
8517 31 30 1208 1541 
8518 1707 1804 1518 1901 
8519 901 260 961 946 
8520 1085 1058 983 1522 
8521 1029 1890 1061 1993 
8522 550 539 1749 1867 
8523 57 64 69 65 
8524 60 62 71 63 
8525 428 383 411 1947 
8526 893 1628 1870 2022 
8527 762 761 1752 2058 
8528 1570 1952 1226 2062 
8529 807 801 702 1723 
8530 854 1128 257 241 
8531 1706 1743 1394 1995 
8532 486 1749 539 1955 
8533 451 520 537 1552 
8534 1326 1816 1550 1977 
8535 1309 1515 1735 1906 
8536 1402 1911 1513 2033 
8537 716 770 765 1572 
8538 741 788 775 1678 
8539 1358 1533 1815 1817 
8540 1527 1811 10 1948 
8541 68 4 9 590 
8542 951 508 130 449 
8543 1337 1652 1883 1884 
8544 1373 1751 1645 2059 
8545 255 1126 239 1627 
8546 1561 1817 1667 1909 
8547 1347 1703 1520 1842 
8548 1239 38 272 1658 
8549 1569 1699 1471 2007 
8550 77 1 76 1793 
8551 67 76 1 1793 
8552 1380 1889 1617 1990 
8553 259 933 1127 243 
8554 77 326 78 1798 
8555 167 1020 622 994 
8556 818 131 948 449 
8557 1670 1962 1629 2023 
8558 1362 1464 1779 1804 
8559 354 352 353 1677 
8560 983 1058 1022 1850 
8561 1025 1024 1619 1819 
8562 1373 1645 1581 2059 
8563 1471 1871 1569 2007 
8564 1521 1984 1835 2044 
8565 1652 1741 1416 1884 
8566 168 994 622 1023 
8567 1373 1936 1717 2038 
8568 1361 1545 1711 1864 
8569 1496 1831 1516 2054 
8570 1311 1654 1845 1995 
8571 368 414 399 1825 
8572 1368 1823 1690 1921 
8573 1355 1906 1555 2036 
8574 1616 1876 377 1905 
8575 391 392 420 1967 
8576 694 616 615 1599 
8577 1223 1605 1446 1842 
8578 345 348 646 1858 
8579 1013 1882 1506 2031 
8580 559 1619 1024 1819 
8581 1546 1408 1832 2000 
8582 1030 1068 1037 1623 
8583 241 1138 257 1645 
8584 1305 1699 1569 2007 
8585 976 1900 1636 2047 
8586 699 593 670 1655 
8587 1561 1667 1358 1931 
8588 454 151 684 458 
8589 257 855 854 1138 
8590 947 854 939 1645 
8591 663 160 556 1974 
8592 394 397 375 1821 
8593 609 608 610 1854 
8594 1006 1054 1018 1723 
8595 1169 1144 239 1565 
8596 1439 1853 1485 1959 
8597 1349 1741 1884 2008 
8598 978 990 1017 1763 
8599 244 1661 1133 1956 
8600 790 762 761 1752 
8601 1363 1886 1656 1930 
8602 759 810 1623 1994 
8603 1346 1378 1682 1731 
8604 1605 2004 1317 2009 
8605 1491 1887 1696 1986 
8606 98 335 655 401 
8607 1620 1765 1003 1885 
8608 1017 1049 1763 2037 
8609 95 337 561 692 
8610 1368 1597 1661 1975 
8611 824 1744 1041 1926 
8612 773 707 160 1974 
8613 1375 1619 1809 2015 
8614 1864 2013 1431 2018 
8615 1355 1486 1721 2036 
8616 1329 1640 1729 1997 
8617 422 1869 440 1949 
8618 1315 1829 1781 1933 
8619 883 891 880 1774 
8620 1341 1831 1516 1950 
8621 1309 1735 1515 1808 
8622 337 690 96 561 
8623 1517 1908 1951 2029 
8624 810 714 759 1623 
8625 1526 1935 1535 1944 
8626 1170 1216 262 267 
8627 751 770 800 1794 
8628 1328 1724 1600 1771 
8629 686 613 616 1599 
8630 1491 1878 1571 2028 
8631 1533 1358 1815 1848 
8632 1431 1690 1823 1921 
8633 579 65 64 325 
8634 962 205 1038 1834 
8635 1827 1830 1440 2035 
8636 595 592 1920 1940 
8637 890 1661 943 1662 
8638 1693 2062 1433 2063 
8639 965 1040 902 195 
8640 1158 232 1147 1851 
8641 1527 1826 1411 1948 
8642 1325 1750 1566 2020 
8643 778 967 191 710 
8644 1518 1707 1334 1804 
8645 1631 1660 1437 2049 
8646 537 484 502 1722 
8647 474 1637 487 1902 
8648 1218 1215 1560 1842 
8649 1669 1809 1623 1994 
8650 491 500 540 1557 
8651 962 1834 1649 2025 
8652 1581 1645 1373 1717 
8653 1584 1946 374 1947 
8654 1493 1466 1950 2019 
8655 1053 987 975 1545 
8656 1835 1984 1444 2044 
8657 1303 1891 1487 1903 
8658 817 874 954 1967 
8659 1500 1883 1710 2008 
8660 1529 1368 1956 1975 
8661 1020 622 563 167 
8662 1430 1744 1572 1836 
8663 1657 1658 1239 1789 
8664 748 773 771 1686 
8665 1026 1055 1025 1809 
8666 1343 1919 1613 1938 
8667 1372 1629 1962 2023 
8668 521 541 1620 1942 
8669 538 493 520 1726 
8670 1316 1660 1575 1914 
8671 672 102 346 1959 
8672 1069 967 1046 1669 
8673 1361 1834 1545 1864 
8674 1437 1641 1590 1859 
8675 1390 1891 1776 1895 
8676 1771 1888 1492 1931 
8677 1469 1828 1827 2017 
8678 1210 1211 1693 1824 
8679 783 751 749 1794 
8680 969 1036 1073 1638 
8681 333 443 88 1726 
8682 1516 1987 1621 1991 
8683 1354 1654 1743 1995 
8684 1147 1153 1570 1952 
8685 269 38 1657 2004 
8686 1362 1707 1634 1804 
8687 887 888 889 2022 
8688 338 407 385 2051 
8689 901 933 899 1502 
8690 1382 1696 1491 2028 
8691 744 797 762 2065 
8692 1420 1951 1908 2029 
8693 722 748 776 1939 
8694 240 1645 1740 2059 
8695 402 421 382 1667 
8696 388 387 1791 1876 
8697 372 373 363 1815 
8698 896 897 1725 1963 
8699 568 1745 569 1966 
8700 1416 1741 1582 2008 
8701 1691 1790 1420 2029 
8702 625 1619 626 1786 
8703 1646 1762 1398 1974 
8704 1326 1782 1816 1977 
8705 656 557 620 2051 
8706 35 269 1239 1657 
8707 399 406 357 1587 
8708 412 365 380 1643 
8709 1565 1950 1466 2019 
8710 1407 1752 1604 2060 
8711 498 486 539 1955 
8712 534 551 1869 1949 
8713 1407 1593 1953 2045 
8714 1382 1491 1696 1986 
8715 1212 1214 1149 1221 
8716 2 580 318 1793 
8717 879 880 816 1687 
8718 755 739 1874 1960 
8719 1223 261 31 1605 
8720 1524 1781 1523 1898 
8721 1311 1845 1654 1897 
8722 1359 1663 1526 1893 
8723 1441 1818 1614 1841 
8724 272 1162 1608 1979 
8725 1494 1380 1960 1999 
8726 1539 1941 1686 1989 
8727 1061 1021 1050 1850 
8728 617 1854 1571 2055 
8729 437 1726 431 1876 
8730 795 1836 809 1926 
8731 1361 2025 1594 2061 
8732 1305 1626 1816 1925 
8733 1314 1935 1526 1944 
8734 621 1853 619 1959 
8735 563 693 993 166 
8736 992 1026 1025 1619 
8737 236 1148 1929 1981 
8738 1131 233 232 1951 
8739 1053 2013 1834 2018 
8740 1759 1799 1371 2035 
8741 964 819 1047 1870 
8742 1390 1596 1742 1895 
8743 1568 1821 1439 1847 
8744 1654 1394 1743 1995 
8745 725 726 1803 1922 
8746 1417 1656 1800 1843 
8747 683 682 558 1796 
8748 1019 1003 1620 1765 
8749 889 894 893 2022 
8750 767 1745 763 1966 
8751 397 1959 393 2051 
8752 353 355 354 1677 
8753 1332 1826 1527 2017 
8754 680 678 552 1916 
8755 814 198 1066 896 
8756 1150 236 1929 1981 
8757 116 334 917 815 
8758 1053 1834 1038 2018 
8759 1035 987 1015 1885 
8760 205 2018 1834 2025 
8761 338 101 557 2051 
8762 1344 1694 1617 1999 
8763 1352 1855 1613 1919 
8764 1017 991 1049 2037 
8765 1383 1857 1735 1899 
8766 1523 1826 1527 1948 
8767 818 951 130 449 
8768 1357 1748 1511 1774 
8769 1233 268 1231 1703 
8770 68 586 587 583 
8771 988 170 1028 694 
8772 723 757 721 1972 
8773 1582 1729 1374 2008 
8774 760 1638 801 1879 
8775 632 633 634 1618 
8776 1346 1682 1378 1846 
8777 1310 1550 1719 1930 
8778 1391 1917 1653 2001 
8779 348 692 94 646 
8780 71 82 577 81 
8781 71 82 3 577 
8782 537 493 484 1722 
8783 863 1129 862 254 
8784 1328 1855 1771 1919 
8785 488 525 511 1837 
8786 1351 1885 1620 1942 
8787 382 1817 371 1934 
8788 1569 1356 1782 2007 
8789 618 102 672 1959 
8790 1310 1656 1886 1930 
8791 993 1011 1589 1954 
8792 1611 1640 1391 1997 
8793 916 1795 1685 1802 
8794 272 1682 1230 1978 
8795 1613 1352 1824 1855 
8796 1686 1941 1398 1989 
8797 498 1637 497 1955 
8798 685 593 699 1655 
8799 917 1918 865 1987 
8800 855 940 939 1645 
8801 1355 1721 1576 2036 
8802 783 786 709 1687 
8803 1447 1750 1557 1761 
8804 1003 1765 987 1885 
8805 560 570 569 1745 
8806 340 408 429 1869 
8807 1353 1723 1638 1879 
8808 1110 208 22 207 
8809 205 21 206 1093 
8810 1215 1208 1211 1613 
8811 1322 1499 1852 1928 
8812 755 1745 767 1960 
8813 1210 1824 1693 1952 
8814 950 1566 900 2014 
8815 1020 563 993 166 
8816 691 564 173 992 
8817 1369 1914 1660 2012 
8818 1150 1758 236 1981 
8819 1650 2003 1377 2056 
8820 1228 1789 1570 2062 
8821 272 1658 1608 1789 
8822 712 342 109 1772 
8823 504 536 551 1835 
8824 1621 1987 1406 1991 
8825 819 924 893 1870 
8826 1407 1953 1593 2029 
8827 568 560 569 1745 
8828 989 1062 1010 1725 
8829 1163 1978 1350 1979 
8830 944 1820 1909 1987 
8831 1176 1167 243 1734 
8832 1226 1228 1570 2062 
8833 232 231 1685 1779 
8834 639 638 637 1917 
8835 870 871 1561 1931 
8836 1375 1623 1809 1994 
8837 622 554 168 1023 
8838 187 795 998 1836 
8839 581 1571 668 1793 
8840 495 507 448 2053 
8841 752 737 791 1691 
8842 385 369 397 1760 
8843 35 1239 34 1657 
8844 780 1633 797 2065 
8845 208 1590 23 1913 
8846 449 523 505 1615 
8847 1401 1861 1581 2046 
8848 171 1024 1028 694 
8849 1425 1641 1594 2057 
8850 234 233 1141 1593 
8851 1019 1086 442 1620 
8852 265 1952 1693 2062 
8853 625 626 607 1786 
8854 1416 1655 1849 2006 
8855 1363 1886 1626 1985 
8856 1545 1765 1351 1885 
8857 900 950 905 1566 
8858 1533 1815 1625 1848 
8859 1479 1404 1862 1877 
8860 77 76 327 1986 
8861 551 457 504 2044 
8862 206 1049 979 1554 
8863 1336 1908 1517 2029 
8864 799 1669 810 1994 
8865 1011 999 1733 1954 
8866 1225 1657 1789 2062 
8867 244 1133 28 1956 
8868 604 624 607 1747 
8869 868 251 870 1140 
8870 865 917 945 1918 
8871 1303 1756 1481 1957 
8872 505 907 132 948 
8873 452 536 519 1869 
8874 659 1917 637 2001 
8875 790 742 744 2060 
8876 498 487 497 1637 
8877 1613 1824 1758 1855 
8878 1324 1562 2026 2039 
8879 990 1009 1063 1628 
8880 1619 1786 1360 1819 
8881 1326 1719 1550 1930 
8882 719 759 718 1646 
8883 1574 1846 1346 2004 
8884 527 515 490 2038 
8885 916 1685 882 1802 
8886 869 868 1561 1820 
8887 1545 1885 1538 2013 
8888 441 1772 342 2041 
8889 712 1772 811 2041 
8890 1074 1007 996 1764 
8891 1573 1841 1426 1863 
8892 1047 819 953 1870 
8893 1356 1660 1631 2049 
8894 1494 1776 1596 1805 
8895 670 620 699 2006 
8896 618 1959 619 2051 
8897 425 347 439 1996 
8898 505 523 510 1615 
8899 897 1963 899 2014 
8900 725 724 726 1922 
8901 1225 1657 2062 2063 
8902 453 521 136 968 
8903 969 713 781 188 
8904 429 388 376 1791 
8905 1745 1960 1380 1966 
8906 1319 1626 1901 1957 
8907 1169 240 1166 1595 
8908 1555 1903 1486 2036 
8909 1366 1907 1614 1923 
8910 624 604 603 1646 
8911 427 374 1946 1947 
8912 1036 969 1077 2031 
8913 333 88 410 1726 
8914 1651 1766 1665 2024 
8915 1009 995 1075 1870 
8916 1738 1770 1519 2048 
8917 83 82 327 1720 
8918 773 1686 720 1974 
8919 1382 1696 1887 1986 
8920 791 1691 737 2060 
8921 730 733 732 1742 
8922 998 1836 795 1926 
8923 1554 2021 1594 2057 
8924 818 1615 904 1992 
8925 561 1653 659 2001 
8926 1002 1007 1015 1764 
8927 1055 1046 1045 1809 
8928 717 763 154 1966 
8929 1372 1709 1647 2032 
8930 205 1594 2018 2025 
8931 393 346 102 1959 
8932 1165 1169 1595 1635 
8933 808 715 762 2058 
8934 1319 1626 1866 1901 
8935 118 419 872 402 
8936 1002 1764 1015 2013 
8937 811 717 794 2041 
8938 424 346 441 2041 
8939 1560 1842 1520 1929 
8940 948 904 818 1615 
8941 442 518 138 1019 
8942 409 109 342 1772 
8943 712 109 779 1772 
8944 682 597 601 2002 
8945 1066 197 1048 896 
8946 1301 1479 1877 1945 
8947 555 98 655 401 
8948 993 1011 1064 1589 
8949 819 893 953 1870 
8950 404 356 1863 1932 
8951 426 1772 441 1821 
8952 523 489 491 1761 
8953 390 431 410 1726 
8954 664 1732 1539 1989 
8955 1305 1518 1901 1925 
8956 1222 1209 1218 1520 
8957 1594 1361 2018 2025 
8958 1568 1694 1395 1847 
8959 561 659 644 2001 
8960 520 88 443 1726 
8961 1319 1901 1634 1957 
8962 367 421 372 1815 
8963 1238 272 1230 1978 
8964 417 416 398 1918 
8965 94 345 348 646 
8966 549 540 453 1695 
8967 119 402 952 336 
8968 1372 1962 1534 2023 
8969 383 427 411 1947 
8970 1494 1960 1380 1990 
8971 382 367 371 1817 
8972 644 643 1858 1984 
8973 1305 1464 1866 1901 
8974 396 360 363 1625 
8975 694 171 1024 559 
8976 129 951 921 445 
8977 942 941 859 1912 
8978 792 802 714 1623 
8979 1454 1830 1827 2035 
8980 1416 1883 1652 1884 
8981 1614 1818 1366 1841 
8982 951 818 906 1992 
8983 1523 1411 1826 1948 
8984 1535 1893 1526 1944 
8985 1483 1770 1738 2048 
8986 438 1633 427 1946 
8987 196 823 902 965 
8988 559 172 1024 691 
8989 271 1159 1234 1608 
8990 1225 35 34 1657 
8991 947 926 854 1474 
8992 896 1725 910 1963 
8993 1401 1839 1861 2046 
8994 187 998 1034 1836 
8995 1363 1657 1574 1896 
8996 70 84 5 650 
8997 927 1131 248 1795 
8998 898 903 902 1698 
8999 928 1685 916 1795 
9000 236 237 1981 1991 
9001 1446 1842 1605 2009 
9002 1395 1821 1568 1847 
9003 594 595 683 1796 
9004 823 196 1048 965 
9005 1594 2018 1361 2021 
9006 1305 1901 1626 1925 
9007 1317 1610 1843 2009 
9008 957 1070 827 1785 
9009 1164 1378 1163 1978 
9010 815 117 334 419 
9011 1721 1766 1314 1878 
9012 1214 1213 1150 1929 
9013 597 596 598 1598 
9014 604 1747 606 1989 
9015 1530 1812 1405 1922 
9016 1376 1525 1720 1988 
9017 556 160 707 1974 
9018 1143 242 1167 1969 
9019 986 985 1005 1704 
9020 456 907 132 505 
9021 402 872 118 952 
9022 951 129 508 445 
9023 559 626 625 1619 
9024 581 617 668 1571 
9025 1312 1629 1702 2023 
9026 533 548 455 1996 
9027 390 377 431 1905 
9028 1418 2024 1651 2055 
9029 38 1239 269 1657 
9030 1460 2014 1698 2020 
9031 241 1166 240 1740 
9032 1694 1847 1617 1999 
9033 1375 1809 1623 2015 
9034 409 779 109 1772 
9035 985 986 973 1704 
9036 165 1031 693 993 
9037 923 915 830 1790 
9038 896 197 1048 823 
9039 1018 190 702 778 
9040 717 154 566 1966 
9041 1011 1733 1589 1954 
9042 1154 1565 1892 2019 
9043 1317 1845 1610 2009 
9044 1647 1709 1372 1838 
9045 1834 2018 1361 2025 
9046 817 119 952 336 
9047 35 1605 269 2004 
9048 1012 1011 977 1733 
9049 348 389 349 1858 
9050 810 799 710 1669 
9051 1225 1226 265 2062 
9052 1080 998 1041 1926 
9053 1305 1816 1626 1866 
9054 1416 1884 1741 2008 
9055 693 567 1031 165 
9056 1343 1806 1613 1919 
9057 763 767 708 1745 
9058 1227 1181 1153 1570 
9059 1364 1658 1657 1789 
9060 647 594 649 1680 
9061 1001 1013 1882 1964 
9062 1079 1053 1038 2018 
9063 857 859 941 1627 
9064 77 78 1793 1986 
9065 1053 987 1545 2013 
9066 494 546 536 2027 
9067 332 436 428 1787 
9068 509 469 478 1716 
9069 806 779 703 1787 
9070 875 829 934 1606 
9071 1641 1767 1590 1859 
9072 1648 1936 477 2046 
9073 972 1900 976 2047 
9074 617 609 1854 2055 
9075 1426 1932 1630 2030 
9076 1145 1163 1176 1979 
9077 1542 1920 592 1940 
9078 1718 1960 1380 1999 
9079 1080 1041 1744 1926 
9080 1011 1056 999 1954 
9081 1505 1731 1365 1897 
9082 205 1834 962 2025 
9083 600 597 598 2002 
9084 1328 1758 1560 1981 
9085 769 784 738 2052 
9086 1170 1216 267 263 
9087 1392 1703 1635 1892 
9088 1577 1759 1371 2035 
9089 1352 1904 1855 1919 
9090 1230 1846 1378 1978 
9091 664 606 1732 1989 
9092 762 790 744 1604 
9093 1237 1164 1378 1635 
9094 520 410 88 1726 
9095 1390 1715 1891 1895 
9096 1319 1626 1957 1985 
9097 780 798 703 1787 
9098 713 795 187 1836 
9099 265 1226 1952 2062 
9100 1653 1917 641 2001 
9101 987 1003 984 1765 
9102 691 172 1024 992 
9103 1392 2009 1347 2010 
9104 499 486 459 1749 
9105 1596 1776 1390 1805 
9106 177 820 706 1752 
9107 1 2 318 1793 
9108 896 910 897 1963 
9109 1594 2025 1425 2061 
9110 1177 33 32 1217 
9111 604 605 556 1974 
9112 1157 1635 1170 1703 
9113 1359 1832 1714 1945 
9114 1304 1904 1806 1919 
9115 618 393 102 1959 
9116 653 599 596 1920 
9117 644 659 633 2001 
9118 422 340 440 1869 
9119 707 720 719 1974 
9120 772 752 791 1790 
9121 1372 1558 1962 2032 
9122 935 344 1967 1968 
9123 177 761 828 1752 
9124 722 723 721 1812 
9125 659 1653 641 2001 
9126 1150 1213 1212 1758 
9127 571 570 572 1697 
9128 890 29 1133 1661 
9129 379 380 365 1643 
9130 785 1910 704 2052 
9131 1154 1565 1144 1892 
9132 691 1619 625 2015 
9133 825 960 938 2042 
9134 1054 967 191 778 
9135 1164 1162 1238 1978 
9136 1351 1765 1620 1885 
9137 611 608 626 1786 
9138 966 1057 450 1867 
9139 1425 1767 1641 1859 
9140 1433 1952 1570 2062 
9141 801 781 702 1638 
9142 1039 1052 1078 1964 
9143 530 484 482 1839 
9144 964 1041 203 949 
9145 1057 450 139 966 
9146 1382 1840 1591 2028 
9147 177 706 761 1752 
9148 801 760 781 1638 
9149 1019 518 138 1057 
9150 177 828 820 1752 
9151 1220 1151 1210 1952 
9152 617 609 610 1854 
9153 764 1718 745 1960 
9154 1030 173 564 992 
9155 1613 1919 1328 1938 
9156 359 361 368 1825 
9157 1502 1963 1460 2014 
9158 427 383 374 1947 
9159 1398 1974 1686 1989 
9160 1407 1691 1953 2029 
9161 1333 1591 1840 2028 
9162 654 662 628 1880 
9163 1460 1698 1764 2020 
9164 1611 1917 1432 1997 
9165 428 436 384 1708 
9166 1213 1560 1211 1758 
9167 609 664 606 1732 
9168 786 783 749 1755 
9169 964 1084 1041 1744 
9170 1758 1855 1328 1919 
9171 1135 928 248 1685 
9172 952 871 817 1667 
9173 485 480 494 1644 
9174 602 654 627 1880 
9175 1739 1827 1469 1828 
9176 1218 1520 1209 1842 
9177 985 973 972 2047 
9178 734 725 735 1642 
9179 1441 1841 1614 2030 
9180 1079 2013 1053 2018 
9181 916 928 882 1685 
9182 514 522 515 1770 
9183 1165 1169 1166 1595 
9184 1380 1847 1718 1999 
9185 420 392 374 1946 
9186 1440 1739 1647 1828 
9187 534 551 452 1869 
9188 785 1939 1910 2052 
9189 979 991 1823 2037 
9190 586 590 68 587 
9191 453 540 521 1695 
9192 952 871 1667 1909 
9193 236 237 1148 1981 
9194 84 330 75 1672 
9195 725 1803 1642 1922 
9196 569 570 571 1697 
9197 824 203 1041 949 
9198 28 1133 29 1661 
9199 382 371 418 1934 
9200 187 1034 713 1836 
9201 1363 1896 1574 1930 
9202 345 389 348 1858 
9203 674 1741 588 2050 
9204 1382 1491 1986 2028 
9205 962 971 20 2025 
9206 963 23 1900 1913 
9207 784 1874 738 2052 
9208 1697 1889 1380 1990 
9209 1418 1766 1721 1878 
9210 1613 1693 1211 1824 
9211 1135 248 232 1685 
9212 864 959 938 1688 
9213 1612 2032 1558 2056 
9214 1574 1317 1896 2004 
9215 870 869 868 1561 
9216 428 1708 383 1947 
9217 1456 1958 1521 2053 
9218 677 658 70 1898 
9219 1480 1957 1626 1985 
9220 1404 1844 1592 1862 
9221 1571 1854 1418 2055 
9222 170 988 616 694 
9223 1319 1957 1806 1985 
9224 66 65 319 582 
9225 568 154 763 1966 
9226 1153 1226 1570 1952 
9227 821 115 339 1918 
9228 658 584 70 1898 
9229 405 371 404 1934 
9230 659 561 641 1653 
9231 1349 1884 1500 2008 
9232 889 888 890 1662 
9233 1629 1372 1702 2023 
9234 1040 827 1070 1785 
9235 427 1946 1633 1947 
9236 205 1594 21 2018 
9237 1390 1776 1596 1895 
9238 1179 1156 1520 1703 
9239 488 511 513 1837 
9240 518 450 1057 1867 
9241 341 427 438 1633 
9242 797 711 808 1633 
9243 669 614 665 1673 
9244 342 441 426 1772 
9245 796 811 712 1772 
9246 210 209 1021 1767 
9247 231 1146 230 1531 
9248 726 728 774 1778 
9249 625 691 559 1619 
9250 869 1561 871 1909 
9251 261 262 268 1703 
9252 1319 1433 1851 1866 
9253 1574 1658 1326 1682 
9254 202 964 819 1047 
9255 1573 1863 1426 1932 
9256 1012 1044 1051 1671 
9257 1309 1586 1735 1868 
9258 518 450 139 1057 
9259 905 1727 926 1992 
9260 1336 1691 1908 2029 
9261 1032 1066 1062 1725 
9262 897 901 899 1963 
9263 1610 2009 1845 2010 
9264 398 339 115 1918 
9265 890 943 889 1662 
9266 1105 1110 1108 218 
9267 217 1119 1094 1092 
9268 506 470 1753 1927 
9269 1710 1849 1374 2008 
9270 905 926 906 1992 
9271 1213 1211 1212 1758 
9272 1406 1909 1820 1987 
9273 376 388 387 1791 
9274 544 957 456 1785 
9275 521 541 442 1620 
9276 1626 1886 1480 1985 
9277 30 31 261 1605 
9278 1336 1953 1691 2029 
9279 419 815 117 872 
9280 696 565 545 1949 
9281 780 797 753 2065 
9282 1012 1051 1043 1671 
9283 568 566 154 1966 
9284 708 767 755 1745 
9285 688 701 670 2006 
9286 211 1091 1102 1093 
9287 1111 1122 226 1109 
9288 819 949 964 202 
9289 417 418 405 1934 
9290 640 687 701 1582 
9291 767 763 764 1966 
9292 80 574 11 1780 
9293 1684 1779 1423 1804 
9294 588 657 575 1652 
9295 1560 1613 1211 1758 
9296 517 444 524 1916 
9297 402 336 421 1667 
9298 1020 994 1056 1954 
9299 199 1032 1000 814 
9300 1143 1166 241 1969 
9301 232 1147 1851 2034 
9302 676 648 1811 1948 
9303 664 662 605 1989 
9304 1322 1603 1928 2048 
9305 383 428 386 1708 
9306 722 724 723 1922 
9307 955 204 1071 1926 
9308 1382 1887 1712 1986 
9309 492 477 1936 2046 
9310 1732 1854 609 2055 
9311 583 589 587 1712 
9312 869 870 871 1561 
9313 651 643 631 1984 
9314 994 1788 1056 1954 
9315 1302 1569 1871 1977 
9316 1364 1789 1657 2063 
9317 1515 1808 1735 1899 
9318 1483 2003 1650 2056 
9319 1440 1827 1739 1828 
9320 1642 1922 1405 1972 
9321 169 988 554 616 
9322 554 1023 988 169 
9323 851 933 259 950 
9324 966 1043 1051 1867 
9325 677 584 658 1898 
9326 394 393 397 1959 
9327 1233 268 261 269 
9328 1577 1371 1915 2035 
9329 1806 1957 1480 1985 
9330 646 644 643 1858 
9331 1561 1820 1406 1909 
9332 561 644 692 1858 
9333 557 618 619 2051 
9334 1337 1883 1500 1884 
9335 659 641 1917 2001 
9336 783 770 751 1794 
9337 1045 1006 985 2047 
9338 1479 1404 1877 1945 
9339 1003 1035 1072 1885 
9340 958 826 803 1968 
9341 476 487 500 1942 
9342 472 473 470 1753 
9343 615 559 694 1819 
9344 325 2 61 580 
9345 1024 992 1025 1619 
9346 605 604 606 1989 
9347 1072 1086 1019 1620 
9348 360 359 358 1630 
9349 261 1209 262 1703 
9350 1796 1911 1402 2033 
9351 1368 1823 1725 2037 
9352 989 1823 991 2037 
9353 1554 1823 1368 2037 
9354 1405 1705 1642 1972 
9355 1033 968 1076 1695 
9356 759 1762 746 1994 
9357 910 1661 961 1963 
9358 338 397 393 2051 
9359 1225 1657 34 1789 
9360 1553 1501 1998 2033 
9361 1574 1682 1346 1846 
9362 1162 1159 271 1608 
9363 72 11 574 6 
9364 1379 1876 1616 1905 
9365 795 809 716 1926 
9366 651 643 1984 2044 
9367 1686 1812 1398 1941 
9368 1632 1784 1389 1860 
9369 944 866 1820 1987 
9370 433 345 696 1949 
9371 678 649 681 1837 
9372 1754 1980 1551 2039 
9373 1239 34 1657 1789 
9374 432 344 958 1968 
9375 565 457 545 1949 
9376 1311 1845 1610 1995 
9377 963 972 973 1900 
9378 248 1685 928 1795 
9379 79 1651 8 2055 
9380 1391 1917 1611 1997 
9381 1589 1733 1386 1954 
9382 1305 1569 1782 2007 
9383 1060 991 1017 2037 
9384 1345 1709 1647 1838 
9385 756 798 753 1961 
9386 1368 1956 1661 1963 
9387 1083 965 1040 1698 
9388 767 764 745 1960 
9389 506 470 473 1753 
9390 771 1910 785 1939 
9391 970 976 972 1900 
9392 1086 137 521 968 
9393 781 189 1087 969 
9394 1364 2062 1789 2063 
9395 1718 1847 1395 1999 
9396 1599 1890 1410 1973 
9397 238 1565 1154 2019 
9398 11 72 574 80 
9399 755 738 784 1874 
9400 1027 1059 1029 1890 
9401 1333 1840 1571 2028 
9402 803 826 715 1968 
9403 1520 1703 1347 1892 
9404 248 232 1685 1795 
9405 1155 1222 1214 1929 
9406 748 720 773 1686 
9407 1435 1779 1685 1971 
9408 920 882 1685 1971 
9409 436 409 426 1772 
9410 779 806 796 1772 
9411 1608 1658 1364 1789 
9412 719 746 759 1762 
9413 963 973 1039 1913 
9414 385 397 338 2051 
9415 1735 1808 1383 1899 
9416 556 605 663 1974 
9417 79 331 8 1651 
9418 232 248 1131 1795 
9419 636 635 634 1679 
9420 388 377 387 1876 
9421 538 443 546 2027 
9422 1324 1551 1980 2039 
9423 1062 989 991 2037 
9424 1425 1767 1859 1865 
9425 1550 1886 1816 1930 
9426 1029 1061 1050 1993 
9427 910 896 814 1725 
9428 642 675 584 2050 
9429 710 799 778 1669 
9430 1319 1433 1866 2063 
9431 664 609 667 1732 
9432 492 477 481 1936 
9433 492 1936 1581 2046 
9434 907 456 957 1785 
9435 975 974 962 1834 
9436 1237 1378 1164 1978 
9437 1500 1884 1883 2008 
9438 522 514 466 1770 
9439 1697 1745 1490 1990 
9440 1648 1839 1401 2046 
9441 1231 1237 1236 1635 
9442 619 620 557 2051 
9443 1050 1022 1023 1993 
9444 1516 1831 1414 2054 
9445 1649 1834 1361 2025 
9446 1068 174 695 1030 
9447 1572 1836 1744 1926 
9448 1419 1829 1632 1933 
9449 707 773 720 1974 
9450 1420 1908 1691 2029 
9451 1083 1074 965 1698 
9452 787 775 788 1678 
9453 1789 2062 1657 2063 
9454 1554 1368 1975 2037 
9455 1452 1825 1630 2005 
9456 1001 1052 1013 1964 
9457 1122 1111 1124 1109 
9458 1119 1125 1094 1092 
9459 911 126 512 1861 
9460 1573 1841 1441 2030 
9461 538 1726 443 2027 
9462 1065 1000 894 200 
9463 83 330 84 1898 
9464 785 704 784 2052 
9465 624 671 564 2015 
9466 1558 1322 1962 2056 
9467 258 926 851 1727 
9468 1326 1550 1816 1930 
9469 235 236 1150 1758 
9470 859 860 864 1912 
9471 1053 975 1038 1834 
9472 1161 1608 1162 1979 
9473 595 592 596 1920 
9474 344 935 958 1968 
9475 1534 1962 1670 2023 
9476 1363 1816 1626 1886 
9477 1027 1029 1819 1890 
9478 1380 1745 1697 1990 
9479 955 804 936 1926 
9480 696 345 646 1949 
9481 268 262 1231 1703 
9482 1612 1962 1322 2056 
9483 1360 1890 1599 1973 
9484 936 891 824 1926 
9485 1193 1194 1195 839 
9486 241 257 854 1645 
9487 964 1047 1075 1870 
9488 190 1018 1054 778 
9489 238 1950 1565 2019 
9490 753 744 743 2065 
9491 1551 1980 1754 2064 
9492 894 953 893 1628 
9493 1065 1063 1009 1628 
9494 674 640 688 1741 
9495 1352 1613 1806 1919 
9496 1037 1069 1030 1623 
9497 478 524 509 1716 
9498 1407 1953 1691 2060 
9499 1181 1159 1146 1608 
9500 621 619 618 1959 
9501 667 1732 609 2055 
9502 61 581 578 580 
9503 658 70 650 677 
9504 337 350 403 1653 
9505 1426 1841 1573 2030 
9506 979 991 989 1823 
9507 341 411 427 1633 
9508 797 780 711 1633 
9509 1229 1164 1238 1237 
9510 238 239 1144 1565 
9511 482 531 530 1839 
9512 978 1049 207 1763 
9513 569 685 700 1853 
9514 895 813 916 1802 
9515 1553 1998 1796 2033 
9516 822 446 126 1861 
9517 537 548 451 1996 
9518 1378 1846 1682 1978 
9519 1452 1844 1710 2005 
9520 1426 1573 1932 2030 
9521 1368 1597 1975 2037 
9522 1425 1859 1641 2057 
9523 1409 1910 1939 2052 
9524 996 1007 1002 1764 
9525 635 650 676 1948 
9526 613 615 616 1599 
9527 568 569 700 1966 
9528 1693 1952 1824 2034 
9529 1360 1819 1599 1890 
9530 716 936 804 1926 
9531 754 756 740 1659 
9532 344 391 121 1967 
9533 1144 1154 238 1565 
9534 742 791 737 2060 
9535 66 67 583 582 
9536 822 126 911 1861 
9537 81 329 78 1798 
9538 944 1820 869 1909 
9539 1034 1080 1077 1836 
9540 753 743 1961 2065 
9541 1732 2024 1418 2055 
9542 673 681 649 1837 
9543 955 824 204 1926 
9544 755 739 738 1874 
9545 468 467 466 1738 
9546 810 792 714 1623 
9547 1324 2026 1551 2039 
9548 20 209 1120 205 
9549 1121 210 23 208 
9550 1163 1164 1143 1378 
9551 576 574 72 575 
9552 412 404 356 1863 
9553 1372 1799 1702 2023 
9554 1019 1004 1003 1765 
9555 229 1180 28 1728 
9556 977 1011 999 1733 
9557 607 624 625 2015 
9558 1347 2009 1610 2010 
9559 485 536 504 1835 
9560 414 335 415 1674 
9561 674 642 638 2050 
9562 339 413 395 1813 
9563 923 927 916 1795 
9564 1212 1210 1220 1824 
9565 935 344 121 1967 
9566 910 943 961 1661 
9567 439 430 343 1996 
9568 1028 1027 1029 1819 
9569 676 648 680 1811 
9570 796 764 811 1718 
9571 720 722 721 1812 
9572 1161 1160 1159 1608 
9573 446 512 126 1861 
9574 199 1000 894 814 
9575 607 626 608 1786 
9576 1176 243 244 1734 
9577 499 550 539 1749 
9578 729 731 730 1805 
9579 821 917 115 1918 
9580 1054 1046 967 1669 
9581 138 442 1019 1086 
9582 853 873 870 1931 
9583 516 488 462 1810 
9584 1163 1162 1978 1979 
9585 527 526 508 1666 
9586 444 525 524 1916 
9587 1158 1147 1153 1570 
9588 142 696 565 545 
9589 1883 1884 1416 2008 
9590 1563 1432 1997 2040 
9591 488 516 525 1810 
9592 1558 1962 1612 2056 
9593 398 115 917 1918 
9594 771 785 748 1939 
9595 1437 1641 1859 2057 
9596 943 814 894 1597 
9597 632 630 631 1958 
9598 1347 1892 1392 2010 
9599 899 950 900 2014 
9600 1551 1370 1894 2026 
9601 1076 1081 1033 1695 
9602 369 385 368 1760 
9603 1369 1548 1914 2012 
9604 565 457 1949 2044 
9605 747 757 734 1972 
9606 370 396 386 1833 
9607 1008 995 1001 1882 
9608 481 528 1936 2038 
9609 582 583 66 580 
9610 1230 1682 1846 1978 
9611 122 958 432 344 
9612 1061 1029 982 1890 
9613 1454 1860 1743 1933 
9614 1494 1874 1960 1990 
9615 755 767 739 1960 
9616 1394 1965 1736 2039 
9617 1179 1703 1520 1892 
9618 717 764 763 1966 
9619 1202 836 835 834 
9620 1305 1866 1626 1901 
9621 993 1020 1011 1954 
9622 517 145 629 2053 
9623 1418 1854 1732 2055 
9624 958 175 803 826 
9625 158 771 652 1910 
9626 702 190 1018 1087 
9627 939 921 947 1717 
9628 521 500 541 1942 
9629 826 715 1968 2058 
9630 749 750 786 1755 
9631 1758 1824 235 1855 
9632 704 158 553 1910 
9633 416 339 398 1918 
9634 428 384 386 1708 
9635 1533 1932 1573 2030 
9636 545 565 142 457 
9637 393 394 346 1959 
9638 894 953 1065 200 
9639 1554 1975 1763 2037 
9640 193 1068 792 1037 
9641 920 882 928 1685 
9642 1059 982 1029 1890 
9643 800 809 713 1836 
9644 1486 1766 1721 2036 
9645 442 137 521 1086 
9646 702 781 189 1087 
9647 1177 1224 1175 1153 
9648 476 474 487 1902 
9649 533 435 85 425 
9650 1165 1157 1169 1635 
9651 264 1226 1152 1952 
9652 1410 1890 1599 1993 
9653 859 857 858 1627 
9654 696 93 345 433 
9655 621 685 619 1853 
9656 957 133 544 456 
9657 550 450 539 1867 
9658 424 794 111 805 
9659 543 123 956 455 
9660 1651 1766 1418 1878 
9661 1745 1380 1960 1990 
9662 1754 1980 1387 2064 
9663 756 743 766 1961 
9664 954 121 391 1967 
9665 869 1820 1561 1909 
9666 674 588 675 2050 
9667 1612 1962 1558 2032 
9668 534 422 92 1949 
9669 175 715 803 826 
9670 805 153 697 717 
9671 1406 1987 1820 1991 
9672 1149 1150 1214 1212 
9673 431 437 333 1726 
9674 630 632 676 1958 
9675 185 936 955 804 
9676 671 695 802 163 
9677 256 257 1138 855 
9678 712 342 1772 2041 
9679 672 621 618 1959 
9680 648 650 5 1948 
9681 1574 1896 1657 2004 
9682 738 731 729 1805 
9683 818 904 905 1992 
9684 1570 1789 1364 2062 
9685 1212 1220 1173 1824 
9686 460 459 461 1998 
9687 1136 252 866 1820 
9688 567 698 1067 164 
9689 404 358 356 1932 
9690 592 595 594 1940 
9691 1383 1808 1735 1868 
9692 1610 1845 1311 2010 
9693 531 512 1861 2046 
9694 1001 1013 1008 1882 
9695 174 564 695 1030 
9696 1693 1952 1433 2062 
9697 423 104 793 1968 
9698 674 688 588 1741 
9699 1066 1010 1062 1725 
9700 1660 2012 1437 2049 
9701 1309 1735 1808 1868 
9702 158 652 553 1910 
9703 669 665 589 1673 
9704 648 676 650 1948 
9705 1179 1157 1170 1703 
9706 391 344 392 1967 
9707 1361 1649 2025 2061 
9708 870 873 871 1931 
9709 122 958 344 935 
9710 936 185 716 804 
9711 1155 1173 1149 1221 
9712 802 714 671 163 
9713 644 633 643 1984 
9714 481 515 528 2038 
9715 549 535 456 1785 
9716 935 874 934 1967 
9717 855 939 854 1645 
9718 23 970 963 1900 
9719 954 935 121 1967 
9720 1170 1168 1231 1635 
9721 158 704 771 1910 
9722 1226 1227 1224 1153 
9723 1070 957 827 194 
9724 164 1067 567 1031 
9725 944 865 866 1987 
9726 953 1065 201 1047 
9727 1816 1886 1363 1930 
9728 1693 1433 1952 2034 
9729 1042 532 141 1067 
9730 916 882 895 1802 
9731 1352 1806 1904 1919 
9732 264 1220 1210 1952 
9733 1418 1766 1651 2024 
9734 1127 260 901 933 
9735 761 828 1752 2058 
9736 946 961 890 1133 
9737 1053 1079 1002 2013 
9738 604 607 606 1747 
9739 690 641 561 1653 
9740 378 406 415 2040 
9741 396 370 361 1833 
9742 232 1685 1795 1951 
9743 7 6 627 1880 
9744 210 1021 1088 1767 
9745 562 629 145 2053 
9746 1081 1040 997 1785 
9747 1395 1847 1694 1999 
9748 1146 1159 1160 1608 
9749 457 551 534 1949 
9750 455 123 956 825 
9751 648 678 680 1811 
9752 93 345 646 696 
9753 791 742 790 2060 
9754 792 802 1068 193 
9755 715 808 793 1968 
9756 438 344 423 1968 
9757 600 567 601 2002 
9758 153 566 697 717 
9759 133 957 907 456 
9760 1060 1062 991 2037 
9761 820 828 829 1752 
9762 1328 1613 1560 1758 
9763 927 248 928 1795 
9764 1050 1850 1022 1993 
9765 1605 1896 1317 2004 
9766 492 481 528 1936 
9767 435 533 85 543 
9768 434 424 111 805 
9769 486 497 461 1955 
9770 545 534 92 1949 
9771 92 422 433 1949 
9772 201 819 953 1047 
9773 726 727 728 1778 
9774 1159 1162 1161 1608 
9775 390 366 377 1905 
9776 562 145 448 2053 
9777 532 542 141 1067 
9778 745 764 796 1718 
9779 963 208 23 1913 
9780 1035 1003 987 1885 
9781 784 769 785 2052 
9782 1015 987 1053 2013 
9783 1231 1168 1237 1635 
9784 1146 1160 230 1531 
9785 706 790 761 1752 
9786 345 422 440 1949 
9787 920 879 882 1971 
9788 381 366 390 1905 
9789 1004 1044 984 1765 
9790 1070 827 1040 194 
9791 988 1050 1023 1993 
9792 21 1102 206 1093 
9793 1105 1110 22 207 
9794 1347 1892 2010 2019 
9795 69 70 658 584 
9796 22 208 1039 1913 
9797 517 448 145 2053 
9798 372 363 367 1815 
9799 725 726 782 1803 
9800 997 134 535 1070 
9801 186 1071 998 795 
9802 520 443 538 1726 
9803 979 989 981 1823 
9804 423 432 104 1968 
9805 803 793 104 1968 
9806 799 759 746 1994 
9807 1541 1657 1363 1896 
9808 1151 234 1824 2034 
9809 696 646 565 1949 
9810 265 1210 1208 1693 
9811 1151 1824 1210 1952 
9812 1226 1225 1228 2062 
9813 1027 1028 1024 1819 
9814 504 507 485 1835 
9815 75 328 84 1672 
9816 410 431 333 1726 
9817 981 1079 21 2018 
9818 1211 1758 1613 1824 
9819 1213 1218 1560 1929 
9820 721 746 719 1762 
9821 480 471 506 1927 
9822 958 935 826 1968 
9823 406 378 352 2040 
9824 928 916 927 1795 
9825 325 66 2 580 
9826 760 747 736 1879 
9827 870 909 251 868 
9828 395 413 400 1813 
9829 1115 1107 1108 224 
9830 1098 213 1092 1090 
9831 1170 1156 1179 1703 
9832 544 535 134 1070 
9833 1071 186 804 795 
9834 234 235 1824 1855 
9835 665 623 599 1801 
9836 269 34 35 1239 
9837 1091 1089 1116 215 
9838 220 1106 1099 1109 
9839 1036 1013 986 2031 
9840 442 541 547 1620 
9841 224 1108 1115 1121 
9842 1091 1116 1120 215 
9843 1099 1104 220 1109 
9844 1103 213 1092 1098 
9845 232 233 1147 2034 
9846 544 1070 957 1785 
9847 1078 1001 980 1964 
9848 1232 1231 1170 1168 
9849 499 539 486 1749 
9850 1118 227 1119 1125 
9851 228 1118 1122 1124 
9852 1220 1152 1151 1952 
9853 988 1029 1050 1993 
9854 1219 1222 1156 1216 
9855 512 446 531 1861 
9856 425 86 533 1996 
9857 429 440 340 1869 
9858 7 627 628 1880 
9859 576 74 72 324 
9860 952 872 871 1909 
9861 110 342 712 2041 
9862 1149 235 1758 1824 
9863 759 799 810 1994 
9864 1123 1118 228 1124 
9865 227 1118 1123 1125 
9866 825 455 124 2042 
9867 876 1188 919 843 
9868 545 92 433 1949 
9869 518 539 450 1867 
9870 725 723 724 1922 
9871 1693 1824 1352 2034 
9872 586 68 67 583 
9873 553 652 654 1910 
9874 942 859 864 1912 
9875 1038 205 21 2018 
9876 1080 1034 998 1836 
9877 1045 972 976 2047 
9878 463 474 465 2003 
9879 23 1108 1121 208 
9880 1120 1091 20 205 
9881 682 683 595 1796 
9882 506 471 470 1927 
9883 1150 236 1148 1929 
9884 474 476 475 1902 
9885 1170 1231 1232 267 
9886 715 826 176 2058 
9887 907 957 827 1785 
9888 704 785 771 1910 
9889 531 492 512 2046 
9890 1161 1145 1180 1979 
9891 659 641 637 1917 
9892 917 865 815 1987 
9893 955 1071 804 1926 
9894 452 551 536 1869 
9895 432 803 104 1968 
9896 1150 1213 1758 1929 
9897 1210 1151 1220 1824 
9898 84 70 83 1898 
9899 1136 236 252 1820 
9900 565 143 457 2044 
9901 1216 1170 1172 263 
9902 723 734 757 1972 
9903 459 460 447 1998 
9904 451 533 86 1996 
9905 1154 1520 1148 2019 
9906 1071 1041 998 1926 
9907 8 7 79 2055 
9908 4 5 648 591 
9909 966 1051 1057 1867 
9910 464 463 465 2003 
9911 377 388 431 1876 
9912 503 143 651 2044 
9913 74 7 667 2055 
9914 581 73 61 578 
9915 106 107 411 780 
9916 359 368 399 1825 
9917 1041 1014 1080 1744 
9918 620 670 661 2006 
9919 576 666 578 323 
9920 869 866 868 1820 
9921 74 79 7 2055 
9922 1226 264 1152 1153 
9923 1236 1230 1233 1846 
9924 253 252 1185 867 
9925 629 562 630 2053 
9926 1541 1985 1363 2063 
9927 822 911 941 1861 
9928 1225 1789 1228 2062 
9929 856 857 855 256 
9930 517 495 448 2053 
9931 501 914 124 2042 
9932 1177 264 1226 1153 
9933 451 86 343 1996 
9934 576 74 324 666 
9935 1224 264 1226 1177 
9936 259 258 1189 847 
9937 324 585 576 666 
9938 961 943 890 1661 
9939 1363 1657 1541 2063 
9940 246 930 885 886 
9941 1125 214 1092 1103 
9942 1104 1124 223 1109 
9943 410 88 87 520 
9944 1149 234 235 1824 
9945 437 431 388 1876 
9946 412 356 355 1863 
9947 426 441 394 1821 
9948 245 931 886 888 
9949 342 426 409 1772 
9950 779 796 712 1772 
9951 590 592 594 1940 
9952 1022 1021 983 1850 
9953 795 713 809 1836 
9954 945 917 821 1918 
9955 425 343 86 1996 
9956 501 455 502 2042 
9957 109 110 342 712 
9958 90 91 452 340 
9959 450 140 139 966 
9960 978 1017 1049 1763 
9961 1082 1058 994 1788 
9962 844 846 847 1189 
9963 667 609 617 2055 
9964 4 648 647 591 
9965 70 5 321 658 
9966 691 625 564 2015 
9967 773 160 159 663 
9968 248 249 1131 927 
9969 1214 1155 1149 1221 
9970 237 1154 1148 2019 
9971 633 631 643 1984 
9972 794 424 110 2041 
9973 176 828 761 2058 
9974 553 157 158 704 
9975 1139 29 888 890 
9976 1092 214 24 1103 
9977 223 26 1104 1109 
9978 455 501 124 2042 
9979 159 158 771 652 
9980 237 238 1154 2019 
9981 426 394 375 1821 
9982 794 110 712 2041 
9983 110 424 342 2041 
9984 768 878 181 182 
9985 556 160 161 707 
9986 920 881 879 1971 
9987 538 494 496 2027 
9988 664 605 606 1989 
9989 709 182 183 816 
9990 586 68 4 321 
9991 838 837 1206 836 
9992 321 5 591 658 
9993 646 692 644 1858 
9994 804 795 716 1926 
9995 1204 849 925 932 
9996 653 596 592 1920 
9997 745 739 767 1960 
9998 591 586 321 658 
9999 180 705 895 181 
10000 666 667 617 2055 
10001 529 128 127 812 
10002 813 789 180 179 
10003 1227 1175 1153 1181 
10004 1154 1892 1520 2019 
10005 911 126 127 512 
10006 446 126 125 822 
10007 156 157 645 777 
10008 866 252 868 1820 
10009 4 591 586 321 
10010 179 915 772 178 
10011 1009 1075 1047 1870 
10012 362 358 404 1932 
10013 666 74 667 2055 
10014 1228 1225 34 1789 
10015 252 253 1136 866 
10016 1013 1077 1014 2031 
10017 320 658 586 582 
10018 145 144 562 448 
10019 1014 1041 1084 1744 
10020 708 156 155 560 
10021 143 565 651 2044 
10022 753 743 756 1961 
10023 498 497 486 1955 
10024 700 566 568 1966 
10025 101 100 338 557 
10026 897 899 898 2014 
10027 1151 1824 1952 2034 
10028 245 246 1134 886 
10029 124 123 455 825 
10030 1002 1015 1053 2013 
10031 1132 255 858 861 
10032 503 457 143 2044 
10033 835 250 834 833 
10034 256 257 855 852 
10035 38 1233 1230 1846 
10036 566 153 154 717 
10037 1352 1693 1613 1824 
10038 517 145 146 629 
10039 503 504 457 2044 
10040 776 748 785 1939 
10041 176 826 828 2058 
10042 1222 1148 1156 1520 
10043 242 1143 241 1969 
10044 1178 1164 1238 1229 
10045 444 146 147 552 
10046 1179 1520 1154 1892 
10047 715 175 176 826 
10048 1165 1378 1164 1635 
10049 1069 1046 1026 1809 
10050 178 177 820 706 
10051 558 150 149 447 
10052 1150 1155 1214 1929 
10053 148 149 513 673 
10054 781 189 969 188 
10055 521 137 136 968 
10056 99 100 656 407 
10057 623 689 599 1801 
10058 147 148 511 681 
10059 962 1038 975 1834 
10060 685 621 700 1853 
10061 715 176 761 2058 
10062 930 841 1186 912 
10063 218 219 1107 1096 
10064 217 216 1114 1090 
10065 81 78 326 1798 
10066 96 95 337 561 
10067 818 130 131 449 
10068 578 61 62 322 
10069 887 893 924 2022 
10070 1565 2010 1892 2019 
10071 944 869 872 1909 
10072 1113 225 226 1106 
10073 1097 212 1089 211 
10074 651 565 643 2044 
10075 765 183 184 908 
10076 268 267 1231 262 
10077 628 627 654 1880 
10078 761 762 715 2058 
10079 192 191 967 710 
10080 817 120 119 336 
10081 994 1058 1056 1788 
10082 867 868 252 848 
10083 898 899 900 2014 
10084 527 528 515 2038 
10085 143 142 565 457 
10086 339 114 115 821 
10087 161 162 603 718 
10088 1151 233 234 2034 
10089 393 102 101 618 
10090 345 94 93 646 
10091 124 914 825 2042 
10092 905 950 926 1727 
10093 901 910 961 1963 
10094 651 144 143 503 
10095 798 806 703 1787 
10096 627 6 7 585 
10097 1218 1842 1560 1929 
10098 869 944 866 1820 
10099 344 121 122 935 
10100 166 1020 563 167 
10101 132 133 907 456 
10102 851 926 950 1727 
10103 922 1207 876 843 
10104 555 97 98 401 
10105 984 1003 1004 1765 
10106 1040 1070 997 1785 
10107 456 535 544 1785 
10108 1222 1520 1218 1929 
10109 477 492 531 2046 
10110 1148 1179 1156 1520 
10111 173 564 174 1030 
10112 828 826 934 2058 
10113 862 861 863 254 
10114 545 433 696 1949 
10115 64 63 579 325 
10116 1178 1164 1162 1238 
10117 113 112 937 347 
10118 872 869 871 1909 
10119 912 1182 845 836 
10120 1210 1693 265 1952 
10121 701 661 670 2006 
10122 438 427 392 1946 
10123 921 128 129 445 
10124 803 432 958 1968 
10125 185 184 936 716 
10126 154 155 568 763 
10127 1181 1158 1153 1570 
10128 418 371 405 1934 
10129 1560 1758 1213 1929 
10130 671 714 162 163 
10131 38 1233 1846 2004 
10132 946 890 29 1133 
10133 925 1191 840 844 
10134 171 172 1024 559 
10135 1146 1158 1181 1570 
10136 264 1152 1220 1952 
10137 246 885 884 886 
10138 963 970 972 1900 
10139 828 761 177 176 
10140 102 103 672 346 
10141 1031 567 164 165 
10142 1143 1164 1165 1378 
10143 985 972 1045 2047 
10144 1199 877 919 843 
10145 1050 1021 1022 1850 
10146 208 963 1039 1913 
10147 419 117 118 872 
10148 1164 1163 1162 1978 
10149 1226 1224 1177 1153 
10150 919 858 856 255 
10151 905 906 818 1992 
10152 679 151 150 458 
10153 125 124 501 914 
10154 487 541 500 1942 
10155 214 1125 24 1103 
10156 223 26 1124 1104 
10157 1231 1232 1237 1168 
10158 374 392 427 1946 
10159 195 1040 827 194 
10160 583 580 660 1793 
10161 1055 1026 1046 1809 
10162 204 203 1041 824 
10163 744 753 797 2065 
10164 222 1123 1095 221 
10165 779 109 108 409 
10166 1098 212 213 1090 
10167 1115 1107 224 225 
10168 581 668 660 1793 
10169 532 141 140 1042 
10170 1191 1189 1192 844 
10171 994 622 167 168 
10172 319 67 66 582 
10173 590 68 4 586 
10174 1056 1011 1020 1954 
10175 747 760 801 1879 
10176 901 897 910 1963 
10177 684 152 151 454 
10178 627 7 628 585 
10179 1122 1111 27 1124 
10180 1125 25 1119 1094 
10181 1089 1116 215 216 
10182 219 1106 1099 220 
10183 398 115 116 917 
10184 1210 1212 1211 1824 
10185 845 248 929 928 
10186 170 988 169 616 
10187 1520 1892 1347 2019 
10188 1155 1148 1222 1929 
10189 7 8 11 1880 
10190 11 6 7 1880 
10191 586 67 320 582 
10192 625 624 564 2015 
10193 913 114 113 395 
10194 197 196 1048 823 
10195 637 641 639 1917 
10196 1201 841 930 931 
10197 1148 1154 1179 1520 
10198 918 860 862 2054 
10199 925 931 1184 932 
10200 214 1094 1125 1092 
10201 1124 1111 223 1109 
10202 519 89 90 408 
10203 846 842 1192 844 
10204 190 1054 191 778 
10205 542 698 17 1067 
10206 1222 1156 1155 1219 
10207 958 803 15 432 
10208 433 696 12 545 
10209 697 434 14 805 
10210 13 956 435 543 
10211 247 246 1186 930 
10212 1149 1150 1212 1758 
10213 1212 1758 1211 1824 
10214 34 1235 1228 1789 
10215 321 68 70 658 
10216 695 802 18 1068 
10217 260 29 1133 946 
10218 576 72 74 323 
10219 586 67 68 320 
10220 580 581 660 1793 
10221 205 962 20 2025 
10222 264 265 1226 1952 
10223 839 1194 843 842 
10224 1163 1145 1162 1979 
10225 200 1000 894 199 
10226 945 918 862 2054 
10227 886 887 245 888 
10228 954 874 935 1967 
10229 792 193 1037 192 
10230 597 600 601 2002 
10231 1218 1520 1842 1929 
10232 837 848 1187 835 
10233 265 264 1210 1952 
10234 1185 922 867 848 
10235 1077 1013 1036 2031 
10236 1123 1118 227 228 
10237 1232 39 1168 1174 
10238 1185 876 1198 867 
10239 839 922 1195 837 
10240 65 69 57 319 
10241 71 62 60 322 
10242 99 98 335 655 
10243 106 105 711 341 
10244 1191 1193 1197 840 
10245 320 69 658 582 
10246 845 834 249 927 
10247 1222 1148 1520 1929 
10248 674 675 642 2050 
10249 321 586 68 658 
10250 955 1071 19 804 
10251 957 544 16 1070 
10252 819 201 202 1047 
10253 197 1066 198 896 
10254 1153 1152 1226 1952 
10255 909 1142 250 833 
10256 271 1234 1159 1171 
10257 713 188 1034 187 
10258 136 135 453 1033 
10259 658 70 69 320 
10260 1207 922 839 843 
10261 965 902 196 195 
10262 423 104 105 793 
10263 91 92 534 422 
10264 794 111 110 424 
10265 930 886 1201 931 
10266 533 85 86 425 
10267 936 824 955 1926 
10268 1161 1162 1145 1979 
10269 887 889 893 2022 
10270 876 863 253 867 
10271 825 914 960 2042 
10272 246 247 1137 885 
10273 1185 1198 876 922 
10274 1094 1125 25 214 
10275 1111 223 27 1124 
10276 591 590 4 586 
10277 319 65 69 582 
10278 888 245 29 1139 
10279 1203 912 845 929 
10280 254 255 1132 861 
10281 1140 868 251 252 
10282 1173 1177 1152 1217 
10283 251 909 1142 250 
10284 666 576 74 323 
10285 5 70 650 658 
10286 861 919 876 254 
10287 258 259 1130 851 
10288 909 251 848 835 
10289 1220 1151 1173 1824 
10290 135 134 535 997 
10291 186 998 187 795 
10292 929 247 930 885 
10293 925 840 1197 841 
10294 86 87 451 343 
10295 1199 877 856 919 
10296 931 841 925 1184 
10297 1170 1157 1168 1635 
10298 538 546 494 2027 
10299 847 844 1190 849 
10300 658 68 70 320 
10301 1148 1156 1155 1222 
10302 402 118 119 952 
10303 6 627 574 585 
10304 264 1177 1152 1153 
10305 944 815 865 1987 
10306 1149 1150 1155 1214 
10307 1193 1195 1196 838 
10308 67 586 583 582 
10309 1162 271 1159 1171 
10310 255 919 858 861 
10311 1224 1227 1175 1153 
10312 667 628 7 585 
10313 433 422 345 1949 
10314 1222 1218 1213 1929 
10315 534 545 457 1949 
10316 852 877 856 256 
10317 1238 1162 1178 271 
10318 249 248 1182 845 
10319 590 4 647 591 
10320 581 666 73 578 
10321 38 269 1233 2004 
10322 715 793 803 1968 
10323 423 344 432 1968 
10324 863 861 876 254 
10325 1183 846 852 877 
10326 108 107 703 332 
10327 658 586 68 320 
10328 71 576 578 323 
10329 1151 1952 1147 2034 
10330 317 2 1 1793 
10331 650 591 5 658 
10332 578 666 73 323 
10333 89 88 333 443 
10334 576 71 578 577 
10335 832 249 834 927 
10336 334 116 117 815 
10337 439 343 425 1996 
10338 993 693 165 166 
10339 257 256 1183 852 
10340 1079 1038 21 2018 
10341 1206 837 1187 836 
10342 451 548 533 1996 
10343 170 171 1028 694 
10344 1152 264 1220 1217 
10345 856 855 852 256 
10346 909 251 868 848 
10347 690 96 97 403 
10348 836 1182 845 834 
10349 584 658 69 582 
10350 1195 1194 1207 839 
10351 876 1185 922 867 
10352 542 17 141 1067 
10353 61 73 59 322 
10354 58 67 66 319 
10355 132 131 505 948 
10356 692 94 95 348 
10357 839 1193 840 838 
10358 1184 932 245 29 
10359 578 73 61 322 
10360 1001 1078 1052 1964 
10361 554 168 1023 169 
10362 1175 1234 1159 1181 
10363 877 1183 846 842 
10364 846 852 850 1200 
10365 932 1184 245 931 
10366 139 138 518 1057 
10367 835 1187 837 836 
10368 712 811 794 2041 
10369 441 342 424 2041 
10370 803 104 15 432 
10371 12 92 433 545 
10372 434 111 14 805 
10373 85 13 435 543 
10374 247 929 920 885 
10375 248 845 927 928 
10376 250 835 909 833 
10377 838 1197 840 841 
10378 840 1192 842 844 
10379 257 854 855 852 
10380 1105 22 1110 218 
10381 666 74 73 323 
10382 576 71 72 323 
10383 1124 26 222 1104 
10384 221 24 1125 1103 
10385 1152 1147 1151 1952 
10386 248 249 927 845 
10387 252 253 866 867 
10388 508 130 129 951 
10389 1195 1187 1206 837 
10390 1191 925 1197 1184 
10391 211 1102 21 1093 
10392 1182 836 1202 834 
10393 258 926 850 851 
10394 253 254 1129 863 
10395 5 648 591 650 
10396 1193 842 839 840 
10397 834 1182 845 249 
10398 922 1205 837 848 
10399 888 245 931 932 
10400 834 1202 1182 249 
10401 846 258 847 1200 
10402 1068 802 18 193 
10403 1067 698 17 164 
10404 852 257 850 1200 
10405 1191 925 1184 1204 
10406 217 1119 25 1094 
10407 956 112 13 435 
10408 19 185 955 804 
10409 23 1108 224 1121 
10410 1120 20 1091 215 
10411 698 17 152 542 
10412 15 175 803 958 
10413 695 18 802 163 
10414 696 142 12 545 
10415 14 103 434 697 
10416 954 121 120 391 
10417 847 850 258 846 
10418 1122 27 1111 226 
10419 62 71 578 322 
10420 255 254 1188 919 
10421 868 866 867 252 
10422 958 15 122 432 
10423 840 1193 1192 1191 
10424 172 691 173 992 
10425 257 850 854 852 
10426 134 16 544 1070 
10427 19 1071 186 804 
10428 1156 1170 1172 1216 
10429 1193 839 1195 838 
10430 251 250 1187 835 
10431 1212 1173 1149 1824 
10432 544 16 133 957 
10433 696 12 93 433 
10434 863 253 867 866 
10435 956 13 123 543 
10436 1155 1150 1148 1929 
10437 174 695 18 1068 
10438 933 849 847 259 
10439 840 1193 1197 838 
10440 697 14 153 805 
10441 841 838 1196 912 
10442 1186 1203 247 929 
10443 247 930 1186 929 
10444 838 1196 912 836 
10445 1165 1168 1157 1635 
10446 953 1065 200 201 
10447 1157 1179 1144 1892 
10448 850 258 846 1200 
10449 1032 199 198 814 
10450 844 925 1191 849 
10451 228 1122 27 1124 
10452 25 1119 227 1125 
10453 1212 1149 1173 1221 
10454 1229 1168 1164 1237 
10455 1152 1173 1220 1151 
10456 233 1151 1147 2034 
10457 1187 1206 836 1202 
10458 837 1195 839 838 
10459 260 849 946 933 
10460 73 77 78 1793 
10461 1 77 73 1793 
10462 1239 1235 34 1789 
10463 1192 840 1191 844 
10464 213 1092 24 1103 
10465 220 1104 26 1109 
10466 849 1190 847 259 
10467 847 844 1189 1190 
10468 836 835 1187 1202 
10469 888 29 932 890 
10470 36 37 1224 1175 
10471 843 1194 877 842 
10472 1187 1195 1205 837 
10473 249 250 834 1202 
10474 1238 1178 1229 271 
10475 886 246 930 1201 
10476 888 29 245 932 
10477 203 964 949 202 
10478 1193 1192 1194 842 
10479 1197 1196 1186 841 
10480 838 1206 1195 1196 
10481 1186 1196 1203 912 
10482 933 847 851 259 
10483 933 1127 260 259 
10484 849 260 1190 259 
10485 36 1171 39 1175 
10486 247 248 929 1203 
10487 254 253 1198 876 
10488 1189 844 1191 1190 
10489 838 1193 1197 1196 
10490 1199 919 255 1188 
10491 1220 1173 1152 1217 
10492 1207 876 1198 922 
10493 16 957 1070 194 
10494 204 1071 19 955 
10495 252 868 251 848 
10496 1201 931 245 1184 
10497 842 1194 1183 1192 
10498 1204 1184 29 932 
10499 255 256 856 1199 
10500 1153 1147 1152 1952 
10501 909 251 835 250 
10502 442 138 137 1086 
10503 246 247 885 930 
10504 258 850 847 851 
10505 253 1185 1198 867 
10506 946 901 260 933 
10507 190 702 189 1087 
10508 248 1203 845 929 
10509 1212 1149 1758 1824 
10510 932 1204 849 946 
10511 1190 1189 847 259 
10512 253 1198 876 867 
10513 1185 1195 1207 922 
10514 252 1185 867 848 
10515 1149 1151 234 1824 
10516 856 1199 919 255 
10517 246 1186 930 1201 
10518 1182 912 1196 836 
10519 1196 1186 841 912 
10520 1168 1170 1232 1174 
10521 877 852 1183 256 
10522 840 1191 925 1197 
10523 318 2 66 580 
10524 835 250 1202 834 
10525 837 1206 1195 838 
10526 36 1171 1234 39 
10527 890 29 932 946 
10528 254 255 861 919 
10529 39 1168 1178 1229 
10530 877 1199 1183 1194 
10531 919 1188 876 254 
10532 931 1201 841 1184 
10533 922 1205 1195 837 
10534 1199 1188 1194 843 
10535 1183 877 1194 842 
10536 1185 252 1205 848 
10537 1203 912 1182 845 
10538 841 1197 925 1184 
10539 1187 848 251 835 
10540 1200 258 847 1189 
10541 1185 922 1205 1195 
10542 1174 1170 1232 267 
10543 252 251 1205 848 
10544 1150 1149 235 1758 
10545 1197 841 1201 1184 
10546 270 1234 36 1227 
10547 1175 1159 1234 1171 
10548 1188 1199 919 843 
10549 257 258 850 1200 
10550 856 877 1199 256 
10551 925 1191 849 1204 
10552 852 846 1183 1200 
10553 1179 1154 1144 1892 
10554 877 1183 1199 256 
10555 1200 847 846 1189 
10556 1188 876 1207 843 
10557 1196 1197 838 841 
10558 1183 846 842 1192 
10559 1194 877 1199 843 
10560 39 271 1229 1178 
10561 1186 841 930 1201 
10562 63 3 64 579 
10563 1191 1190 849 1204 
10564 1194 1188 1207 843 
10565 842 839 1194 1193 
10566 1196 1203 912 1182 
10567 844 1192 846 1189 
10568 36 1171 1175 1234 
10569 931 886 1201 245 
10570 245 246 886 1201 
10571 1190 844 1191 849 
10572 32 264 1224 1177 
10573 1168 39 1232 1229 
10574 253 254 863 876 
10575 1193 1192 842 840 
10576 1192 1200 846 1189 
10577 1183 257 852 1200 
10578 841 1186 1197 1201 
10579 258 259 851 847 
10580 250 1187 835 1202 
10581 839 922 1207 1195 
10582 260 849 1204 946 
10583 1198 1188 876 1207 
10584 1173 1151 1149 1824 
10585 845 1182 1203 248 
10586 1194 1207 839 843 
10587 846 1183 1200 1192 
10588 65 58 66 319 
10589 59 62 61 322 
10590 925 1184 1204 932 
10591 260 849 933 259 
10592 1205 837 848 1187 
10593 1182 1196 1206 836 
10594 848 251 1205 1187 
10595 271 39 1234 1171 
10596 1196 838 1206 836 
10597 264 1152 1177 1217 
10598 876 1188 1198 254 
10599 922 1185 1205 848 
10600 1221 33 1173 1217 
10601 267 263 266 1174 
10602 1164 1178 1168 1229 
10603 1227 1234 36 1175 
10604 1198 1185 1207 922 
10605 271 39 1171 1178 
10606 1156 1172 1219 1216 
10607 1155 1214 1222 1219 
10608 264 32 1217 1177 
10609 1229 1232 1168 1237 
10610 34 270 1228 1235 
10611 263 1216 1219 1172 
10612 271 1162 1178 1171 
10613 73 71 578 323 
10614 267 266 1232 1174 
10615 1206 1182 836 1202 
10616 1190 260 849 1204 
10617 578 71 73 322 
10618 585 6 7 324 
10619 1219 1214 1221 1155 
10620 319 69 67 582 
10621 67 69 320 582 
10622 33 263 1219 1172 
10623 1220 1212 1173 1221 
10624 4 5 591 321 
10625 1221 1219 1155 33 
10626 32 1224 37 1177 
10627 1220 1217 1221 1173 
10628 36 1224 1227 1175 
10629 266 1232 1174 39 
10630 58 57 319 65 
10631 60 59 322 62 
10632 33 37 1177 32 
10633 58 67 1 318 
10634 61 62 325 580 
10635 67 1 318 1793 
10636 2064 1769 1540 1332 
10637 2064 1540 1769 1370 
10638 2034 1904 1851 1517 
10639 1319 1851 1904 1517 
10640 1769 2064 1436 1332 
10641 1436 2064 1769 1551 
10642 1981 1938 1560 1328 
10643 1981 1560 1938 1307 
10644 1715 1903 1707 1422 
10645 1707 1903 1715 1303 
10646 1768 1810 1680 1413 
10647 1680 1810 1768 1323 
10648 1811 9 1527 10 
10649 1811 1527 9 1680 
10650 2054 959 821 918 
10651 2054 1813 821 959 
10652 2054 821 1813 1414 
10653 1667 420 1815 1475 
10654 1667 1815 420 421 
10655 1763 22 207 978 
10656 1763 207 22 1437 
10657 1911 1377 1323 1513 
10658 1911 1323 1377 1607 
10659 2016 1320 1822 1585 
10660 2016 1822 1320 1700 
10661 1101 1121 1096 1105 
10662 1101 1096 1121 1112 
10663 1102 1112 209 1120 
10664 1102 209 1112 1101 
10665 1856 1332 1768 1469 
10666 1856 1768 1332 1507 
10667 1428 1923 1366 1579 
10668 1366 1923 1428 1907 
10669 1096 1117 1099 1115 
10670 1096 1099 1117 1100 
10671 1097 1117 1098 1100 
10672 1097 1098 1117 1116 
10673 1099 1117 1095 1113 
10674 1099 1095 1117 1100 
10675 1098 1117 1095 1100 
10676 1098 1095 1117 1114 
10677 584 3 579 64 
10678 579 3 584 675 
10679 1738 464 1507 467 
10680 1738 1507 464 1483 
10681 1924 1431 1325 1921 
10682 1924 1325 1431 1864 
10683 1992 526 1761 1666 
10684 1992 1761 526 1615 
10685 1873 1838 1702 1381 
10686 1873 1702 1838 1457 
10687 548 1443 1722 502 
10688 1722 1443 548 1996 
10689 251 1142 1492 235 
10690 1492 1142 251 909 
10691 1492 870 251 235 
10692 251 870 1492 909 
10693 1928 1367 1852 1537 
10694 1928 1852 1367 1499 
10695 2040 1374 1729 1587 
10696 2040 1729 1374 1432 
10697 1680 1810 1837 1413 
10698 1837 1810 1680 1442 
10699 1872 1639 2011 1308 
10700 1872 2011 1639 1465 
10701 1937 1461 1920 1622 
10702 1937 1920 1461 1542 
10703 981 1764 1823 996 
10704 1823 1764 981 1431 
10705 1927 1462 506 1689 
10706 1927 506 1462 1753 
10707 1840 1986 2028 1382 
10708 2028 1986 1840 1571 
10709 1906 1681 1405 1555 
10710 1906 1405 1681 1309 
10711 1681 1747 1989 1415 
10712 1989 1747 1681 1398 
10713 1867 1019 518 1620 
10714 1867 518 1019 1057 
10715 1883 1893 1797 1337 
10716 1797 1893 1883 1546 
10717 1797 1427 1883 1337 
10718 1883 1427 1797 1546 
10719 923 1802 1795 916 
10720 1795 1802 923 1420 
10721 1942 498 487 541 
10722 1942 487 498 1637 
10723 1832 1578 1481 1304 
10724 1832 1481 1578 1408 
10725 1787 2065 1633 780 
10726 1633 2065 1787 1434 
10727 1815 1384 373 1625 
10728 1815 373 1384 1584 
10729 1888 1848 1771 1488 
10730 1888 1771 1848 1358 
10731 1939 1943 776 1530 
10732 776 1943 1939 1580 
10733 1957 1518 1634 1303 
10734 1957 1634 1518 1901 
10735 1937 1920 1940 1402 
10736 1937 1940 1920 1542 
10737 1887 1524 76 1525 
10738 1887 76 1524 1448 
10739 1971 878 1687 879 
10740 1971 1687 878 1435 
10741 1867 547 1620 518 
10742 1867 1620 547 1468 
10743 1462 1370 2043 1689 
10744 1462 2043 1370 2026 
10745 1497 1972 734 1642 
10746 734 1972 1497 1879 
10747 734 736 1497 1642 
10748 1497 736 734 1879 
10749 2027 493 496 538 
10750 2027 496 493 1689 
10751 1854 668 617 1571 
10752 1854 617 668 610 
10753 2027 519 536 1467 
10754 2027 536 519 546 
10755 959 2054 864 918 
10756 864 2054 959 1688 
10757 2022 1403 1914 1870 
10758 2022 1914 1403 1476 
10759 1863 354 1426 356 
10760 1863 1426 354 1677 
10761 1587 1426 354 356 
10762 1587 354 1426 1677 
10763 3 577 579 63 
10764 579 577 3 675 
10765 2031 969 1836 1638 
10766 2031 1836 969 1077 
10767 80 72 577 71 
10768 577 72 80 575 
10769 577 81 80 71 
10770 2025 1085 983 1522 
10771 2025 983 1085 20 
10772 1996 400 347 439 
10773 1996 347 400 1443 
10774 1725 823 897 896 
10775 1725 897 823 1460 
10776 1658 1816 1782 1364 
10777 1782 1816 1658 1326 
10778 1804 1536 1334 1684 
10779 1804 1334 1536 1707 
10780 1744 1774 1430 1572 
10781 1430 1774 1744 1403 
10782 2065 798 1961 753 
10783 2065 1961 798 1434 
10784 1728 1914 1660 1369 
10785 1660 1914 1728 1575 
10786 1742 774 741 732 
10787 1742 741 774 1498 
10788 1891 1943 1580 1487 
10789 1580 1943 1891 1390 
10790 1547 1978 1731 1350 
10791 1731 1978 1547 1378 
10792 2025 1085 971 20 
10793 2025 971 1085 1649 
10794 2008 1602 1451 1500 
10795 2008 1451 1602 1729 
10796 1 317 73 59 
10797 73 317 1 1793 
10798 1593 1904 2029 1429 
10799 2029 1904 1593 1517 
10800 1110 207 210 208 
10801 210 207 1110 1105 
10802 1110 210 1121 208 
10803 1121 210 1110 1105 
10804 1110 1121 1108 208 
10805 1108 1121 1110 1105 
10806 206 1093 209 205 
10807 209 1093 206 1102 
10808 1093 1120 209 205 
10809 209 1120 1093 1102 
10810 1093 1091 1120 205 
10811 1120 1091 1093 1102 
10812 1717 508 527 445 
10813 1717 527 508 1666 
10814 382 1909 418 419 
10815 418 1909 382 1817 
10816 1765 1019 1867 1620 
10817 1765 1867 1019 1004 
10818 1511 246 1137 885 
10819 1511 1137 246 230 
10820 1723 1073 1087 1018 
10821 1723 1087 1073 1638 
10822 2002 2033 1796 1598 
10823 1796 2033 2002 1553 
10824 1939 1539 1910 1409 
10825 1939 1910 1539 1686 
10826 1830 1828 1827 1440 
10827 1830 1827 1828 1348 
10828 1624 6 574 11 
10829 1624 574 6 572 
10830 1741 701 2006 1582 
10831 1741 2006 701 688 
10832 2055 73 1571 581 
10833 2055 1571 73 78 
10834 1793 1571 73 581 
10835 1793 73 1571 78 
10836 1987 872 419 1909 
10837 1987 419 872 815 
10838 1842 1843 2009 1446 
10839 2009 1843 1842 1347 
10840 1732 664 7 667 
10841 1732 2055 7 8 
10842 7 2055 1732 667 
10843 817 391 120 336 
10844 120 391 817 954 
10845 1725 1921 1963 1460 
10846 1963 1921 1725 1368 
10847 1984 632 1958 1618 
10848 1984 1958 632 631 
10849 1833 384 386 370 
10850 1833 386 384 1708 
10851 261 2004 1703 1233 
10852 1703 2004 261 1605 
10853 2059 1692 1477 1627 
10854 2059 1477 1692 1751 
10855 1739 1838 1799 1440 
10856 1799 1838 1739 1372 
10857 6 1624 1880 11 
10858 1880 1624 6 627 
10859 1635 1346 1595 1378 
10860 1635 1595 1346 1392 
10861 951 449 1992 508 
10862 1992 449 951 818 
10863 1706 1818 1639 1366 
10864 1639 1818 1706 1466 
10865 2060 743 733 742 
10866 2060 733 743 1455 
10867 2059 256 1627 240 
10868 2059 1627 256 857 
10869 1126 1627 256 240 
10870 1126 256 1627 857 
10871 2030 1600 1614 1441 
10872 2030 1614 1600 1327 
10873 1873 1591 1512 1302 
10874 1512 1591 1873 1463 
10875 1512 1871 1873 1302 
10876 1873 1871 1512 1463 
10877 2055 78 1878 1571 
10878 2055 1878 78 79 
10879 650 1523 1898 84 
10880 1898 1523 650 677 
10881 1898 70 650 84 
10882 650 70 1898 677 
10883 1913 1532 23 1900 
10884 1913 23 1532 1590 
10885 1108 1096 218 1107 
10886 218 1096 1108 1105 
10887 1092 1114 217 1119 
10888 217 1114 1092 1090 
10889 1076 1885 968 1035 
10890 968 1885 1076 1695 
10891 2022 245 1134 887 
10892 2022 1134 245 229 
10893 2034 1319 1904 1352 
10894 2034 1904 1319 1851 
10895 926 258 854 1128 
10896 926 854 258 850 
10897 257 854 258 1128 
10898 257 258 854 850 
10899 2020 1921 2014 1325 
10900 2020 2014 1921 1460 
10901 817 1931 871 873 
10902 871 1931 817 1667 
10903 1097 1091 211 1089 
10904 211 1091 1097 1102 
10905 1109 1113 226 1106 
10906 1109 226 1113 1122 
10907 1878 1983 1504 1314 
10908 1504 1983 1878 1491 
10909 1685 1971 1135 920 
10910 1685 1135 1971 231 
10911 247 1135 1971 920 
10912 247 1971 1135 231 
10913 2058 829 1606 934 
10914 2058 1606 829 1752 
10915 1764 1083 1074 1007 
10916 1764 1074 1083 1698 
10917 1927 2026 1462 1370 
10918 1462 2026 1927 1753 
10919 1502 1963 1127 244 
10920 1502 1127 1963 901 
10921 260 1127 1963 244 
10922 260 1963 1127 901 
10923 575 80 574 72 
10924 575 574 80 1780 
10925 1862 2000 1304 1592 
10926 1304 2000 1862 1832 
10927 1857 2012 1316 1473 
10928 1316 2012 1857 1660 
10929 1830 1887 1982 1318 
10930 1982 1887 1830 1448 
10931 2022 894 1662 889 
10932 2022 1662 894 1628 
10933 1597 894 1662 1628 
10934 698 454 152 684 
10935 152 454 698 542 
10936 1980 2048 1534 1387 
10937 1534 2048 1980 1603 
10938 1884 1683 1556 1337 
10939 1884 1556 1683 1472 
10940 68 583 75 67 
10941 1860 2035 1759 1577 
10942 1759 2035 1860 1454 
10943 241 242 1474 1128 
10944 241 1474 242 1969 
10945 1608 1570 1234 1235 
10946 403 555 97 690 
10947 97 555 403 401 
10948 1763 2049 1554 1437 
10949 1554 2049 1763 1975 
10950 1096 1106 1115 1099 
10951 1096 1115 1106 1107 
10952 1116 1090 216 1089 
10953 216 1090 1116 1114 
10954 1974 603 604 1646 
10955 1974 604 603 556 
10956 1974 718 719 707 
10957 1974 719 718 1646 
10958 956 347 112 435 
10959 112 347 956 937 
10960 857 256 858 1126 
10961 857 858 256 856 
10962 255 858 256 1126 
10963 255 256 858 856 
10964 1951 2034 232 1851 
10965 232 2034 1951 233 
10966 1793 67 1712 583 
10967 1793 1712 67 76 
10968 75 1712 67 583 
10969 75 67 1712 76 
10970 62 579 577 63 
10971 577 579 62 578 
10972 577 71 62 63 
10973 62 71 577 578 
10974 697 346 103 434 
10975 697 103 346 672 
10976 240 241 1645 1138 
10977 240 1645 241 1740 
10978 1982 1696 1382 1457 
10979 1982 1382 1696 1887 
10980 1754 2017 1827 1436 
10981 1827 2017 1754 1469 
10982 234 235 1492 1142 
10983 1492 235 234 1855 
10984 671 802 1623 714 
10985 671 1623 802 695 
10986 1991 2019 1981 1493 
10987 1981 2019 1991 237 
10988 249 1795 832 233 
10989 832 1795 249 927 
10990 1809 1994 1482 1375 
10991 1482 1994 1809 1669 
10992 84 5 1948 10 
10993 1948 5 84 650 
10994 1948 1523 84 10 
10995 84 1523 1948 650 
10996 1998 1911 1607 1442 
10997 1998 1607 1911 1501 
10998 1136 1991 866 237 
10999 866 1991 1136 1820 
11000 1095 1125 221 1123 
11001 1095 221 1125 1103 
11002 1124 1095 222 1123 
11003 1124 222 1095 1104 
11004 988 694 1599 616 
11005 1599 694 988 1028 
11006 1608 1181 1234 1570 
11007 1608 1234 1181 1159 
11008 1941 2024 1665 1338 
11009 1665 2024 1941 1539 
11010 1793 581 2 580 
11011 61 2 581 580 
11012 1926 204 1041 824 
11013 1926 1041 204 1071 
11014 1627 1496 1132 858 
11015 1132 1496 1627 239 
11016 1132 255 1627 858 
11017 1627 255 1132 239 
11018 1662 1661 1139 890 
11019 1662 1139 1661 28 
11020 29 1139 1661 890 
11021 29 1661 1139 28 
11022 1635 1164 1168 1237 
11023 1635 1168 1164 1165 
11024 584 64 65 69 
11025 65 64 584 579 
11026 65 582 584 69 
11027 584 582 65 579 
11028 1070 535 1785 544 
11029 1070 1785 535 997 
11030 795 1071 1926 804 
11031 795 1926 1071 998 
11032 1703 1157 1892 1179 
11033 1703 1892 1157 1635 
11034 37 39 36 266 
11035 37 36 39 1175 
11036 83 82 584 69 
11037 584 70 83 69 
11038 83 70 584 1898 
11039 7 1880 1539 8 
11040 1539 1880 7 628 
11041 1539 1732 7 8 
11042 667 666 7 74 
11043 667 7 666 585 
11044 324 7 666 74 
11045 324 666 7 585 
11046 576 324 6 585 
11047 6 324 576 72 
11048 6 574 576 585 
11049 576 574 6 72 
11050 263 1170 1174 267 
11051 263 1174 1170 1172 
11052 1186 929 912 1203 
11053 912 929 1186 930 
11054 946 1204 29 932 
11055 946 29 1204 260 
11056 1172 266 1174 37 
11057 1172 1174 266 263 
11058 33 32 1172 37 
11059 33 1172 32 263 
11060 32 266 1172 37 
11061 32 1172 266 263 
11062 270 1226 1570 1227 
11063 270 1570 1226 1228 
11064 269 30 1605 35 
11065 269 1605 30 261 
11066 250 249 833 1141 
11067 250 833 249 834 
11068 832 833 249 1141 
11069 832 249 833 834 
11070 248 247 928 1135 
11071 248 928 247 929 
11072 920 928 247 1135 
11073 920 247 928 929 
11074 80 577 1683 81 
11075 1683 577 80 575 
11076 7 664 1539 628 
11077 1539 664 7 1732 
11078 75 583 1542 1712 
11079 587 1542 583 1712 
11080 9 587 590 1542 
11081 590 587 9 68 
11082 75 583 587 1542 
11083 587 583 75 68 
11084 9 75 587 1542 
11085 587 75 9 68 
11086 1940 590 1680 647 
11087 1940 1680 590 9 
11088 590 4 1680 647 
11089 590 1680 4 9 
11090 894 1662 943 1597 
11091 894 943 1662 889 
11092 83 1720 584 82 
11093 83 584 1720 1898 
11094 61 2 1793 581 
11095 1793 2 61 317 
11096 1793 73 61 581 
11097 61 73 1793 317 
11098 4 1680 1811 9 
11099 1811 10 4 9 
11100 1948 5 1811 10 
11101 1948 1811 5 648 
11102 4 1811 5 10 
11103 4 5 1811 648 
11104 1811 647 4 648 
11105 4 647 1811 1680 
3 5 4 134
11106 1211 1210 1208 1241 
11107 1214 1219 1221 1249 
11108 1211 1208 1215 1241 
11109 1241 1211 1210 1244 
11110 1215 1218 1213 1250 
11111 1215 1240 1246 1241 
11112 1211 1212 1210 1244 
11113 1253 1223 275 261 
11114 1246 1245 1211 1241 
11115 1253 1215 1246 1251 
11116 1255 1221 33 1249 
11117 1223 1253 31 261 
11118 1250 1213 1215 1245 
11119 1213 1215 1245 1211 
11120 1221 1219 33 1249 
11121 274 1210 1208 265 
11122 41 1253 275 261 
11123 1251 1218 1215 1250 
11124 1243 1257 1222 1242 
11125 263 33 1219 1256 
11126 263 1219 277 1256 
11127 1209 275 1223 261 
11128 262 275 276 1209 
11129 1243 1222 1219 1242 
11130 1213 1248 1247 1257 
11131 1214 1212 1213 1257 
11132 1209 1222 1218 1252 
11133 1248 1213 1212 1257 
11134 1257 1222 1214 1243 
11135 1215 1240 1253 1246 
11136 1253 41 31 261 
11137 33 43 1254 1255 
11138 1216 263 1219 277 
11139 1215 1246 1251 1250 
11140 262 276 277 1216 
11141 1215 1246 1250 1245 
11142 1215 1253 1223 1251 
11143 1243 1222 1214 1219 
11144 1248 1212 1244 1220 
11145 31 42 41 1253 
11146 1252 1209 1222 1242 
11147 275 262 261 1209 
11148 1241 1210 1208 274 
11149 1213 1222 1214 1247 
11150 1240 1215 1208 1241 
11151 1222 1213 1218 1247 
11152 1223 1218 1215 1251 
11153 262 1216 1209 276 
11154 1245 1212 1213 1211 
11155 1250 1252 1218 1247 
11156 1212 1210 1244 1220 
11157 264 274 1210 273 
11158 32 40 1256 263 
11159 1253 31 1215 1223 
11160 1216 1219 1222 1242 
11161 1245 1213 1212 1248 
11162 1211 1215 1246 1241 
11163 1252 1218 1223 1251 
11164 1247 1214 1213 1257 
11165 262 277 263 1216 
11166 1210 1241 1244 274 
11167 1223 275 1252 1251 
11168 1254 1249 1221 1255 
11169 274 264 1210 265 
11170 1243 1214 1257 1249 
11171 1245 1215 1246 1211 
11172 273 1210 264 1220 
11173 1240 1215 31 1208 
11174 277 1256 40 263 
11175 1248 1245 1213 1247 
11176 1216 1222 1209 1242 
11177 1217 1220 1221 1254 
11178 1252 1222 1218 1247 
11179 1252 1209 1242 276 
11180 1220 1248 1212 1254 
11181 1217 40 32 273 
11182 40 1217 43 1254 
11183 1247 1252 1222 1242 
11184 1247 1222 1214 1257 
11185 273 264 32 1217 
11186 1250 1218 1213 1247 
11187 273 1248 1220 1254 
11188 1211 1245 1212 1248 
11189 1257 1247 1222 1242 
11190 40 33 32 1256 
11191 1209 1218 1223 1252 
11192 1216 1243 1219 1242 
11193 43 33 1254 1217 
11194 1256 33 32 263 
11195 1244 273 1248 1220 
11196 1216 277 1243 1242 
11197 1221 1220 1212 1254 
11198 1252 1218 1251 1250 
11199 31 1215 1240 1253 
11200 1240 42 31 1253 
11201 1212 1214 1221 1257 
11202 1244 1211 1212 1248 
11203 1249 1254 1221 1257 
11204 1245 1250 1213 1247 
11205 1214 1221 1257 1249 
11206 1245 1211 1244 1248 
11207 1249 1243 1214 1219 
11208 1254 1221 33 1255 
11209 30 274 41 1208 
11210 1219 277 1243 1216 
11211 1256 1255 33 1249 
11212 30 31 41 261 
11213 30 265 274 1208 
11214 33 1221 1254 1217 
11215 1242 1209 1216 276 
11216 1223 275 1209 1252 
11217 1217 40 273 1254 
11218 273 1244 1210 1220 
11219 1242 1216 277 276 
11220 275 1223 1253 1251 
11221 41 42 31 1240 
11222 1252 275 1209 276 
11223 33 1256 1249 1219 
11224 274 1244 1210 273 
11225 1245 1211 1241 1244 
11226 1254 1220 273 1217 
11227 1208 41 1240 274 
11228 1241 1208 1240 274 
11229 40 1217 33 43 
11230 264 273 1220 1217 
11231 31 41 1240 1208 
11232 41 31 30 1208 
11233 1255 33 43 1256 
11234 40 43 33 1256 
11235 1217 40 33 32 
11236 1212 1254 1257 1221 
11237 1257 1254 1212 1248 
11238 277 1249 1219 1243 
11239 277 1219 1249 1256 
3 6 4 68
11240 276 262 277 1265 
11241 275 262 276 1264 
11242 273 40 32 1263 
11243 1263 264 32 273 
11244 44 265 282 1261 
11245 44 265 1261 30 
11246 45 264 32 1262 
11247 262 277 1265 263 
11248 275 262 1264 261 
11249 1263 264 1262 32 
11250 262 1265 1258 263 
11251 1264 1259 261 262 
11252 264 274 273 1260 
11253 265 274 264 1260 
11254 265 30 274 1261 
11255 30 274 1261 41 
11256 279 287 1258 286 
11257 285 279 1259 286 
11258 274 283 1260 284 
11259 1261 47 41 274 
11260 280 279 287 1258 
11261 30 47 41 1261 
11262 285 279 278 1259 
11263 274 1261 47 284 
11264 287 1265 1258 286 
11265 1259 1264 285 286 
11266 274 283 273 1260 
11267 277 40 287 263 
11268 287 32 46 280 
11269 285 41 275 261 
11270 265 284 274 1260 
11271 285 47 30 278 
11272 1263 283 46 1262 
11273 1258 1265 262 286 
11274 262 1264 1259 286 
11275 40 32 46 287 
11276 40 32 287 263 
11277 263 32 287 280 
11278 30 41 285 261 
11279 278 30 285 261 
11280 46 32 1263 1262 
11281 30 41 47 285 
11282 280 45 32 46 
11283 278 30 44 47 
11284 1260 264 283 273 
11285 1258 1265 287 263 
11286 1259 285 1264 261 
11287 284 274 1261 265 
11288 286 262 1258 279 
11289 286 1259 262 279 
11290 1263 264 283 1262 
11291 32 46 45 1262 
11292 1264 262 276 286 
11293 1265 276 262 286 
11294 47 30 44 1261 
11295 264 283 281 1260 
11296 284 265 282 1260 
11297 40 46 32 1263 
11298 1265 277 287 263 
11299 263 287 1258 280 
11300 285 1259 278 261 
11301 275 1264 285 261 
11302 281 283 264 1262 
11303 1261 284 265 282 
11304 264 1263 283 273 
11305 282 264 1260 265 
11306 264 45 281 1262 
11307 281 282 264 1260 
3 7 4 99
11308 268 290 289 279 
11309 1259 268 261 262 
11310 1258 267 262 263 
11311 290 278 279 1259 
11312 1224 264 281 1226 
11313 279 280 289 1258 
11314 1226 265 282 1225 
11315 282 1267 1226 1225 
11316 1225 1267 1226 1228 
11317 282 264 1226 281 
11318 281 1266 1224 1269 
11319 1226 281 1224 1269 
11320 30 269 261 278 
11321 266 32 263 280 
11322 44 265 30 1225 
11323 264 32 1224 45 
11324 1227 1224 1266 1269 
11325 1224 1227 1226 1269 
11326 264 282 1226 265 
11327 270 34 1228 1271 
11328 1270 270 36 1227 
11329 292 50 1266 1270 
11330 1226 292 1228 1269 
11331 292 1226 1227 1269 
11332 261 268 278 269 
11333 35 34 48 1225 
11334 1226 292 270 1228 
11335 1226 292 1227 270 
11336 264 45 1224 281 
11337 263 267 266 280 
11338 48 34 35 269 
11339 44 30 35 1225 
11340 1266 292 1270 1269 
11341 50 36 37 1224 
11342 282 44 1225 265 
11343 1227 1266 1270 1269 
11344 50 37 36 266 
11345 282 281 1226 1269 
11346 1224 281 45 1266 
11347 1227 1270 292 1269 
11348 32 1224 45 37 
11349 1269 1267 292 1228 
11350 1266 50 51 1224 
11351 36 1266 1270 1227 
11352 291 278 268 269 
11353 267 280 288 266 
11354 1259 268 278 261 
11355 278 268 290 291 
11356 263 1258 267 280 
11357 50 36 1266 1270 
11358 291 48 49 269 
11359 51 50 288 266 
11360 35 49 48 269 
11361 262 1259 268 279 
11362 1268 44 49 1225 
11363 268 290 1259 278 
11364 1269 1226 1267 1228 
11365 1267 292 1228 1271 
11366 1225 34 1268 1228 
11367 50 37 51 1224 
11368 289 267 280 288 
11369 1268 48 34 1225 
11370 51 45 1266 1224 
11371 50 51 37 266 
11372 1266 36 1224 1227 
11373 268 1259 290 279 
11374 1258 289 267 280 
11375 1228 292 270 1271 
11376 1270 292 270 1227 
11377 35 49 44 1225 
11378 36 50 1266 1224 
11379 1267 282 1226 1269 
11380 1268 1267 1225 1228 
11381 45 51 37 1224 
11382 35 49 30 44 
11383 51 37 32 45 
11384 44 1267 1225 1268 
11385 44 1225 1267 282 
11386 289 268 1258 267 
11387 289 1258 268 279 
11388 262 1258 268 267 
11389 262 268 1258 279 
11390 1225 49 48 35 
11391 1225 48 49 1268 
11392 291 44 30 49 
11393 291 30 44 278 
11394 32 51 266 37 
11395 1267 1271 48 292 
11396 45 288 32 51 
11397 45 32 288 280 
11398 266 32 288 51 
11399 266 288 32 280 
11400 269 30 291 278 
11401 49 269 30 291 
11402 49 30 269 35 
11403 48 1267 1228 1271 
11404 1228 1267 48 1268 
11405 1228 34 48 1271 
11406 48 34 1228 1268 
3 8 4 58
11407 285 294 295 1272 
11408 296 285 295 1272 
11409 294 285 300 1272 
11410 299 1273 1274 298 
11411 1274 300 285 1272 
11412 281 45 293 1262 
11413 1272 52 1273 1274 
11414 281 293 300 1262 
11415 300 293 45 1262 
11416 44 1261 293 300 
11417 46 299 1274 287 
11418 294 285 47 300 
11419 298 1274 299 280 
11420 300 46 299 1274 
11421 300 45 46 1262 
11422 1261 44 47 300 
11423 295 294 285 278 
11424 284 1261 47 300 
11425 44 282 293 1261 
11426 52 294 300 1272 
11427 282 281 293 1260 
11428 293 294 44 300 
11429 45 299 293 300 
11430 46 299 287 280 
11431 293 1260 281 300 
11432 299 45 46 300 
11433 293 1261 282 300 
11434 47 285 294 278 
11435 1274 52 300 1272 
11436 294 47 44 300 
11437 300 283 281 1262 
11438 1274 1273 297 298 
11439 287 299 1274 280 
11440 1261 284 282 300 
11441 1273 1274 297 1272 
11442 1260 283 281 300 
11443 46 283 300 1262 
11444 280 45 46 299 
11445 1260 282 284 300 
11446 284 283 1260 300 
11447 296 278 295 285 
11448 278 44 294 47 
11449 282 1260 293 300 
11450 293 299 52 300 
11451 52 294 293 300 
11452 296 279 285 286 
11453 279 296 285 278 
11454 1274 52 299 300 
11455 1274 299 52 1273 
11456 280 1274 297 298 
11457 287 279 1274 286 
11458 1272 296 1274 297 
11459 1274 279 296 286 
11460 1274 296 279 297 
11461 279 280 1274 297 
11462 279 1274 280 287 
11463 296 1274 285 1272 
11464 296 285 1274 286 
3 9 4 47
11465 1267 48 1268 1276 
11466 1267 44 1276 1268 
11467 296 278 290 295 
11468 294 44 1276 293 
11469 1268 48 49 1276 
11470 45 299 1275 293 
11471 1266 292 1269 1275 
11472 1268 49 44 1276 
11473 50 292 1266 1275 
11474 1276 48 49 294 
11475 1275 1266 45 293 
11476 292 48 1267 1276 
11477 1276 49 44 294 
11478 280 297 289 298 
11479 281 45 1266 293 
11480 278 290 295 291 
11481 282 44 293 1276 
11482 1267 44 282 1276 
11483 293 1275 1266 1269 
11484 293 1266 281 1269 
11485 1276 282 1267 293 
11486 282 281 1269 293 
11487 1276 1275 293 292 
11488 1275 293 292 1269 
11489 293 1267 1276 292 
11490 280 298 289 288 
11491 294 48 49 291 
11492 299 51 50 288 
11493 292 293 1267 1269 
11494 288 45 280 299 
11495 44 291 278 294 
11496 294 1276 52 293 
11497 278 295 294 291 
11498 1275 299 52 293 
11499 293 282 1267 1269 
11500 299 298 280 288 
11501 1275 52 1276 293 
11502 44 291 294 49 
11503 278 290 279 296 
11504 279 289 296 290 
11505 288 45 299 51 
11506 289 279 296 297 
11507 280 279 289 297 
11508 50 1275 51 299 
11509 50 51 1275 1266 
11510 45 51 1275 299 
11511 45 1275 51 1266 
3 10 4 107
11512 1235 1284 1234 272 
11513 1232 1231 1237 1279 
11514 308 1285 1238 309 
11515 1238 1283 1237 1230 
11516 1281 38 54 309 
11517 1239 1281 1235 272 
11518 1284 308 272 309 
11519 1278 54 38 309 
11520 1283 1237 1230 1236 
11521 267 268 1231 53 
11522 272 308 1238 309 
11523 1238 1280 1285 308 
11524 38 1281 272 309 
11525 266 39 36 306 
11526 1229 1279 1232 1237 
11527 1281 1239 38 272 
11528 1239 38 54 1281 
11529 272 1278 38 309 
11530 1238 1283 1229 1237 
11531 266 267 1232 307 
11532 308 272 1238 271 
11533 38 1230 1278 272 
11534 1232 1231 1279 267 
11535 1235 1281 1284 272 
11536 271 39 1229 1280 
11537 1279 1231 53 267 
11538 1232 1280 1279 1229 
11539 272 1281 1284 309 
11540 1236 1231 1233 1277 
11541 1236 1237 1231 1277 
11542 308 1238 1280 271 
11543 1229 1280 1279 1237 
11544 1233 1236 1277 1278 
11545 54 38 1233 1278 
11546 1277 1231 1233 268 
11547 268 1233 302 269 
11548 1239 269 34 303 
11549 1233 1230 1236 1278 
11550 302 1277 1233 268 
11551 39 55 1232 1280 
11552 53 1277 302 268 
11553 1277 53 1231 268 
11554 1280 1283 1279 1237 
11555 1229 1280 1238 271 
11556 1277 1236 1283 1278 
11557 1237 1279 1231 1277 
11558 1230 1233 38 1278 
11559 1236 1230 1283 1278 
11560 1278 1230 1238 272 
11561 53 1279 267 307 
11562 1280 1232 39 1229 
11563 1239 38 269 303 
11564 1281 303 1239 304 
11565 267 1279 1232 307 
11566 1236 1283 1237 1277 
11567 270 301 1234 1235 
11568 303 1239 54 1281 
11569 55 39 306 1282 
11570 301 305 1284 304 
11571 1239 1281 304 1235 
11572 304 1281 1284 1235 
11573 1283 1280 1229 1237 
11574 1283 1279 1237 1277 
11575 1284 1234 301 1235 
11576 55 39 1232 307 
11577 1282 1284 308 1234 
11578 302 1233 54 269 
11579 266 1232 39 307 
11580 303 34 1239 304 
11581 271 1282 308 1234 
11582 304 1284 301 1235 
11583 55 39 307 266 
11584 1282 1284 1234 305 
11585 38 54 1233 269 
11586 34 1239 304 1235 
11587 266 307 55 306 
11588 54 302 269 303 
11589 1279 53 1231 1277 
11590 54 38 1239 303 
11591 1284 1234 305 301 
11592 38 54 269 303 
11593 55 39 266 306 
11594 39 271 1234 1282 
11595 305 1234 306 36 
11596 305 306 1234 1282 
11597 39 306 1234 36 
11598 39 1234 306 1282 
11599 55 308 39 1282 
11600 55 39 308 1280 
11601 271 39 308 1282 
11602 271 308 39 1280 
11603 272 1234 308 1284 
11604 272 308 1234 271 
11605 307 1280 1232 55 
11606 307 1232 1280 1279 
11607 1278 302 1233 54 
11608 1278 1233 302 1277 
11609 1238 309 1278 272 
11610 1278 309 1238 1285 
11611 1278 1238 1283 1285 
11612 1278 1283 1238 1230 
11613 1238 1280 1283 1285 
11614 1238 1283 1280 1229 
11615 36 301 1234 270 
11616 36 1234 301 305 
11617 301 34 1235 270 
11618 301 1235 34 304 
3 11 4 58
11619 268 311 290 291 
11620 301 36 1270 270 
11621 34 301 1271 270 
11622 36 50 266 306 
11623 269 48 34 303 
11624 267 289 316 288 
11625 268 302 311 291 
11626 307 267 316 288 
11627 290 56 311 268 
11628 301 310 314 313 
11629 305 301 314 313 
11630 291 268 302 269 
11631 50 266 306 315 
11632 303 269 48 312 
11633 288 307 267 266 
11634 34 303 312 304 
11635 313 34 312 304 
11636 315 305 36 314 
11637 302 311 56 268 
11638 305 301 313 304 
11639 56 307 267 316 
11640 315 305 306 36 
11641 56 267 289 316 
11642 315 36 50 314 
11643 306 36 50 315 
11644 269 291 48 312 
11645 266 50 288 315 
11646 314 36 50 1270 
11647 48 34 303 312 
11648 48 34 312 313 
11649 312 302 269 311 
11650 316 307 266 315 
11651 311 291 269 312 
11652 266 288 316 315 
11653 56 53 302 268 
11654 56 307 53 267 
11655 48 34 313 1271 
11656 306 266 307 315 
11657 302 312 269 303 
11658 291 302 311 269 
11659 316 307 288 266 
11660 301 270 310 1271 
11661 310 270 301 1270 
11662 270 292 310 1271 
11663 310 292 270 1270 
11664 310 1270 50 292 
11665 310 50 1270 314 
11666 310 1271 48 313 
11667 310 48 1271 292 
11668 268 56 289 290 
11669 267 56 268 53 
11670 267 268 56 289 
11671 301 313 1271 310 
11672 1270 314 301 310 
11673 301 34 313 304 
11674 301 313 34 1271 
11675 36 301 314 305 
11676 36 314 301 1270 
3 12 4 55
11677 1245 1287 1250 1247 
11678 1287 1250 1246 1245 
11679 1288 1287 1245 1247 
11680 1286 1254 43 1255 
11681 1247 1287 1252 1242 
11682 1242 1287 1252 276 
11683 1252 1250 1287 1247 
11684 1246 1288 1245 1241 
11685 1249 1254 1286 1255 
11686 1246 1288 1287 1245 
11687 1247 1286 1287 1242 
11688 1287 1288 1286 1247 
11689 1242 1286 1287 276 
11690 1248 1286 1247 1257 
11691 43 40 1254 1286 
11692 1248 273 1288 1254 
11693 1243 1286 1257 1242 
11694 1240 41 42 1287 
11695 1254 1288 1248 1286 
11696 1254 273 1288 1286 
11697 1288 1246 1240 1241 
11698 1286 1247 1257 1242 
11699 1246 1251 1250 1287 
11700 43 1286 1255 1256 
11701 40 273 1254 1286 
11702 1288 1244 273 1248 
11703 1251 1246 1253 1287 
11704 42 41 1253 1287 
11705 1250 1251 1252 1287 
11706 1248 1254 1286 1257 
11707 1253 1240 42 1287 
11708 1249 1254 1257 1286 
11709 1249 277 1256 1286 
11710 1242 277 1286 276 
11711 1286 1243 277 1242 
11712 1288 1240 1246 1287 
11713 1288 1245 1244 1248 
11714 1288 1245 1241 1244 
11715 40 277 1286 1256 
11716 1256 1286 1255 1249 
11717 1287 275 1252 276 
11718 1241 1240 1288 274 
11719 1240 1253 1246 1287 
11720 1249 277 1286 1243 
11721 1288 1240 41 274 
11722 43 40 1286 1256 
11723 41 1240 1288 1287 
11724 1257 1286 1243 1249 
11725 1288 1244 274 273 
11726 1251 275 1252 1287 
11727 275 1253 41 1287 
11728 1253 275 1251 1287 
11729 1244 1241 1288 274 
11730 1288 1247 1248 1286 
11731 1248 1247 1288 1245 
3 13 4 42
11732 276 1290 1264 286 
11733 1289 276 1265 286 
11734 1264 1287 1290 276 
11735 276 1286 1289 1265 
11736 276 1289 1290 286 
11737 1289 1290 1287 276 
11738 1286 1263 273 1289 
11739 273 1291 1288 1289 
11740 1286 40 1263 1289 
11741 283 274 1291 284 
11742 40 273 1286 1263 
11743 1289 1287 1286 276 
11744 276 277 1286 1265 
11745 1290 1288 41 1291 
11746 277 1289 1286 1265 
11747 287 1289 1265 286 
11748 283 273 1263 1289 
11749 1264 275 1287 276 
11750 273 283 1291 1289 
11751 1286 273 1288 1289 
11752 1290 41 47 1291 
11753 274 47 1291 284 
11754 275 1264 1287 1290 
11755 1291 1288 41 274 
11756 1291 1290 1288 1289 
11757 1264 1290 285 286 
11758 277 287 1289 1265 
11759 40 46 1263 1289 
11760 1291 41 47 274 
11761 46 283 1263 1289 
11762 1287 1288 41 1290 
11763 274 1291 1288 273 
11764 274 283 1291 273 
11765 1290 1287 1288 1289 
11766 46 40 287 1289 
11767 1289 40 287 277 
11768 275 1264 1290 285 
11769 277 40 1286 1289 
11770 1286 1288 1287 1289 
11771 1290 47 41 285 
11772 41 275 1287 1290 
11773 41 275 1290 285 
3 14 4 12
11774 52 1272 1273 1293 
11775 298 1292 1293 1273 
11776 298 1293 299 1273 
11777 1273 299 52 1293 
11778 1272 297 1273 1292 
11779 1292 297 1273 298 
11780 1272 294 295 1292 
11781 296 297 1272 1292 
11782 1272 1293 294 1292 
11783 294 52 1293 1272 
11784 295 296 1272 1292 
11785 1273 1293 1272 1292 
3 15 4 57
11786 1295 1292 311 1294 
11787 1293 1292 1295 1294 
11788 311 295 290 291 
11789 310 50 314 1275 
11790 294 311 295 1292 
11791 294 311 1292 1294 
11792 1292 1293 294 1294 
11793 1295 299 1293 1294 
11794 297 1292 1295 298 
11795 1293 1275 52 1294 
11796 48 310 313 1276 
11797 1294 315 1275 314 
11798 1292 298 1293 1295 
11799 1275 299 315 1294 
11800 299 1275 1293 1294 
11801 298 316 289 288 
11802 315 299 1295 1294 
11803 316 1295 299 298 
11804 48 292 310 1276 
11805 292 50 310 1275 
11806 294 311 1294 312 
11807 298 1293 1295 299 
11808 52 299 1275 1293 
11809 50 1275 315 314 
11810 299 1295 316 315 
11811 1276 294 1294 312 
11812 52 294 1293 1294 
11813 1295 56 297 316 
11814 1292 56 297 1295 
11815 1275 299 50 315 
11816 310 1276 1275 1294 
11817 312 1294 1276 313 
11818 311 56 1292 1295 
11819 295 311 294 291 
11820 1275 310 1294 314 
11821 294 1276 48 312 
11822 298 299 316 288 
11823 294 52 1276 1294 
11824 1275 1276 52 1294 
11825 1294 310 1276 313 
11826 312 1276 48 313 
11827 291 311 294 312 
11828 299 316 288 315 
11829 288 50 299 315 
11830 294 48 291 312 
11831 292 1276 1275 310 
11832 56 296 1292 297 
11833 56 289 297 316 
11834 310 1294 314 313 
11835 289 296 56 297 
11836 289 296 290 56 
11837 295 296 56 290 
11838 56 296 295 1292 
11839 56 311 295 290 
11840 295 311 56 1292 
11841 297 316 298 1295 
11842 298 316 297 289 
3 16 4 14
11843 300 285 1290 1274 
11844 285 1290 47 300 
11845 1289 1274 1290 286 
11846 284 47 1291 300 
11847 1291 47 1290 300 
11848 1274 300 46 1289 
11849 1291 283 300 1289 
11850 1274 285 1290 286 
11851 1274 1290 300 1289 
11852 1290 1291 300 1289 
11853 1289 287 1274 286 
11854 300 283 46 1289 
11855 287 1274 46 1289 
11856 283 284 1291 300 
3 17 4 37
11857 1279 1283 1297 1296 
11858 1280 1283 1285 1296 
11859 1283 1279 1277 1296 
11860 1285 308 1296 309 
11861 1284 1297 1282 308 
11862 1283 1280 1297 1296 
11863 1284 1282 1297 305 
11864 1278 1285 1283 1296 
11865 308 1284 1297 1296 
11866 1296 308 1284 309 
11867 305 1297 1284 1296 
11868 1279 1283 1280 1297 
11869 1278 1283 1277 1296 
11870 308 55 1297 1282 
11871 1284 1281 1296 309 
11872 1296 1278 1285 309 
11873 1296 1281 1284 304 
11874 1296 1284 305 304 
11875 1280 307 1297 55 
11876 1280 307 1279 1297 
11877 1296 1281 54 309 
11878 302 1278 1296 54 
11879 302 1278 1277 1296 
11880 1296 303 1281 304 
11881 308 55 1280 1297 
11882 1297 1282 306 305 
11883 1296 54 1278 309 
11884 54 303 1281 1296 
11885 302 1277 53 1296 
11886 307 53 1279 1297 
11887 1282 306 55 1297 
11888 303 54 302 1296 
11889 306 307 55 1297 
11890 1280 1296 308 1297 
11891 308 1296 1280 1285 
11892 1296 1279 53 1297 
11893 1296 53 1279 1277 
3 18 4 30
11894 316 1299 56 1297 
11895 313 305 1298 314 
11896 1297 315 1298 314 
11897 1297 1299 53 1296 
11898 1296 305 1298 304 
11899 305 1297 1298 314 
11900 305 313 1298 304 
11901 1298 1297 305 1296 
11902 53 56 1299 1297 
11903 312 311 1299 1296 
11904 305 315 1297 314 
11905 313 1296 1298 304 
11906 1299 302 53 1296 
11907 1297 316 1299 1298 
11908 312 303 1296 304 
11909 313 312 1296 304 
11910 315 305 1297 306 
11911 307 56 1297 316 
11912 56 302 1299 311 
11913 1298 312 1296 313 
11914 1299 1298 312 1296 
11915 302 311 312 1296 
11916 311 302 1299 1296 
11917 316 1297 315 1298 
11918 312 303 302 1296 
11919 56 307 1297 53 
11920 1299 1297 1298 1296 
11921 302 56 1299 53 
11922 307 316 1297 315 
11923 1297 306 307 315 
3 19 4 12
11924 1295 311 1299 1294 
11925 316 1295 1299 1298 
11926 1295 316 315 1298 
11927 1294 311 1299 312 
11928 1298 315 1295 1294 
11929 1299 1298 1294 312 
11930 1298 315 1294 314 
11931 56 311 1299 1295 
11932 1295 1299 56 316 
11933 312 1298 1294 313 
11934 314 1294 1298 313 
11935 1298 1295 1299 1294 
$EndElements
